X,Y,fid,cartodb_id,objectid_1,shape_leng,shape_area,area_name,comm_orgs,epic_link,des_year,nys_link,contacts,vertex_index,vertex_part,vertex_part_ring,vertex_part_index,distance,angle,x,y
996887.77578236,208559.554246344,5,5,5,64192.2783649,43575028.3143,North Brooklyn,"Evergreen, WXY, HR&A, Pratt Community Center, Langan, and St. Nicks Alliance",https://a002-epic.nyc.gov/community/areas/3,2019,http://docs.dos.ny.gov/opd/boa/NorthBrooklynBOA.pdf,,0,0,0,0,0.00000000000000,94.81415117395576,996887.776,208559.554
996918.921132024,208556.873849394,5,5,5,64192.2783649,43575028.3143,North Brooklyn,"Evergreen, WXY, HR&A, Pratt Community Center, Langan, and St. Nicks Alliance",https://a002-epic.nyc.gov/community/areas/3,2019,http://docs.dos.ny.gov/opd/boa/NorthBrooklynBOA.pdf,,1,0,0,1,31.26047558076564,92.45935881612982,996918.921,208556.874
996932.92703945,208556.87387119,5,5,5,64192.2783649,43575028.3143,North Brooklyn,"Evergreen, WXY, HR&A, Pratt Community Center, Langan, and St. Nicks Alliance",https://a002-epic.nyc.gov/community/areas/3,2019,http://docs.dos.ny.gov/opd/boa/NorthBrooklynBOA.pdf,,2,0,0,2,45.26638300632310,90.36405915675886,996932.927,208556.874
996943.766936155,208556.736092823,5,5,5,64192.2783649,43575028.3143,North Brooklyn,"Evergreen, WXY, HR&A, Pratt Community Center, Langan, and St. Nicks Alliance",https://a002-epic.nyc.gov/community/areas/3,2019,http://docs.dos.ny.gov/opd/boa/NorthBrooklynBOA.pdf,,3,0,0,3,56.10715527867352,90.39138622580521,996943.767,208556.736
996954.085179051,208556.726266361,5,5,5,64192.2783649,43575028.3143,North Brooklyn,"Evergreen, WXY, HR&A, Pratt Community Center, Langan, and St. Nicks Alliance",https://a002-epic.nyc.gov/community/areas/3,2019,http://docs.dos.ny.gov/opd/boa/NorthBrooklynBOA.pdf,,4,0,0,4,66.42540285373170,96.61925635899270,996954.085,208556.726
996963.622913505,208554.492029894,5,5,5,64192.2783649,43575028.3143,North Brooklyn,"Evergreen, WXY, HR&A, Pratt Community Center, Langan, and St. Nicks Alliance",https://a002-epic.nyc.gov/community/areas/3,2019,http://docs.dos.ny.gov/opd/boa/NorthBrooklynBOA.pdf,,5,0,0,5,76.22133012526582,103.49467477336538,996963.623,208554.492
996989.698714526,208548.084592073,5,5,5,64192.2783649,43575028.3143,North Brooklyn,"Evergreen, WXY, HR&A, Pratt Community Center, Langan, and St. Nicks Alliance",https://a002-epic.nyc.gov/community/areas/3,2019,http://docs.dos.ny.gov/opd/boa/NorthBrooklynBOA.pdf,,6,0,0,6,103.07282278986543,102.39491683424122,996989.699,208548.085
997005.046490309,208545.105614233,5,5,5,64192.2783649,43575028.3143,North Brooklyn,"Evergreen, WXY, HR&A, Pratt Community Center, Langan, and St. Nicks Alliance",https://a002-epic.nyc.gov/community/areas/3,2019,http://docs.dos.ny.gov/opd/boa/NorthBrooklynBOA.pdf,,7,0,0,7,118.70703304978160,100.65807785966692,997005.046,208545.106
997048.527807874,208537.178847014,5,5,5,64192.2783649,43575028.3143,North Brooklyn,"Evergreen, WXY, HR&A, Pratt Community Center, Langan, and St. Nicks Alliance",https://a002-epic.nyc.gov/community/areas/3,2019,http://docs.dos.ny.gov/opd/boa/NorthBrooklynBOA.pdf,,8,0,0,8,162.90498114408575,98.90690040599065,997048.528,208537.179
997070.056030453,208534.351453557,5,5,5,64192.2783649,43575028.3143,North Brooklyn,"Evergreen, WXY, HR&A, Pratt Community Center, Langan, and St. Nicks Alliance",https://a002-epic.nyc.gov/community/areas/3,2019,http://docs.dos.ny.gov/opd/boa/NorthBrooklynBOA.pdf,,9,0,0,9,184.61807675847760,96.68077693201003,997070.056,208534.351
997113.550137863,208529.872519976,5,5,5,64192.2783649,43575028.3143,North Brooklyn,"Evergreen, WXY, HR&A, Pratt Community Center, Langan, and St. Nicks Alliance",https://a002-epic.nyc.gov/community/areas/3,2019,http://docs.dos.ny.gov/opd/boa/NorthBrooklynBOA.pdf,,10,0,0,10,228.34219167722111,96.34658958085124,997113.550,208529.873
997131.916613608,208527.677995422,5,5,5,64192.2783649,43575028.3143,North Brooklyn,"Evergreen, WXY, HR&A, Pratt Community Center, Langan, and St. Nicks Alliance",https://a002-epic.nyc.gov/community/areas/3,2019,http://docs.dos.ny.gov/opd/boa/NorthBrooklynBOA.pdf,,11,0,0,11,246.83930954247083,97.56214611014848,997131.917,208527.678
997172.704030055,208521.720055485,5,5,5,64192.2783649,43575028.3143,North Brooklyn,"Evergreen, WXY, HR&A, Pratt Community Center, Langan, and St. Nicks Alliance",https://a002-epic.nyc.gov/community/areas/3,2019,http://docs.dos.ny.gov/opd/boa/NorthBrooklynBOA.pdf,,12,0,0,12,288.05957626494569,99.08491577987949,997172.704,208521.720
997209.968152844,208515.24373752,5,5,5,64192.2783649,43575028.3143,North Brooklyn,"Evergreen, WXY, HR&A, Pratt Community Center, Langan, and St. Nicks Alliance",https://a002-epic.nyc.gov/community/areas/3,2019,http://docs.dos.ny.gov/opd/boa/NorthBrooklynBOA.pdf,,13,0,0,13,325.88228824609729,101.80633848323906,997209.968,208515.244
997295.729024057,208494.252735775,5,5,5,64192.2783649,43575028.3143,North Brooklyn,"Evergreen, WXY, HR&A, Pratt Community Center, Langan, and St. Nicks Alliance",https://a002-epic.nyc.gov/community/areas/3,2019,http://docs.dos.ny.gov/opd/boa/NorthBrooklynBOA.pdf,,14,0,0,14,414.17469553825163,104.87554446184218,997295.729,208494.253
997312.701802979,208489.386621969,5,5,5,64192.2783649,43575028.3143,North Brooklyn,"Evergreen, WXY, HR&A, Pratt Community Center, Langan, and St. Nicks Alliance",https://a002-epic.nyc.gov/community/areas/3,2019,http://docs.dos.ny.gov/opd/boa/NorthBrooklynBOA.pdf,,15,0,0,15,431.83126054696891,106.43193045889043,997312.702,208489.387
997333.556802553,208483.063821766,5,5,5,64192.2783649,43575028.3143,North Brooklyn,"Evergreen, WXY, HR&A, Pratt Community Center, Langan, and St. Nicks Alliance",https://a002-epic.nyc.gov/community/areas/3,2019,http://docs.dos.ny.gov/opd/boa/NorthBrooklynBOA.pdf,,16,0,0,16,453.62366311390321,105.39458496868342,997333.557,208483.064
997352.753334882,208478.304994871,5,5,5,64192.2783649,43575028.3143,North Brooklyn,"Evergreen, WXY, HR&A, Pratt Community Center, Langan, and St. Nicks Alliance",https://a002-epic.nyc.gov/community/areas/3,2019,http://docs.dos.ny.gov/opd/boa/NorthBrooklynBOA.pdf,,17,0,0,17,473.40125869238477,104.34200178112263,997352.753,208478.305
997369.600456948,208473.866046115,5,5,5,64192.2783649,43575028.3143,North Brooklyn,"Evergreen, WXY, HR&A, Pratt Community Center, Langan, and St. Nicks Alliance",https://a002-epic.nyc.gov/community/areas/3,2019,http://docs.dos.ny.gov/opd/boa/NorthBrooklynBOA.pdf,,18,0,0,18,490.82336499375145,105.02218650455993,997369.600,208473.866
997397.802244433,208466.159727615,5,5,5,64192.2783649,43575028.3143,North Brooklyn,"Evergreen, WXY, HR&A, Pratt Community Center, Langan, and St. Nicks Alliance",https://a002-epic.nyc.gov/community/areas/3,2019,http://docs.dos.ny.gov/opd/boa/NorthBrooklynBOA.pdf,,19,0,0,19,520.05909932983832,105.63411145204888,997397.802,208466.160
997445.13855805,208452.599766222,5,5,5,64192.2783649,43575028.3143,North Brooklyn,"Evergreen, WXY, HR&A, Pratt Community Center, Langan, and St. Nicks Alliance",https://a002-epic.nyc.gov/community/areas/3,2019,http://docs.dos.ny.gov/opd/boa/NorthBrooklynBOA.pdf,,20,0,0,20,569.29931805232900,104.55003184503801,997445.139,208452.600
997499.958139146,208439.827545938,5,5,5,64192.2783649,43575028.3143,North Brooklyn,"Evergreen, WXY, HR&A, Pratt Community Center, Langan, and St. Nicks Alliance",https://a002-epic.nyc.gov/community/areas/3,2019,http://docs.dos.ny.gov/opd/boa/NorthBrooklynBOA.pdf,,21,0,0,21,625.58711497558579,103.13141050975393,997499.958,208439.828
997502.556565632,208439.220594795,5,5,5,64192.2783649,43575028.3143,North Brooklyn,"Evergreen, WXY, HR&A, Pratt Community Center, Langan, and St. Nicks Alliance",https://a002-epic.nyc.gov/community/areas/3,2019,http://docs.dos.ny.gov/opd/boa/NorthBrooklynBOA.pdf,,22,0,0,22,628.25548711932117,102.68294076633013,997502.557,208439.221
997511.497186646,208437.284585717,5,5,5,64192.2783649,43575028.3143,North Brooklyn,"Evergreen, WXY, HR&A, Pratt Community Center, Langan, and St. Nicks Alliance",https://a002-epic.nyc.gov/community/areas/3,2019,http://docs.dos.ny.gov/opd/boa/NorthBrooklynBOA.pdf,,23,0,0,23,637.40331939040277,102.87362812814160,997511.497,208437.285
997522.484396963,208434.640902872,5,5,5,64192.2783649,43575028.3143,North Brooklyn,"Evergreen, WXY, HR&A, Pratt Community Center, Langan, and St. Nicks Alliance",https://a002-epic.nyc.gov/community/areas/3,2019,http://docs.dos.ny.gov/opd/boa/NorthBrooklynBOA.pdf,,24,0,0,24,648.70410916542824,103.78081337852852,997522.484,208434.641
997542.45159901,208429.650450007,5,5,5,64192.2783649,43575028.3143,North Brooklyn,"Evergreen, WXY, HR&A, Pratt Community Center, Langan, and St. Nicks Alliance",https://a002-epic.nyc.gov/community/areas/3,2019,http://docs.dos.ny.gov/opd/boa/NorthBrooklynBOA.pdf,,25,0,0,25,669.28550312603613,105.07077037566437,997542.452,208429.650
997546.847927047,208428.380772226,5,5,5,64192.2783649,43575028.3143,North Brooklyn,"Evergreen, WXY, HR&A, Pratt Community Center, Langan, and St. Nicks Alliance",https://a002-epic.nyc.gov/community/areas/3,2019,http://docs.dos.ny.gov/opd/boa/NorthBrooklynBOA.pdf,,26,0,0,26,673.86150376849355,104.75499313573928,997546.848,208428.381
997550.276734547,208427.563848696,5,5,5,64192.2783649,43575028.3143,North Brooklyn,"Evergreen, WXY, HR&A, Pratt Community Center, Langan, and St. Nicks Alliance",https://a002-epic.nyc.gov/community/areas/3,2019,http://docs.dos.ny.gov/opd/boa/NorthBrooklynBOA.pdf,,27,0,0,27,677.38628531196002,104.97822881361398,997550.277,208427.564
997555.043469684,208426.146861812,5,5,5,64192.2783649,43575028.3143,North Brooklyn,"Evergreen, WXY, HR&A, Pratt Community Center, Langan, and St. Nicks Alliance",https://a002-epic.nyc.gov/community/areas/3,2019,http://docs.dos.ny.gov/opd/boa/NorthBrooklynBOA.pdf,,28,0,0,28,682.35917337600313,130.09261975435004,997555.043,208426.147
997557.992626319,208420.198049404,5,5,5,64192.2783649,43575028.3143,North Brooklyn,"Evergreen, WXY, HR&A, Pratt Community Center, Langan, and St. Nicks Alliance",https://a002-epic.nyc.gov/community/areas/3,2019,http://docs.dos.ny.gov/opd/boa/NorthBrooklynBOA.pdf,,29,0,0,29,688.99889429725329,146.12031250318364,997557.993,208420.198
997559.229833408,208418.79418037,5,5,5,64192.2783649,43575028.3143,North Brooklyn,"Evergreen, WXY, HR&A, Pratt Community Center, Langan, and St. Nicks Alliance",https://a002-epic.nyc.gov/community/areas/3,2019,http://docs.dos.ny.gov/opd/boa/NorthBrooklynBOA.pdf,,30,0,0,30,690.87013176145842,140.91286501007997,997559.230,208418.794
997564.265933822,208412.058626042,5,5,5,64192.2783649,43575028.3143,North Brooklyn,"Evergreen, WXY, HR&A, Pratt Community Center, Langan, and St. Nicks Alliance",https://a002-epic.nyc.gov/community/areas/3,2019,http://docs.dos.ny.gov/opd/boa/NorthBrooklynBOA.pdf,,31,0,0,31,699.28024469101285,139.07610787360963,997564.266,208412.059
997565.768561031,208410.559285025,5,5,5,64192.2783649,43575028.3143,North Brooklyn,"Evergreen, WXY, HR&A, Pratt Community Center, Langan, and St. Nicks Alliance",https://a002-epic.nyc.gov/community/areas/3,2019,http://docs.dos.ny.gov/opd/boa/NorthBrooklynBOA.pdf,,32,0,0,32,701.40295805209519,130.55072486995164,997565.769,208410.559
997567.317119428,208409.427398044,5,5,5,64192.2783649,43575028.3143,North Brooklyn,"Evergreen, WXY, HR&A, Pratt Community Center, Langan, and St. Nicks Alliance",https://a002-epic.nyc.gov/community/areas/3,2019,http://docs.dos.ny.gov/opd/boa/NorthBrooklynBOA.pdf,,33,0,0,33,703.32108246049233,122.20388192567898,997567.317,208409.427
997569.479195021,208408.265984445,5,5,5,64192.2783649,43575028.3143,North Brooklyn,"Evergreen, WXY, HR&A, Pratt Community Center, Langan, and St. Nicks Alliance",https://a002-epic.nyc.gov/community/areas/3,2019,http://docs.dos.ny.gov/opd/boa/NorthBrooklynBOA.pdf,,34,0,0,34,705.77535473944465,115.39393572248692,997569.479,208408.266
997571.779065578,208407.311263936,5,5,5,64192.2783649,43575028.3143,North Brooklyn,"Evergreen, WXY, HR&A, Pratt Community Center, Langan, and St. Nicks Alliance",https://a002-epic.nyc.gov/community/areas/3,2019,http://docs.dos.ny.gov/opd/boa/NorthBrooklynBOA.pdf,,35,0,0,35,708.26551453922139,108.20343423343959,997571.779,208407.311
997576.497243878,208406.146901567,5,5,5,64192.2783649,43575028.3143,North Brooklyn,"Evergreen, WXY, HR&A, Pratt Community Center, Langan, and St. Nicks Alliance",https://a002-epic.nyc.gov/community/areas/3,2019,http://docs.dos.ny.gov/opd/boa/NorthBrooklynBOA.pdf,,36,0,0,36,713.12524150653428,99.15937119953860,997576.497,208406.147
997578.770538418,208405.969739821,5,5,5,64192.2783649,43575028.3143,North Brooklyn,"Evergreen, WXY, HR&A, Pratt Community Center, Langan, and St. Nicks Alliance",https://a002-epic.nyc.gov/community/areas/3,2019,http://docs.dos.ny.gov/opd/boa/NorthBrooklynBOA.pdf,,37,0,0,37,715.40542885589650,91.02319801508025,997578.771,208405.970
997580.945735425,208406.06127861,5,5,5,64192.2783649,43575028.3143,North Brooklyn,"Evergreen, WXY, HR&A, Pratt Community Center, Langan, and St. Nicks Alliance",https://a002-epic.nyc.gov/community/areas/3,2019,http://docs.dos.ny.gov/opd/boa/NorthBrooklynBOA.pdf,,38,0,0,38,717.58255112423797,83.78058070418786,997580.946,208406.061
997582.986417535,208406.42217406,5,5,5,64192.2783649,43575028.3143,North Brooklyn,"Evergreen, WXY, HR&A, Pratt Community Center, Langan, and St. Nicks Alliance",https://a002-epic.nyc.gov/community/areas/3,2019,http://docs.dos.ny.gov/opd/boa/NorthBrooklynBOA.pdf,,39,0,0,39,719.65489979195138,75.78142330455488,997582.986,208406.422
997584.86929083,208407.048817218,5,5,5,64192.2783649,43575028.3143,North Brooklyn,"Evergreen, WXY, HR&A, Pratt Community Center, Langan, and St. Nicks Alliance",https://a002-epic.nyc.gov/community/areas/3,2019,http://docs.dos.ny.gov/opd/boa/NorthBrooklynBOA.pdf,,40,0,0,40,721.63931242300987,68.45014410498864,997584.869,208407.049
997584.954920702,208407.088187425,5,5,5,64192.2783649,43575028.3143,North Brooklyn,"Evergreen, WXY, HR&A, Pratt Community Center, Langan, and St. Nicks Alliance",https://a002-epic.nyc.gov/community/areas/3,2019,http://docs.dos.ny.gov/opd/boa/NorthBrooklynBOA.pdf,,41,0,0,41,721.73355937614917,61.59763943786826,997584.955,208407.088
997585.033332711,208407.137400133,5,5,5,64192.2783649,43575028.3143,North Brooklyn,"Evergreen, WXY, HR&A, Pratt Community Center, Langan, and St. Nicks Alliance",https://a002-epic.nyc.gov/community/areas/3,2019,http://docs.dos.ny.gov/opd/boa/NorthBrooklynBOA.pdf,,42,0,0,42,721.82613547353901,55.76817392462366,997585.033,208407.137
997585.109120033,208407.193174513,5,5,5,64192.2783649,43575028.3143,North Brooklyn,"Evergreen, WXY, HR&A, Pratt Community Center, Langan, and St. Nicks Alliance",https://a002-epic.nyc.gov/community/areas/3,2019,http://docs.dos.ny.gov/opd/boa/NorthBrooklynBOA.pdf,,43,0,0,43,721.92023382409548,50.90209686195740,997585.109,208407.193
997585.175064829,208407.252229713,5,5,5,64192.2783649,43575028.3143,North Brooklyn,"Evergreen, WXY, HR&A, Pratt Community Center, Langan, and St. Nicks Alliance",https://a002-epic.nyc.gov/community/areas/3,2019,http://docs.dos.ny.gov/opd/boa/NorthBrooklynBOA.pdf,,44,0,0,44,722.00875632338636,44.47466601438759,997585.175,208407.252
997585.237072607,208407.324080191,5,5,5,64192.2783649,43575028.3143,North Brooklyn,"Evergreen, WXY, HR&A, Pratt Community Center, Langan, and St. Nicks Alliance",https://a002-epic.nyc.gov/community/areas/3,2019,http://docs.dos.ny.gov/opd/boa/NorthBrooklynBOA.pdf,,45,0,0,45,722.10366393984032,39.36047626170802,997585.237,208407.324
997585.296127611,208407.399867652,5,5,5,64192.2783649,43575028.3143,North Brooklyn,"Evergreen, WXY, HR&A, Pratt Community Center, Langan, and St. Nicks Alliance",https://a002-epic.nyc.gov/community/areas/3,2019,http://docs.dos.ny.gov/opd/boa/NorthBrooklynBOA.pdf,,46,0,0,46,722.19974324453779,33.26459411446856,997585.296,208407.400
997585.39094361,208407.573752266,5,5,5,64192.2783649,43575028.3143,North Brooklyn,"Evergreen, WXY, HR&A, Pratt Community Center, Langan, and St. Nicks Alliance",https://a002-epic.nyc.gov/community/areas/3,2019,http://docs.dos.ny.gov/opd/boa/NorthBrooklynBOA.pdf,,47,0,0,47,722.39779862216005,24.21742602931233,997585.391,208407.574
997585.463121792,208407.773883549,5,5,5,64192.2783649,43575028.3143,North Brooklyn,"Evergreen, WXY, HR&A, Pratt Community Center, Langan, and St. Nicks Alliance",https://a002-epic.nyc.gov/community/areas/3,2019,http://docs.dos.ny.gov/opd/boa/NorthBrooklynBOA.pdf,,48,0,0,48,722.61054781821213,15.88064429813029,997585.463,208407.774
997585.512334032,208408.006823173,5,5,5,64192.2783649,43575028.3143,North Brooklyn,"Evergreen, WXY, HR&A, Pratt Community Center, Langan, and St. Nicks Alliance",https://a002-epic.nyc.gov/community/areas/3,2019,http://docs.dos.ny.gov/opd/boa/NorthBrooklynBOA.pdf,,49,0,0,49,722.84862913394011,7.84348435801386,997585.512,208408.007
997585.548750511,208408.561284996,5,5,5,64192.2783649,43575028.3143,North Brooklyn,"Evergreen, WXY, HR&A, Pratt Community Center, Langan, and St. Nicks Alliance",https://a002-epic.nyc.gov/community/areas/3,2019,http://docs.dos.ny.gov/opd/boa/NorthBrooklynBOA.pdf,,50,0,0,50,723.40428556863901,359.06911366129947,997585.549,208408.561
997585.450323741,208409.561612608,5,5,5,64192.2783649,43575028.3143,North Brooklyn,"Evergreen, WXY, HR&A, Pratt Community Center, Langan, and St. Nicks Alliance",https://a002-epic.nyc.gov/community/areas/3,2019,http://docs.dos.ny.gov/opd/boa/NorthBrooklynBOA.pdf,,51,0,0,51,724.40944384513170,351.29213554700794,997585.450,208409.562
997584.853534418,208412.419222332,5,5,5,64192.2783649,43575028.3143,North Brooklyn,"Evergreen, WXY, HR&A, Pratt Community Center, Langan, and St. Nicks Alliance",https://a002-epic.nyc.gov/community/areas/3,2019,http://docs.dos.ny.gov/opd/boa/NorthBrooklynBOA.pdf,,52,0,0,52,727.32870587957348,350.12255458113475,997584.854,208412.419
997584.774137199,208412.987135413,5,5,5,64192.2783649,43575028.3143,North Brooklyn,"Evergreen, WXY, HR&A, Pratt Community Center, Langan, and St. Nicks Alliance",https://a002-epic.nyc.gov/community/areas/3,2019,http://docs.dos.ny.gov/opd/boa/NorthBrooklynBOA.pdf,,53,0,0,53,727.90214217620610,355.81919559334818,997584.774,208412.987
997584.771183789,208413.407082788,5,5,5,64192.2783649,43575028.3143,North Brooklyn,"Evergreen, WXY, HR&A, Pratt Community Center, Langan, and St. Nicks Alliance",https://a002-epic.nyc.gov/community/areas/3,2019,http://docs.dos.ny.gov/opd/boa/NorthBrooklynBOA.pdf,,54,0,0,54,728.32209993607876,4.43478750751999,997584.771,208413.407
997584.797430267,208413.567843929,5,5,5,64192.2783649,43575028.3143,North Brooklyn,"Evergreen, WXY, HR&A, Pratt Community Center, Langan, and St. Nicks Alliance",https://a002-epic.nyc.gov/community/areas/3,2019,http://docs.dos.ny.gov/opd/boa/NorthBrooklynBOA.pdf,,55,0,0,55,728.48498953748708,13.57347369088168,997584.797,208413.568
997584.839752902,208413.699077556,5,5,5,64192.2783649,43575028.3143,North Brooklyn,"Evergreen, WXY, HR&A, Pratt Community Center, Langan, and St. Nicks Alliance",https://a002-epic.nyc.gov/community/areas/3,2019,http://docs.dos.ny.gov/opd/boa/NorthBrooklynBOA.pdf,,56,0,0,56,728.62287887855973,22.81644710715749,997584.840,208413.699
997584.869280379,208413.75517994,5,5,5,64192.2783649,43575028.3143,North Brooklyn,"Evergreen, WXY, HR&A, Pratt Community Center, Langan, and St. Nicks Alliance",https://a002-epic.nyc.gov/community/areas/3,2019,http://docs.dos.ny.gov/opd/boa/NorthBrooklynBOA.pdf,,57,0,0,57,728.68627721723988,31.07625588286001,997584.869,208413.755
997584.902744865,208413.804064486,5,5,5,64192.2783649,43575028.3143,North Brooklyn,"Evergreen, WXY, HR&A, Pratt Community Center, Langan, and St. Nicks Alliance",https://a002-epic.nyc.gov/community/areas/3,2019,http://docs.dos.ny.gov/opd/boa/NorthBrooklynBOA.pdf,,58,0,0,58,728.74551884664913,38.32194043507990,997584.903,208413.804
997584.938505968,208413.843434618,5,5,5,64192.2783649,43575028.3143,North Brooklyn,"Evergreen, WXY, HR&A, Pratt Community Center, Langan, and St. Nicks Alliance",https://a002-epic.nyc.gov/community/areas/3,2019,http://docs.dos.ny.gov/opd/boa/NorthBrooklynBOA.pdf,,59,0,0,59,728.79870591095084,46.00669514036444,997584.939,208413.843
997584.981156836,208413.879523924,5,5,5,64192.2783649,43575028.3143,North Brooklyn,"Evergreen, WXY, HR&A, Pratt Community Center, Langan, and St. Nicks Alliance",https://a002-epic.nyc.gov/community/areas/3,2019,http://docs.dos.ny.gov/opd/boa/NorthBrooklynBOA.pdf,,60,0,0,60,728.85457660608608,55.99460437166050,997584.981,208413.880
997585.030369399,208413.905442613,5,5,5,64192.2783649,43575028.3143,North Brooklyn,"Evergreen, WXY, HR&A, Pratt Community Center, Langan, and St. Nicks Alliance",https://a002-epic.nyc.gov/community/areas/3,2019,http://docs.dos.ny.gov/opd/boa/NorthBrooklynBOA.pdf,,61,0,0,61,728.91019723826923,64.08143266564971,997585.030,208413.905
997585.082534733,208413.928736647,5,5,5,64192.2783649,43575028.3143,North Brooklyn,"Evergreen, WXY, HR&A, Pratt Community Center, Langan, and St. Nicks Alliance",https://a002-epic.nyc.gov/community/areas/3,2019,http://docs.dos.ny.gov/opd/boa/NorthBrooklynBOA.pdf,,62,0,0,62,728.96732721355750,71.42261592967525,997585.083,208413.929
997585.138965153,208413.941860091,5,5,5,64192.2783649,43575028.3143,North Brooklyn,"Evergreen, WXY, HR&A, Pratt Community Center, Langan, and St. Nicks Alliance",https://a002-epic.nyc.gov/community/areas/3,2019,http://docs.dos.ny.gov/opd/boa/NorthBrooklynBOA.pdf,,63,0,0,63,729.02526353256940,80.58366626384706,997585.139,208413.942
997585.200973038,208413.948093776,5,5,5,64192.2783649,43575028.3143,North Brooklyn,"Evergreen, WXY, HR&A, Pratt Community Center, Langan, and St. Nicks Alliance",https://a002-epic.nyc.gov/community/areas/3,2019,http://docs.dos.ny.gov/opd/boa/NorthBrooklynBOA.pdf,,64,0,0,64,729.08758396762096,88.42162923468381,997585.201,208413.948
997585.339096419,208413.941860411,5,5,5,64192.2783649,43575028.3143,North Brooklyn,"Evergreen, WXY, HR&A, Pratt Community Center, Langan, and St. Nicks Alliance",https://a002-epic.nyc.gov/community/areas/3,2019,http://docs.dos.ny.gov/opd/boa/NorthBrooklynBOA.pdf,,65,0,0,65,729.22584793034980,97.07071388562743,997585.339,208413.942
997585.499529572,208413.909052266,5,5,5,64192.2783649,43575028.3143,North Brooklyn,"Evergreen, WXY, HR&A, Pratt Community Center, Langan, and St. Nicks Alliance",https://a002-epic.nyc.gov/community/areas/3,2019,http://docs.dos.ny.gov/opd/boa/NorthBrooklynBOA.pdf,,66,0,0,66,729.38960131447811,105.93314591596302,997585.500,208413.909
997591.093365552,208411.838851661,5,5,5,64192.2783649,43575028.3143,North Brooklyn,"Evergreen, WXY, HR&A, Pratt Community Center, Langan, and St. Nicks Alliance",https://a002-epic.nyc.gov/community/areas/3,2019,http://docs.dos.ny.gov/opd/boa/NorthBrooklynBOA.pdf,,67,0,0,67,735.35422464920293,111.29808677348284,997591.093,208411.839
997603.619621956,208406.704686466,5,5,5,64192.2783649,43575028.3143,North Brooklyn,"Evergreen, WXY, HR&A, Pratt Community Center, Langan, and St. Nicks Alliance",https://a002-epic.nyc.gov/community/areas/3,2019,http://docs.dos.ny.gov/opd/boa/NorthBrooklynBOA.pdf,,68,0,0,68,748.89182974484140,111.99332907021351,997603.620,208406.705
997630.102253435,208396.16634528,5,5,5,64192.2783649,43575028.3143,North Brooklyn,"Evergreen, WXY, HR&A, Pratt Community Center, Langan, and St. Nicks Alliance",https://a002-epic.nyc.gov/community/areas/3,2019,http://docs.dos.ny.gov/opd/boa/NorthBrooklynBOA.pdf,,69,0,0,69,777.39422271507419,111.86040214229362,997630.102,208396.166
997678.642644785,208376.533553213,5,5,5,64192.2783649,43575028.3143,North Brooklyn,"Evergreen, WXY, HR&A, Pratt Community Center, Langan, and St. Nicks Alliance",https://a002-epic.nyc.gov/community/areas/3,2019,http://docs.dos.ny.gov/opd/boa/NorthBrooklynBOA.pdf,,70,0,0,70,829.75466691417580,110.93930193949922,997678.643,208376.534
997927.218932549,208286.760676126,5,5,5,64192.2783649,43575028.3143,North Brooklyn,"Evergreen, WXY, HR&A, Pratt Community Center, Langan, and St. Nicks Alliance",https://a002-epic.nyc.gov/community/areas/3,2019,http://docs.dos.ny.gov/opd/boa/NorthBrooklynBOA.pdf,,71,0,0,71,1094.04492458428695,110.94875139355815,997927.219,208286.761
997964.771454471,208271.557655751,5,5,5,64192.2783649,43575028.3143,North Brooklyn,"Evergreen, WXY, HR&A, Pratt Community Center, Langan, and St. Nicks Alliance",https://a002-epic.nyc.gov/community/areas/3,2019,http://docs.dos.ny.gov/opd/boa/NorthBrooklynBOA.pdf,,72,0,0,72,1134.55817835638800,111.44560446310882,997964.771,208271.558
997977.288195792,208266.79028842,5,5,5,64192.2783649,43575028.3143,North Brooklyn,"Evergreen, WXY, HR&A, Pratt Community Center, Langan, and St. Nicks Alliance",https://a002-epic.nyc.gov/community/areas/3,2019,http://docs.dos.ny.gov/opd/boa/NorthBrooklynBOA.pdf,,73,0,0,73,1147.95208012423882,111.84705342285922,997977.288,208266.790
997998.659275521,208257.787700063,5,5,5,64192.2783649,43575028.3143,North Brooklyn,"Evergreen, WXY, HR&A, Pratt Community Center, Langan, and St. Nicks Alliance",https://a002-epic.nyc.gov/community/areas/3,2019,http://docs.dos.ny.gov/opd/boa/NorthBrooklynBOA.pdf,,74,0,0,74,1171.14194096677898,114.57964698994988,997998.659,208257.788
998045.240354042,208234.749722651,5,5,5,64192.2783649,43575028.3143,North Brooklyn,"Evergreen, WXY, HR&A, Pratt Community Center, Langan, and St. Nicks Alliance",https://a002-epic.nyc.gov/community/areas/3,2019,http://docs.dos.ny.gov/opd/boa/NorthBrooklynBOA.pdf,,75,0,0,75,1223.10871188264309,116.15168309699052,998045.240,208234.750
998092.629503587,208211.649410637,5,5,5,64192.2783649,43575028.3143,North Brooklyn,"Evergreen, WXY, HR&A, Pratt Community Center, Langan, and St. Nicks Alliance",https://a002-epic.nyc.gov/community/areas/3,2019,http://docs.dos.ny.gov/opd/boa/NorthBrooklynBOA.pdf,,76,0,0,76,1275.82830890049240,116.93303698626183,998092.630,208211.649
998115.726310268,208199.43127492,5,5,5,64192.2783649,43575028.3143,North Brooklyn,"Evergreen, WXY, HR&A, Pratt Community Center, Langan, and St. Nicks Alliance",https://a002-epic.nyc.gov/community/areas/3,2019,http://docs.dos.ny.gov/opd/boa/NorthBrooklynBOA.pdf,,77,0,0,77,1301.95770459339428,117.77098407488889,998115.726,208199.431
998203.725080637,208153.302818907,5,5,5,64192.2783649,43575028.3143,North Brooklyn,"Evergreen, WXY, HR&A, Pratt Community Center, Langan, and St. Nicks Alliance",https://a002-epic.nyc.gov/community/areas/3,2019,http://docs.dos.ny.gov/opd/boa/NorthBrooklynBOA.pdf,,78,0,0,78,1401.31372122345283,117.41363387877615,998203.725,208153.303
998249.023678801,208130.058474965,5,5,5,64192.2783649,43575028.3143,North Brooklyn,"Evergreen, WXY, HR&A, Pratt Community Center, Langan, and St. Nicks Alliance",https://a002-epic.nyc.gov/community/areas/3,2019,http://docs.dos.ny.gov/opd/boa/NorthBrooklynBOA.pdf,,79,0,0,79,1452.22798760290880,117.18917797371772,998249.024,208130.058
998273.222520015,208117.614291288,5,5,5,64192.2783649,43575028.3143,North Brooklyn,"Evergreen, WXY, HR&A, Pratt Community Center, Langan, and St. Nicks Alliance",https://a002-epic.nyc.gov/community/areas/3,2019,http://docs.dos.ny.gov/opd/boa/NorthBrooklynBOA.pdf,,80,0,0,80,1479.43904461051329,117.21504366359756,998273.223,208117.614
998311.914156737,208097.716064561,5,5,5,64192.2783649,43575028.3143,North Brooklyn,"Evergreen, WXY, HR&A, Pratt Community Center, Langan, and St. Nicks Alliance",https://a002-epic.nyc.gov/community/areas/3,2019,http://docs.dos.ny.gov/opd/boa/NorthBrooklynBOA.pdf,,81,0,0,81,1522.94745964832168,117.00250944904826,998311.914,208097.716
998426.582895774,208039.819610146,5,5,5,64192.2783649,43575028.3143,North Brooklyn,"Evergreen, WXY, HR&A, Pratt Community Center, Langan, and St. Nicks Alliance",https://a002-epic.nyc.gov/community/areas/3,2019,http://docs.dos.ny.gov/opd/boa/NorthBrooklynBOA.pdf,,82,0,0,82,1651.40336315670265,116.95737350907390,998426.583,208039.820
998490.831314171,208006.906008111,5,5,5,64192.2783649,43575028.3143,North Brooklyn,"Evergreen, WXY, HR&A, Pratt Community Center, Langan, and St. Nicks Alliance",https://a002-epic.nyc.gov/community/areas/3,2019,http://docs.dos.ny.gov/opd/boa/NorthBrooklynBOA.pdf,,83,0,0,83,1723.59175879896156,117.12987395625058,998490.831,208006.906
998498.571150657,208002.939486167,5,5,5,64192.2783649,43575028.3143,North Brooklyn,"Evergreen, WXY, HR&A, Pratt Community Center, Langan, and St. Nicks Alliance",https://a002-epic.nyc.gov/community/areas/3,2019,http://docs.dos.ny.gov/opd/boa/NorthBrooklynBOA.pdf,,84,0,0,84,1732.28879077333227,117.28228015736056,998498.571,208002.939
998548.154529822,207977.204664568,5,5,5,64192.2783649,43575028.3143,North Brooklyn,"Evergreen, WXY, HR&A, Pratt Community Center, Langan, and St. Nicks Alliance",https://a002-epic.nyc.gov/community/areas/3,2019,http://docs.dos.ny.gov/opd/boa/NorthBrooklynBOA.pdf,,85,0,0,85,1788.15284479913771,117.95749743331234,998548.155,207977.205
998626.412807017,207934.740891133,5,5,5,64192.2783649,43575028.3143,North Brooklyn,"Evergreen, WXY, HR&A, Pratt Community Center, Langan, and St. Nicks Alliance",https://a002-epic.nyc.gov/community/areas/3,2019,http://docs.dos.ny.gov/opd/boa/NorthBrooklynBOA.pdf,,86,0,0,86,1877.18952265649114,68.51987459640668,998626.413,207934.741
998630.883915692,207948.061103601,5,5,5,64192.2783649,43575028.3143,North Brooklyn,"Evergreen, WXY, HR&A, Pratt Community Center, Langan, and St. Nicks Alliance",https://a002-epic.nyc.gov/community/areas/3,2019,http://docs.dos.ny.gov/opd/boa/NorthBrooklynBOA.pdf,,87,0,0,87,1891.24010531225736,18.55180817559826,998630.884,207948.061
998635.04072129,207960.449557346,5,5,5,64192.2783649,43575028.3143,North Brooklyn,"Evergreen, WXY, HR&A, Pratt Community Center, Langan, and St. Nicks Alliance",https://a002-epic.nyc.gov/community/areas/3,2019,http://docs.dos.ny.gov/opd/boa/NorthBrooklynBOA.pdf,,88,0,0,88,1904.30734752208969,66.40879154206588,998635.041,207960.450
998787.393535994,207891.758875387,5,5,5,64192.2783649,43575028.3143,North Brooklyn,"Evergreen, WXY, HR&A, Pratt Community Center, Langan, and St. Nicks Alliance",https://a002-epic.nyc.gov/community/areas/3,2019,http://docs.dos.ny.gov/opd/boa/NorthBrooklynBOA.pdf,,89,0,0,89,2071.42942845765765,113.84971224084100,998787.394,207891.759
998881.812901703,207850.840402864,5,5,5,64192.2783649,43575028.3143,North Brooklyn,"Evergreen, WXY, HR&A, Pratt Community Center, Langan, and St. Nicks Alliance",https://a002-epic.nyc.gov/community/areas/3,2019,http://docs.dos.ny.gov/opd/boa/NorthBrooklynBOA.pdf,,90,0,0,90,2174.33393766113750,111.08421865490436,998881.813,207850.840
998887.383771413,207848.950648493,5,5,5,64192.2783649,43575028.3143,North Brooklyn,"Evergreen, WXY, HR&A, Pratt Community Center, Langan, and St. Nicks Alliance",https://a002-epic.nyc.gov/community/areas/3,2019,http://docs.dos.ny.gov/opd/boa/NorthBrooklynBOA.pdf,,91,0,0,91,2180.21660380161757,110.83443663716648,998887.384,207848.951
998892.820127318,207846.650789077,5,5,5,64192.2783649,43575028.3143,North Brooklyn,"Evergreen, WXY, HR&A, Pratt Community Center, Langan, and St. Nicks Alliance",https://a002-epic.nyc.gov/community/areas/3,2019,http://docs.dos.ny.gov/opd/boa/NorthBrooklynBOA.pdf,,92,0,0,92,2186.11942675825594,115.43189306533182,998892.820,207846.651
998899.873611598,207842.910972091,5,5,5,64192.2783649,43575028.3143,North Brooklyn,"Evergreen, WXY, HR&A, Pratt Community Center, Langan, and St. Nicks Alliance",https://a002-epic.nyc.gov/community/areas/3,2019,http://docs.dos.ny.gov/opd/boa/NorthBrooklynBOA.pdf,,93,0,0,93,2194.10302692174355,120.22426677868756,998899.874,207842.911
998911.176445552,207835.705939869,5,5,5,64192.2783649,43575028.3143,North Brooklyn,"Evergreen, WXY, HR&A, Pratt Community Center, Langan, and St. Nicks Alliance",https://a002-epic.nyc.gov/community/areas/3,2019,http://docs.dos.ny.gov/opd/boa/NorthBrooklynBOA.pdf,,94,0,0,94,2207.50700188106794,123.89469716506498,998911.176,207835.706
998923.991749721,207826.641002565,5,5,5,64192.2783649,43575028.3143,North Brooklyn,"Evergreen, WXY, HR&A, Pratt Community Center, Langan, and St. Nicks Alliance",https://a002-epic.nyc.gov/community/areas/3,2019,http://docs.dos.ny.gov/opd/boa/NorthBrooklynBOA.pdf,,95,0,0,95,2223.20429812212251,127.21116933436778,998923.992,207826.641
998927.643001452,207823.668568396,5,5,5,64192.2783649,43575028.3143,North Brooklyn,"Evergreen, WXY, HR&A, Pratt Community Center, Langan, and St. Nicks Alliance",https://a002-epic.nyc.gov/community/areas/3,2019,http://docs.dos.ny.gov/opd/boa/NorthBrooklynBOA.pdf,,96,0,0,96,2227.91248291965621,130.77295036229984,998927.643,207823.669
998928.246676896,207823.117388435,5,5,5,64192.2783649,43575028.3143,North Brooklyn,"Evergreen, WXY, HR&A, Pratt Community Center, Langan, and St. Nicks Alliance",https://a002-epic.nyc.gov/community/areas/3,2019,http://docs.dos.ny.gov/opd/boa/NorthBrooklynBOA.pdf,,97,0,0,97,2228.72993224012316,132.38486343710349,998928.247,207823.117
998936.094129774,207815.958610631,5,5,5,64192.2783649,43575028.3143,North Brooklyn,"Evergreen, WXY, HR&A, Pratt Community Center, Langan, and St. Nicks Alliance",https://a002-epic.nyc.gov/community/areas/3,2019,http://docs.dos.ny.gov/opd/boa/NorthBrooklynBOA.pdf,,98,0,0,98,2239.35210792665293,129.32587343464789,998936.094,207815.959
998940.831996565,207812.480928997,5,5,5,64192.2783649,43575028.3143,North Brooklyn,"Evergreen, WXY, HR&A, Pratt Community Center, Langan, and St. Nicks Alliance",https://a002-epic.nyc.gov/community/areas/3,2019,http://docs.dos.ny.gov/opd/boa/NorthBrooklynBOA.pdf,,99,0,0,99,2245.22932251160955,122.46938060492035,998940.832,207812.481
998946.468484919,207809.400230288,5,5,5,64192.2783649,43575028.3143,North Brooklyn,"Evergreen, WXY, HR&A, Pratt Community Center, Langan, and St. Nicks Alliance",https://a002-epic.nyc.gov/community/areas/3,2019,http://docs.dos.ny.gov/opd/boa/NorthBrooklynBOA.pdf,,100,0,0,100,2251.65277216885897,117.00548878324388,998946.468,207809.400
998962.491792459,207801.808394643,5,5,5,64192.2783649,43575028.3143,North Brooklyn,"Evergreen, WXY, HR&A, Pratt Community Center, Langan, and St. Nicks Alliance",https://a002-epic.nyc.gov/community/areas/3,2019,http://docs.dos.ny.gov/opd/boa/NorthBrooklynBOA.pdf,,101,0,0,101,2269.38360274660818,118.82409865430579,998962.492,207801.808
998976.511164675,207792.946871241,5,5,5,64192.2783649,43575028.3143,North Brooklyn,"Evergreen, WXY, HR&A, Pratt Community Center, Langan, and St. Nicks Alliance",https://a002-epic.nyc.gov/community/areas/3,2019,http://docs.dos.ny.gov/opd/boa/NorthBrooklynBOA.pdf,,102,0,0,102,2285.96881888483040,120.27221298102826,998976.511,207792.947
998982.091878615,207789.948521492,5,5,5,64192.2783649,43575028.3143,North Brooklyn,"Evergreen, WXY, HR&A, Pratt Community Center, Langan, and St. Nicks Alliance",https://a002-epic.nyc.gov/community/areas/3,2019,http://docs.dos.ny.gov/opd/boa/NorthBrooklynBOA.pdf,,103,0,0,103,2292.30399601697354,114.73112175012766,998982.092,207789.949
998987.137813983,207787.989868726,5,5,5,64192.2783649,43575028.3143,North Brooklyn,"Evergreen, WXY, HR&A, Pratt Community Center, Langan, and St. Nicks Alliance",https://a002-epic.nyc.gov/community/areas/3,2019,http://docs.dos.ny.gov/opd/boa/NorthBrooklynBOA.pdf,,104,0,0,104,2297.71673879652599,108.82595804761279,998987.138,207787.990
998999.148975715,207784.446253706,5,5,5,64192.2783649,43575028.3143,North Brooklyn,"Evergreen, WXY, HR&A, Pratt Community Center, Langan, and St. Nicks Alliance",https://a002-epic.nyc.gov/community/areas/3,2019,http://docs.dos.ny.gov/opd/boa/NorthBrooklynBOA.pdf,,105,0,0,105,2310.23972620152426,108.26841596393243,998999.149,207784.446
999004.411774587,207782.520409643,5,5,5,64192.2783649,43575028.3143,North Brooklyn,"Evergreen, WXY, HR&A, Pratt Community Center, Langan, and St. Nicks Alliance",https://a002-epic.nyc.gov/community/areas/3,2019,http://docs.dos.ny.gov/opd/boa/NorthBrooklynBOA.pdf,,106,0,0,106,2315.84382535563964,112.36164482234796,999004.412,207782.520
999021.061394577,207774.889204925,5,5,5,64192.2783649,43575028.3143,North Brooklyn,"Evergreen, WXY, HR&A, Pratt Community Center, Langan, and St. Nicks Alliance",https://a002-epic.nyc.gov/community/areas/3,2019,http://docs.dos.ny.gov/opd/boa/NorthBrooklynBOA.pdf,,107,0,0,107,2334.15898659580398,116.12013033966564,999021.061,207774.889
999044.152295126,207762.809193054,5,5,5,64192.2783649,43575028.3143,North Brooklyn,"Evergreen, WXY, HR&A, Pratt Community Center, Langan, and St. Nicks Alliance",https://a002-epic.nyc.gov/community/areas/3,2019,http://docs.dos.ny.gov/opd/boa/NorthBrooklynBOA.pdf,,108,0,0,108,2360.21884797165694,85.68199734930003,999044.152,207762.809
999053.955106814,207769.997526172,5,5,5,64192.2783649,43575028.3143,North Brooklyn,"Evergreen, WXY, HR&A, Pratt Community Center, Langan, and St. Nicks Alliance",https://a002-epic.nyc.gov/community/areas/3,2019,http://docs.dos.ny.gov/opd/boa/NorthBrooklynBOA.pdf,,109,0,0,109,2372.37480330264680,82.80166715848294,999053.955,207769.998
999069.749081677,207763.662579527,5,5,5,64192.2783649,43575028.3143,North Brooklyn,"Evergreen, WXY, HR&A, Pratt Community Center, Langan, and St. Nicks Alliance",https://a002-epic.nyc.gov/community/areas/3,2019,http://docs.dos.ny.gov/opd/boa/NorthBrooklynBOA.pdf,,110,0,0,110,2389.39188856885403,134.45637053509074,999069.749,207763.663
999092.294769524,207710.400822776,5,5,5,64192.2783649,43575028.3143,North Brooklyn,"Evergreen, WXY, HR&A, Pratt Community Center, Langan, and St. Nicks Alliance",https://a002-epic.nyc.gov/community/areas/3,2019,http://docs.dos.ny.gov/opd/boa/NorthBrooklynBOA.pdf,,111,0,0,111,2447.22892491014136,179.46790839911307,999092.295,207710.401
999031.569271968,207559.179323328,5,5,5,64192.2783649,43575028.3143,North Brooklyn,"Evergreen, WXY, HR&A, Pratt Community Center, Langan, and St. Nicks Alliance",https://a002-epic.nyc.gov/community/areas/3,2019,http://docs.dos.ny.gov/opd/boa/NorthBrooklynBOA.pdf,,112,0,0,112,2610.18759435960874,202.00021768924441,999031.569,207559.179
999027.859967922,207550.054320654,5,5,5,64192.2783649,43575028.3143,North Brooklyn,"Evergreen, WXY, HR&A, Pratt Community Center, Langan, and St. Nicks Alliance",https://a002-epic.nyc.gov/community/areas/3,2019,http://docs.dos.ny.gov/opd/boa/NorthBrooklynBOA.pdf,,113,0,0,113,2620.03770148106196,202.12361272723288,999027.860,207550.054
998964.598387913,207394.458802484,5,5,5,64192.2783649,43575028.3143,North Brooklyn,"Evergreen, WXY, HR&A, Pratt Community Center, Langan, and St. Nicks Alliance",https://a002-epic.nyc.gov/community/areas/3,2019,http://docs.dos.ny.gov/opd/boa/NorthBrooklynBOA.pdf,,114,0,0,114,2788.00196190562519,201.38944873423387,998964.598,207394.459
998937.572576097,207322.760621887,5,5,5,64192.2783649,43575028.3143,North Brooklyn,"Evergreen, WXY, HR&A, Pratt Community Center, Langan, and St. Nicks Alliance",https://a002-epic.nyc.gov/community/areas/3,2019,http://docs.dos.ny.gov/opd/boa/NorthBrooklynBOA.pdf,,115,0,0,115,2864.62456695849960,201.63173410098307,998937.573,207322.761
998882.672181575,207190.936433561,5,5,5,64192.2783649,43575028.3143,North Brooklyn,"Evergreen, WXY, HR&A, Pratt Community Center, Langan, and St. Nicks Alliance",https://a002-epic.nyc.gov/community/areas/3,2019,http://docs.dos.ny.gov/opd/boa/NorthBrooklynBOA.pdf,,116,0,0,116,3007.42397153197589,189.02868914953163,998882.672,207190.936
998886.280847283,207145.61722929,5,5,5,64192.2783649,43575028.3143,North Brooklyn,"Evergreen, WXY, HR&A, Pratt Community Center, Langan, and St. Nicks Alliance",https://a002-epic.nyc.gov/community/areas/3,2019,http://docs.dos.ny.gov/opd/boa/NorthBrooklynBOA.pdf,,117,0,0,117,3052.88662372027056,174.51880414625253,998886.281,207145.617
998894.403990532,207073.307884104,5,5,5,64192.2783649,43575028.3143,North Brooklyn,"Evergreen, WXY, HR&A, Pratt Community Center, Langan, and St. Nicks Alliance",https://a002-epic.nyc.gov/community/areas/3,2019,http://docs.dos.ny.gov/opd/boa/NorthBrooklynBOA.pdf,,118,0,0,118,3125.65081036026186,173.59543745310020,998894.404,207073.308
998914.277623893,206896.115392013,5,5,5,64192.2783649,43575028.3143,North Brooklyn,"Evergreen, WXY, HR&A, Pratt Community Center, Langan, and St. Nicks Alliance",https://a002-epic.nyc.gov/community/areas/3,2019,http://docs.dos.ny.gov/opd/boa/NorthBrooklynBOA.pdf,,119,0,0,119,3303.95431721467276,173.60038367772435,998914.278,206896.115
998920.158610399,206843.683333006,5,5,5,64192.2783649,43575028.3143,North Brooklyn,"Evergreen, WXY, HR&A, Pratt Community Center, Langan, and St. Nicks Alliance",https://a002-epic.nyc.gov/community/areas/3,2019,http://docs.dos.ny.gov/opd/boa/NorthBrooklynBOA.pdf,,120,0,0,120,3356.71516267782090,128.55377891959060,998920.159,206843.683
999049.645805859,206858.419755207,5,5,5,64192.2783649,43575028.3143,North Brooklyn,"Evergreen, WXY, HR&A, Pratt Community Center, Langan, and St. Nicks Alliance",https://a002-epic.nyc.gov/community/areas/3,2019,http://docs.dos.ny.gov/opd/boa/NorthBrooklynBOA.pdf,,121,0,0,121,3487.03820717741246,37.15697058288105,999049.646,206858.420
999041.240213684,206910.355419108,5,5,5,64192.2783649,43575028.3143,North Brooklyn,"Evergreen, WXY, HR&A, Pratt Community Center, Langan, and St. Nicks Alliance",https://a002-epic.nyc.gov/community/areas/3,2019,http://docs.dos.ny.gov/opd/boa/NorthBrooklynBOA.pdf,,122,0,0,122,3539.64968087510670,352.06703988448015,999041.240,206910.355
999010.974066364,207169.069191042,5,5,5,64192.2783649,43575028.3143,North Brooklyn,"Evergreen, WXY, HR&A, Pratt Community Center, Langan, and St. Nicks Alliance",https://a002-epic.nyc.gov/community/areas/3,2019,http://docs.dos.ny.gov/opd/boa/NorthBrooklynBOA.pdf,,123,0,0,123,3800.12780944160431,8.07373477409415,999010.974,207169.069
999021.968122044,207195.197480207,5,5,5,64192.2783649,43575028.3143,North Brooklyn,"Evergreen, WXY, HR&A, Pratt Community Center, Langan, and St. Nicks Alliance",https://a002-epic.nyc.gov/community/areas/3,2019,http://docs.dos.ny.gov/opd/boa/NorthBrooklynBOA.pdf,,124,0,0,124,3828.47488609868287,23.14915807102897,999021.968,207195.197
999060.160248905,207283.124347299,5,5,5,64192.2783649,43575028.3143,North Brooklyn,"Evergreen, WXY, HR&A, Pratt Community Center, Langan, and St. Nicks Alliance",https://a002-epic.nyc.gov/community/areas/3,2019,http://docs.dos.ny.gov/opd/boa/NorthBrooklynBOA.pdf,,125,0,0,125,3924.33818726681329,23.10142024449657,999060.160,207283.124
999061.642855205,207286.664374662,5,5,5,64192.2783649,43575028.3143,North Brooklyn,"Evergreen, WXY, HR&A, Pratt Community Center, Langan, and St. Nicks Alliance",https://a002-epic.nyc.gov/community/areas/3,2019,http://docs.dos.ny.gov/opd/boa/NorthBrooklynBOA.pdf,,126,0,0,126,3928.17614442795411,23.19320426946521,999061.643,207286.664
999063.618242227,207291.172578314,5,5,5,64192.2783649,43575028.3143,North Brooklyn,"Evergreen, WXY, HR&A, Pratt Community Center, Langan, and St. Nicks Alliance",https://a002-epic.nyc.gov/community/areas/3,2019,http://docs.dos.ny.gov/opd/boa/NorthBrooklynBOA.pdf,,127,0,0,127,3933.09814138594629,23.30784378363200,999063.618,207291.173
999065.179916545,207294.859915454,5,5,5,64192.2783649,43575028.3143,North Brooklyn,"Evergreen, WXY, HR&A, Pratt Community Center, Langan, and St. Nicks Alliance",https://a002-epic.nyc.gov/community/areas/3,2019,http://docs.dos.ny.gov/opd/boa/NorthBrooklynBOA.pdf,,128,0,0,128,3937.10254918941746,23.13051635928737,999065.180,207294.860
999068.746177234,207303.13780534,5,5,5,64192.2783649,43575028.3143,North Brooklyn,"Evergreen, WXY, HR&A, Pratt Community Center, Langan, and St. Nicks Alliance",https://a002-epic.nyc.gov/community/areas/3,2019,http://docs.dos.ny.gov/opd/boa/NorthBrooklynBOA.pdf,,129,0,0,129,3946.11596564932915,23.31456831923972,999068.746,207303.138
999073.069981267,207313.167008147,5,5,5,64192.2783649,43575028.3143,North Brooklyn,"Evergreen, WXY, HR&A, Pratt Community Center, Langan, and St. Nicks Alliance",https://a002-epic.nyc.gov/community/areas/3,2019,http://docs.dos.ny.gov/opd/boa/NorthBrooklynBOA.pdf,,130,0,0,130,3957.03751271205647,23.31031836266868,999073.070,207313.167
999079.372781114,207327.802839785,5,5,5,64192.2783649,43575028.3143,North Brooklyn,"Evergreen, WXY, HR&A, Pratt Community Center, Langan, and St. Nicks Alliance",https://a002-epic.nyc.gov/community/areas/3,2019,http://docs.dos.ny.gov/opd/boa/NorthBrooklynBOA.pdf,,131,0,0,131,3972.97278345489258,23.20015429809099,999079.373,207327.803
999086.406549319,207344.292018371,5,5,5,64192.2783649,43575028.3143,North Brooklyn,"Evergreen, WXY, HR&A, Pratt Community Center, Langan, and St. Nicks Alliance",https://a002-epic.nyc.gov/community/areas/3,2019,http://docs.dos.ny.gov/opd/boa/NorthBrooklynBOA.pdf,,132,0,0,132,3990.89949273497723,23.21245071202863,999086.407,207344.292
999092.286778476,207357.930474336,5,5,5,64192.2783649,43575028.3143,North Brooklyn,"Evergreen, WXY, HR&A, Pratt Community Center, Langan, and St. Nicks Alliance",https://a002-epic.nyc.gov/community/areas/3,2019,http://docs.dos.ny.gov/opd/boa/NorthBrooklynBOA.pdf,,133,0,0,133,4005.75158269006670,23.32164241757644,999092.287,207357.930
999095.770362303,207366.011513747,5,5,5,64192.2783649,43575028.3143,North Brooklyn,"Evergreen, WXY, HR&A, Pratt Community Center, Langan, and St. Nicks Alliance",https://a002-epic.nyc.gov/community/areas/3,2019,http://docs.dos.ny.gov/opd/boa/NorthBrooklynBOA.pdf,,134,0,0,134,4014.55150054480919,23.15394330748125,999095.770,207366.012
999104.073810989,207385.584682764,5,5,5,64192.2783649,43575028.3143,North Brooklyn,"Evergreen, WXY, HR&A, Pratt Community Center, Langan, and St. Nicks Alliance",https://a002-epic.nyc.gov/community/areas/3,2019,http://docs.dos.ny.gov/opd/boa/NorthBrooklynBOA.pdf,,135,0,0,135,4035.81311397072113,22.90000819852423,999104.074,207385.585
999129.894258124,207446.972825375,5,5,5,64192.2783649,43575028.3143,North Brooklyn,"Evergreen, WXY, HR&A, Pratt Community Center, Langan, and St. Nicks Alliance",https://a002-epic.nyc.gov/community/areas/3,2019,http://docs.dos.ny.gov/opd/boa/NorthBrooklynBOA.pdf,,136,0,0,136,4102.41040778491697,22.73326341301186,999129.894,207446.973
999146.419461957,207486.566013408,5,5,5,64192.2783649,43575028.3143,North Brooklyn,"Evergreen, WXY, HR&A, Pratt Community Center, Langan, and St. Nicks Alliance",https://a002-epic.nyc.gov/community/areas/3,2019,http://docs.dos.ny.gov/opd/boa/NorthBrooklynBOA.pdf,,137,0,0,137,4145.31382140594269,40.01546587627264,999146.419,207486.566
999167.341688001,207499.95843021,5,5,5,64192.2783649,43575028.3143,North Brooklyn,"Evergreen, WXY, HR&A, Pratt Community Center, Langan, and St. Nicks Alliance",https://a002-epic.nyc.gov/community/areas/3,2019,http://docs.dos.ny.gov/opd/boa/NorthBrooklynBOA.pdf,,138,0,0,138,4170.15524589076176,85.65439757389770,999167.342,207499.958
999250.1855857,207463.191185882,5,5,5,64192.2783649,43575028.3143,North Brooklyn,"Evergreen, WXY, HR&A, Pratt Community Center, Langan, and St. Nicks Alliance",https://a002-epic.nyc.gov/community/areas/3,2019,http://docs.dos.ny.gov/opd/boa/NorthBrooklynBOA.pdf,,139,0,0,139,4260.79156113782756,69.08449842560746,999250.186,207463.191
999333.935639704,207649.224716444,5,5,5,64192.2783649,43575028.3143,North Brooklyn,"Evergreen, WXY, HR&A, Pratt Community Center, Langan, and St. Nicks Alliance",https://a002-epic.nyc.gov/community/areas/3,2019,http://docs.dos.ny.gov/opd/boa/NorthBrooklynBOA.pdf,,140,0,0,140,4464.80760472088241,64.13600222773351,999333.936,207649.225
999344.436301123,207646.599733948,5,5,5,64192.2783649,43575028.3143,North Brooklyn,"Evergreen, WXY, HR&A, Pratt Community Center, Langan, and St. Nicks Alliance",https://a002-epic.nyc.gov/community/areas/3,2019,http://docs.dos.ny.gov/opd/boa/NorthBrooklynBOA.pdf,,141,0,0,141,4475.63139441450949,125.17298109097926,999344.436,207646.600
999347.936637619,207641.349085192,5,5,5,64192.2783649,43575028.3143,North Brooklyn,"Evergreen, WXY, HR&A, Pratt Community Center, Langan, and St. Nicks Alliance",https://a002-epic.nyc.gov/community/areas/3,2019,http://docs.dos.ny.gov/opd/boa/NorthBrooklynBOA.pdf,,142,0,0,142,4481.94183559877729,173.14676425742982,999347.937,207641.349
999340.936009982,207622.097112516,5,5,5,64192.2783649,43575028.3143,North Brooklyn,"Evergreen, WXY, HR&A, Pratt Community Center, Langan, and St. Nicks Alliance",https://a002-epic.nyc.gov/community/areas/3,2019,http://docs.dos.ny.gov/opd/boa/NorthBrooklynBOA.pdf,,143,0,0,143,4502.42712884106277,155.03884935826588,999340.936,207622.097
999376.814315051,207608.971189632,5,5,5,64192.2783649,43575028.3143,North Brooklyn,"Evergreen, WXY, HR&A, Pratt Community Center, Langan, and St. Nicks Alliance",https://a002-epic.nyc.gov/community/areas/3,2019,http://docs.dos.ny.gov/opd/boa/NorthBrooklynBOA.pdf,,144,0,0,144,4540.63108971091879,64.26549311016910,999376.814,207608.971
999381.189951723,207622.097176079,5,5,5,64192.2783649,43575028.3143,North Brooklyn,"Evergreen, WXY, HR&A, Pratt Community Center, Langan, and St. Nicks Alliance",https://a002-epic.nyc.gov/community/areas/3,2019,http://docs.dos.ny.gov/opd/boa/NorthBrooklynBOA.pdf,,145,0,0,145,4554.46719163614853,43.69895097985315,999381.190,207622.097
999392.566258739,207626.472848643,5,5,5,64192.2783649,43575028.3143,North Brooklyn,"Evergreen, WXY, HR&A, Pratt Community Center, Langan, and St. Nicks Alliance",https://a002-epic.nyc.gov/community/areas/3,2019,http://docs.dos.ny.gov/opd/boa/NorthBrooklynBOA.pdf,,146,0,0,146,4566.65599271422616,89.23219586860118,999392.566,207626.473
999434.570223344,207611.596279898,5,5,5,64192.2783649,43575028.3143,North Brooklyn,"Evergreen, WXY, HR&A, Pratt Community Center, Langan, and St. Nicks Alliance",https://a002-epic.nyc.gov/community/areas/3,2019,http://docs.dos.ny.gov/opd/boa/NorthBrooklynBOA.pdf,,147,0,0,147,4611.21657327704543,138.48624172631736,999434.570,207611.596
999436.320563636,207603.720629322,5,5,5,64192.2783649,43575028.3143,North Brooklyn,"Evergreen, WXY, HR&A, Pratt Community Center, Langan, and St. Nicks Alliance",https://a002-epic.nyc.gov/community/areas/3,2019,http://docs.dos.ny.gov/opd/boa/NorthBrooklynBOA.pdf,,148,0,0,148,4619.28438358361291,182.95253144544304,999436.321,207603.721
999431.069930842,207587.968986281,5,5,5,64192.2783649,43575028.3143,North Brooklyn,"Evergreen, WXY, HR&A, Pratt Community Center, Langan, and St. Nicks Alliance",https://a002-epic.nyc.gov/community/areas/3,2019,http://docs.dos.ny.gov/opd/boa/NorthBrooklynBOA.pdf,,149,0,0,149,4635.88810013250259,156.72608866442857,999431.070,207587.969
999470.448900432,207569.592086609,5,5,5,64192.2783649,43575028.3143,North Brooklyn,"Evergreen, WXY, HR&A, Pratt Community Center, Langan, and St. Nicks Alliance",https://a002-epic.nyc.gov/community/areas/3,2019,http://docs.dos.ny.gov/opd/boa/NorthBrooklynBOA.pdf,,150,0,0,150,4679.34398221482570,66.27075936914014,999470.449,207569.592
999475.699203816,207586.219057408,5,5,5,64192.2783649,43575028.3143,North Brooklyn,"Evergreen, WXY, HR&A, Pratt Community Center, Langan, and St. Nicks Alliance",https://a002-epic.nyc.gov/community/areas/3,2019,http://docs.dos.ny.gov/opd/boa/NorthBrooklynBOA.pdf,,151,0,0,151,4696.78020438526892,40.48079346867176,999475.699,207586.219
999482.699855475,207589.719067207,5,5,5,64192.2783649,43575028.3143,North Brooklyn,"Evergreen, WXY, HR&A, Pratt Community Center, Langan, and St. Nicks Alliance",https://a002-epic.nyc.gov/community/areas/3,2019,http://docs.dos.ny.gov/opd/boa/NorthBrooklynBOA.pdf,,152,0,0,152,4704.60702955583292,88.93977422857024,999482.700,207589.719
999492.326175606,207585.343755902,5,5,5,64192.2783649,43575028.3143,North Brooklyn,"Evergreen, WXY, HR&A, Pratt Community Center, Langan, and St. Nicks Alliance",https://a002-epic.nyc.gov/community/areas/3,2019,http://docs.dos.ny.gov/opd/boa/NorthBrooklynBOA.pdf,,153,0,0,153,4715.18102540762266,147.22122161128351,999492.326,207585.344
999492.326186257,207578.343102273,5,5,5,64192.2783649,43575028.3143,North Brooklyn,"Evergreen, WXY, HR&A, Pratt Community Center, Langan, and St. Nicks Alliance",https://a002-epic.nyc.gov/community/areas/3,2019,http://docs.dos.ny.gov/opd/boa/NorthBrooklynBOA.pdf,,154,0,0,154,4722.18167903693848,190.15597929036804,999492.326,207578.343
999421.551206764,207387.137022525,5,5,5,64192.2783649,43575028.3143,North Brooklyn,"Evergreen, WXY, HR&A, Pratt Community Center, Langan, and St. Nicks Alliance",https://a002-epic.nyc.gov/community/areas/3,2019,http://docs.dos.ny.gov/opd/boa/NorthBrooklynBOA.pdf,,155,0,0,155,4926.06611359440922,186.47821643658619,999421.551,207387.137
999441.003538172,207236.448459339,5,5,5,64192.2783649,43575028.3143,North Brooklyn,"Evergreen, WXY, HR&A, Pratt Community Center, Langan, and St. Nicks Alliance",https://a002-epic.nyc.gov/community/areas/3,2019,http://docs.dos.ny.gov/opd/boa/NorthBrooklynBOA.pdf,,156,0,0,156,5078.00503642910189,143.10344847658678,999441.004,207236.448
999483.162035356,207218.062706156,5,5,5,64192.2783649,43575028.3143,North Brooklyn,"Evergreen, WXY, HR&A, Pratt Community Center, Langan, and St. Nicks Alliance",https://a002-epic.nyc.gov/community/areas/3,2019,http://docs.dos.ny.gov/opd/boa/NorthBrooklynBOA.pdf,,157,0,0,157,5123.99824032812103,61.81636367423800,999483.162,207218.063
999484.579674293,207226.045317093,5,5,5,64192.2783649,43575028.3143,North Brooklyn,"Evergreen, WXY, HR&A, Pratt Community Center, Langan, and St. Nicks Alliance",https://a002-epic.nyc.gov/community/areas/3,2019,http://docs.dos.ny.gov/opd/boa/NorthBrooklynBOA.pdf,,158,0,0,158,5132.10575397472712,10.36910013440625,999484.580,207226.045
999486.25321738,207234.92950289,5,5,5,64192.2783649,43575028.3143,North Brooklyn,"Evergreen, WXY, HR&A, Pratt Community Center, Langan, and St. Nicks Alliance",https://a002-epic.nyc.gov/community/areas/3,2019,http://docs.dos.ny.gov/opd/boa/NorthBrooklynBOA.pdf,,159,0,0,159,5141.14619111814227,11.16015131227938,999486.253,207234.930
999490.501546076,207255.530223977,5,5,5,64192.2783649,43575028.3143,North Brooklyn,"Evergreen, WXY, HR&A, Pratt Community Center, Langan, and St. Nicks Alliance",https://a002-epic.nyc.gov/community/areas/3,2019,http://docs.dos.ny.gov/opd/boa/NorthBrooklynBOA.pdf,,160,0,0,160,5162.18040149102580,14.41882946709106,999490.502,207255.530
999494.881774357,207269.693283542,5,5,5,64192.2783649,43575028.3143,North Brooklyn,"Evergreen, WXY, HR&A, Pratt Community Center, Langan, and St. Nicks Alliance",https://a002-epic.nyc.gov/community/areas/3,2019,http://docs.dos.ny.gov/opd/boa/NorthBrooklynBOA.pdf,,161,0,0,161,5177.00533508348326,18.19486729131132,999494.882,207269.693
999502.997881531,207292.993812927,5,5,5,64192.2783649,43575028.3143,North Brooklyn,"Evergreen, WXY, HR&A, Pratt Community Center, Langan, and St. Nicks Alliance",https://a002-epic.nyc.gov/community/areas/3,2019,http://docs.dos.ny.gov/opd/boa/NorthBrooklynBOA.pdf,,162,0,0,162,5201.67892147274324,21.05932008897453,999502.998,207292.994
999513.555915577,207317.970854767,5,5,5,64192.2783649,43575028.3143,North Brooklyn,"Evergreen, WXY, HR&A, Pratt Community Center, Langan, and St. Nicks Alliance",https://a002-epic.nyc.gov/community/areas/3,2019,http://docs.dos.ny.gov/opd/boa/NorthBrooklynBOA.pdf,,163,0,0,163,5228.79579264162385,23.57330036374217,999513.556,207317.971
999523.985671512,207341.143107004,5,5,5,64192.2783649,43575028.3143,North Brooklyn,"Evergreen, WXY, HR&A, Pratt Community Center, Langan, and St. Nicks Alliance",https://a002-epic.nyc.gov/community/areas/3,2019,http://docs.dos.ny.gov/opd/boa/NorthBrooklynBOA.pdf,,164,0,0,164,5254.20707129038874,23.01462868263367,999523.986,207341.143
999530.42265562,207357.239239979,5,5,5,64192.2783649,43575028.3143,North Brooklyn,"Evergreen, WXY, HR&A, Pratt Community Center, Langan, and St. Nicks Alliance",https://a002-epic.nyc.gov/community/areas/3,2019,http://docs.dos.ny.gov/opd/boa/NorthBrooklynBOA.pdf,,165,0,0,165,5271.54259150666530,20.27603639394814,999530.423,207357.239
999537.505629949,207378.098823708,5,5,5,64192.2783649,43575028.3143,North Brooklyn,"Evergreen, WXY, HR&A, Pratt Community Center, Langan, and St. Nicks Alliance",https://a002-epic.nyc.gov/community/areas/3,2019,http://docs.dos.ny.gov/opd/boa/NorthBrooklynBOA.pdf,,166,0,0,166,5293.57190739961425,20.28698184887516,999537.506,207378.099
999551.623031985,207413.36130046,5,5,5,64192.2783649,43575028.3143,North Brooklyn,"Evergreen, WXY, HR&A, Pratt Community Center, Langan, and St. Nicks Alliance",https://a002-epic.nyc.gov/community/areas/3,2019,http://docs.dos.ny.gov/opd/boa/NorthBrooklynBOA.pdf,,167,0,0,167,5331.55536836530791,23.20962799744823,999551.623,207413.361
999555.163374961,207421.093914817,5,5,5,64192.2783649,43575028.3143,North Brooklyn,"Evergreen, WXY, HR&A, Pratt Community Center, Langan, and St. Nicks Alliance",https://a002-epic.nyc.gov/community/areas/3,2019,http://docs.dos.ny.gov/opd/boa/NorthBrooklynBOA.pdf,,168,0,0,168,5340.05991733470910,26.90923634786727,999555.163,207421.094
999558.903194611,207427.780598101,5,5,5,64192.2783649,43575028.3143,North Brooklyn,"Evergreen, WXY, HR&A, Pratt Community Center, Langan, and St. Nicks Alliance",https://a002-epic.nyc.gov/community/areas/3,2019,http://docs.dos.ny.gov/opd/boa/NorthBrooklynBOA.pdf,,169,0,0,169,5347.72137831583132,32.89809312175626,999558.903,207427.781
999564.349706385,207435.120170991,5,5,5,64192.2783649,43575028.3143,North Brooklyn,"Evergreen, WXY, HR&A, Pratt Community Center, Langan, and St. Nicks Alliance",https://a002-epic.nyc.gov/community/areas/3,2019,http://docs.dos.ny.gov/opd/boa/NorthBrooklynBOA.pdf,,170,0,0,170,5356.86106215647214,39.80340304951897,999564.350,207435.120
999577.925473237,207449.663822355,5,5,5,64192.2783649,43575028.3143,North Brooklyn,"Evergreen, WXY, HR&A, Pratt Community Center, Langan, and St. Nicks Alliance",https://a002-epic.nyc.gov/community/areas/3,2019,http://docs.dos.ny.gov/opd/boa/NorthBrooklynBOA.pdf,,171,0,0,171,5376.75626862981426,40.82406694684765,999577.925,207449.664
999583.34573913,207456.448933454,5,5,5,64192.2783649,43575028.3143,North Brooklyn,"Evergreen, WXY, HR&A, Pratt Community Center, Langan, and St. Nicks Alliance",https://a002-epic.nyc.gov/community/areas/3,2019,http://docs.dos.ny.gov/opd/boa/NorthBrooklynBOA.pdf,,172,0,0,172,5385.44056566377913,36.83000771750452,999583.346,207456.449
999593.850638823,207471.428931515,5,5,5,64192.2783649,43575028.3143,North Brooklyn,"Evergreen, WXY, HR&A, Pratt Community Center, Langan, and St. Nicks Alliance",https://a002-epic.nyc.gov/community/areas/3,2019,http://docs.dos.ny.gov/opd/boa/NorthBrooklynBOA.pdf,,173,0,0,173,5403.73682920191004,34.11386888725210,999593.851,207471.429
999599.464471572,207480.011942523,5,5,5,64192.2783649,43575028.3143,North Brooklyn,"Evergreen, WXY, HR&A, Pratt Community Center, Langan, and St. Nicks Alliance",https://a002-epic.nyc.gov/community/areas/3,2019,http://docs.dos.ny.gov/opd/boa/NorthBrooklynBOA.pdf,,174,0,0,174,5413.99271512665928,32.39686688795244,999599.464,207480.012
999609.28400226,207495.969301321,5,5,5,64192.2783649,43575028.3143,North Brooklyn,"Evergreen, WXY, HR&A, Pratt Community Center, Langan, and St. Nicks Alliance",https://a002-epic.nyc.gov/community/areas/3,2019,http://docs.dos.ny.gov/opd/boa/NorthBrooklynBOA.pdf,,175,0,0,175,5432.72932321716326,31.83376750675334,999609.284,207495.969
999611.94147643,207500.212086128,5,5,5,64192.2783649,43575028.3143,North Brooklyn,"Evergreen, WXY, HR&A, Pratt Community Center, Langan, and St. Nicks Alliance",https://a002-epic.nyc.gov/community/areas/3,2019,http://docs.dos.ny.gov/opd/boa/NorthBrooklynBOA.pdf,,176,0,0,176,5437.73565839200819,32.08300634084360,999611.941,207500.212
999616.934903232,207508.170752542,5,5,5,64192.2783649,43575028.3143,North Brooklyn,"Evergreen, WXY, HR&A, Pratt Community Center, Langan, and St. Nicks Alliance",https://a002-epic.nyc.gov/community/areas/3,2019,http://docs.dos.ny.gov/opd/boa/NorthBrooklynBOA.pdf,,177,0,0,177,5447.13111912166460,33.80195526225515,999616.935,207508.171
999617.098944898,207508.400739591,5,5,5,64192.2783649,43575028.3143,North Brooklyn,"Evergreen, WXY, HR&A, Pratt Community Center, Langan, and St. Nicks Alliance",https://a002-epic.nyc.gov/community/areas/3,2019,http://docs.dos.ny.gov/opd/boa/NorthBrooklynBOA.pdf,,178,0,0,178,5447.41361462734858,38.12250699014655,999617.099,207508.401
999617.28267163,207508.613994406,5,5,5,64192.2783649,43575028.3143,North Brooklyn,"Evergreen, WXY, HR&A, Pratt Community Center, Langan, and St. Nicks Alliance",https://a002-epic.nyc.gov/community/areas/3,2019,http://docs.dos.ny.gov/opd/boa/NorthBrooklynBOA.pdf,,179,0,0,179,5447.69509842502157,44.71612141194320,999617.283,207508.614
999617.719022796,207508.997525125,5,5,5,64192.2783649,43575028.3143,North Brooklyn,"Evergreen, WXY, HR&A, Pratt Community Center, Langan, and St. Nicks Alliance",https://a002-epic.nyc.gov/community/areas/3,2019,http://docs.dos.ny.gov/opd/boa/NorthBrooklynBOA.pdf,,180,0,0,180,5448.27604433665329,53.66571234348892,999617.719,207508.998
999618.247237598,207509.319376254,5,5,5,64192.2783649,43575028.3143,North Brooklyn,"Evergreen, WXY, HR&A, Pratt Community Center, Langan, and St. Nicks Alliance",https://a002-epic.nyc.gov/community/areas/3,2019,http://docs.dos.ny.gov/opd/boa/NorthBrooklynBOA.pdf,,181,0,0,181,5448.89459023300697,62.64595570665046,999618.247,207509.319
999618.877158517,207509.591358772,5,5,5,64192.2783649,43575028.3143,North Brooklyn,"Evergreen, WXY, HR&A, Pratt Community Center, Langan, and St. Nicks Alliance",https://a002-epic.nyc.gov/community/areas/3,2019,http://docs.dos.ny.gov/opd/boa/NorthBrooklynBOA.pdf,,182,0,0,182,5449.58072058134076,70.17276768453667,999618.877,207509.591
999619.83188261,207509.870559654,5,5,5,64192.2783649,43575028.3143,North Brooklyn,"Evergreen, WXY, HR&A, Pratt Community Center, Langan, and St. Nicks Alliance",https://a002-epic.nyc.gov/community/areas/3,2019,http://docs.dos.ny.gov/opd/boa/NorthBrooklynBOA.pdf,,183,0,0,183,5450.57543221023570,76.57809904381318,999619.832,207509.871
999623.161934551,207510.490315353,5,5,5,64192.2783649,43575028.3143,North Brooklyn,"Evergreen, WXY, HR&A, Pratt Community Center, Langan, and St. Nicks Alliance",https://a002-epic.nyc.gov/community/areas/3,2019,http://docs.dos.ny.gov/opd/boa/NorthBrooklynBOA.pdf,,184,0,0,184,5453.96266457029469,77.38961859992069,999623.162,207510.490
999623.95228865,207510.697337538,5,5,5,64192.2783649,43575028.3143,North Brooklyn,"Evergreen, WXY, HR&A, Pratt Community Center, Langan, and St. Nicks Alliance",https://a002-epic.nyc.gov/community/areas/3,2019,http://docs.dos.ny.gov/opd/boa/NorthBrooklynBOA.pdf,,185,0,0,185,5454.77968218739625,72.43445623279166,999623.952,207510.697
999624.612065259,207510.943401479,5,5,5,64192.2783649,43575028.3143,North Brooklyn,"Evergreen, WXY, HR&A, Pratt Community Center, Langan, and St. Nicks Alliance",https://a002-epic.nyc.gov/community/areas/3,2019,http://docs.dos.ny.gov/opd/boa/NorthBrooklynBOA.pdf,,186,0,0,186,5455.48385023342507,65.90932259460455,999624.612,207510.943
999625.123875933,207511.21243105,5,5,5,64192.2783649,43575028.3143,North Brooklyn,"Evergreen, WXY, HR&A, Pratt Community Center, Langan, and St. Nicks Alliance",https://a002-epic.nyc.gov/community/areas/3,2019,http://docs.dos.ny.gov/opd/boa/NorthBrooklynBOA.pdf,,187,0,0,187,5456.06206046855277,58.41830670019026,999625.124,207511.212
999625.557274469,207511.520830577,5,5,5,64192.2783649,43575028.3143,North Brooklyn,"Evergreen, WXY, HR&A, Pratt Community Center, Langan, and St. Nicks Alliance",https://a002-epic.nyc.gov/community/areas/3,2019,http://docs.dos.ny.gov/opd/boa/NorthBrooklynBOA.pdf,,188,0,0,188,5456.59398580091693,49.61230506814922,999625.557,207511.521
999625.914229338,207511.882051476,5,5,5,64192.2783649,43575028.3143,North Brooklyn,"Evergreen, WXY, HR&A, Pratt Community Center, Langan, and St. Nicks Alliance",https://a002-epic.nyc.gov/community/areas/3,2019,http://docs.dos.ny.gov/opd/boa/NorthBrooklynBOA.pdf,,189,0,0,189,5457.10182171520410,40.03729667646032,999625.914,207511.882
999626.203270745,207512.288547857,5,5,5,64192.2783649,43575028.3143,North Brooklyn,"Evergreen, WXY, HR&A, Pratt Community Center, Langan, and St. Nicks Alliance",https://a002-epic.nyc.gov/community/areas/3,2019,http://docs.dos.ny.gov/opd/boa/NorthBrooklynBOA.pdf,,190,0,0,190,5457.60060447687829,30.60969351652338,999626.203,207512.289
999626.347627271,207512.587104422,5,5,5,64192.2783649,43575028.3143,North Brooklyn,"Evergreen, WXY, HR&A, Pratt Community Center, Langan, and St. Nicks Alliance",https://a002-epic.nyc.gov/community/areas/3,2019,http://docs.dos.ny.gov/opd/boa/NorthBrooklynBOA.pdf,,191,0,0,191,5457.93222900734509,21.09343703832831,999626.348,207512.587
999626.432600594,207512.876146435,5,5,5,64192.2783649,43575028.3143,North Brooklyn,"Evergreen, WXY, HR&A, Pratt Community Center, Langan, and St. Nicks Alliance",https://a002-epic.nyc.gov/community/areas/3,2019,http://docs.dos.ny.gov/opd/boa/NorthBrooklynBOA.pdf,,192,0,0,192,5458.23350255476817,12.08248759986308,999626.433,207512.876
999626.452285421,207513.020175274,5,5,5,64192.2783649,43575028.3143,North Brooklyn,"Evergreen, WXY, HR&A, Pratt Community Center, Langan, and St. Nicks Alliance",https://a002-epic.nyc.gov/community/areas/3,2019,http://docs.dos.ny.gov/opd/boa/NorthBrooklynBOA.pdf,,193,0,0,193,5458.37887036027041,5.21964999486017,999626.452,207513.020
999626.458846882,207513.16157943,5,5,5,64192.2783649,43575028.3143,North Brooklyn,"Evergreen, WXY, HR&A, Pratt Community Center, Langan, and St. Nicks Alliance",https://a002-epic.nyc.gov/community/areas/3,2019,http://docs.dos.ny.gov/opd/boa/NorthBrooklynBOA.pdf,,194,0,0,194,5458.52042666812395,359.43861479369752,999626.459,207513.162
999626.449332223,207513.305608246,5,5,5,64192.2783649,43575028.3143,North Brooklyn,"Evergreen, WXY, HR&A, Pratt Community Center, Langan, and St. Nicks Alliance",https://a002-epic.nyc.gov/community/areas/3,2019,http://docs.dos.ny.gov/opd/boa/NorthBrooklynBOA.pdf,,195,0,0,195,5458.66476941476958,352.71804885456913,999626.449,207513.306
999626.423085295,207513.443403428,5,5,5,64192.2783649,43575028.3143,North Brooklyn,"Evergreen, WXY, HR&A, Pratt Community Center, Langan, and St. Nicks Alliance",https://a002-epic.nyc.gov/community/areas/3,2019,http://docs.dos.ny.gov/opd/boa/NorthBrooklynBOA.pdf,,196,0,0,196,5458.80504205410944,346.79406645895261,999626.423,207513.443
999626.383714995,207513.584151352,5,5,5,64192.2783649,43575028.3143,North Brooklyn,"Evergreen, WXY, HR&A, Pratt Community Center, Langan, and St. Nicks Alliance",https://a002-epic.nyc.gov/community/areas/3,2019,http://docs.dos.ny.gov/opd/boa/NorthBrooklynBOA.pdf,,197,0,0,197,5458.95119265720587,341.72221537384701,999626.384,207513.584
999626.330893259,207513.722274571,5,5,5,64192.2783649,43575028.3143,North Brooklyn,"Evergreen, WXY, HR&A, Pratt Community Center, Langan, and St. Nicks Alliance",https://a002-epic.nyc.gov/community/areas/3,2019,http://docs.dos.ny.gov/opd/boa/NorthBrooklynBOA.pdf,,198,0,0,198,5459.09907152457527,335.09172336806091,999626.331,207513.722
999626.177021426,207514.001145627,5,5,5,64192.2783649,43575028.3143,North Brooklyn,"Evergreen, WXY, HR&A, Pratt Community Center, Langan, and St. Nicks Alliance",https://a002-epic.nyc.gov/community/areas/3,2019,http://docs.dos.ny.gov/opd/boa/NorthBrooklynBOA.pdf,,199,0,0,199,5459.41757679399507,326.49365945709479,999626.177,207514.001
999625.960485543,207514.277063805,5,5,5,64192.2783649,43575028.3143,North Brooklyn,"Evergreen, WXY, HR&A, Pratt Community Center, Langan, and St. Nicks Alliance",https://a002-epic.nyc.gov/community/areas/3,2019,http://docs.dos.ny.gov/opd/boa/NorthBrooklynBOA.pdf,,200,0,0,200,5459.76831691056486,318.57186370282727,999625.960,207514.277
999625.681285612,207514.558887403,5,5,5,64192.2783649,43575028.3143,North Brooklyn,"Evergreen, WXY, HR&A, Pratt Community Center, Langan, and St. Nicks Alliance",https://a002-epic.nyc.gov/community/areas/3,2019,http://docs.dos.ny.gov/opd/boa/NorthBrooklynBOA.pdf,,201,0,0,201,5460.16502479034716,311.90278632772907,999625.681,207514.559
999625.116980395,207515.008361418,5,5,5,64192.2783649,43575028.3143,North Brooklyn,"Evergreen, WXY, HR&A, Pratt Community Center, Langan, and St. Nicks Alliance",https://a002-epic.nyc.gov/community/areas/3,2019,http://docs.dos.ny.gov/opd/boa/NorthBrooklynBOA.pdf,,202,0,0,202,5460.88645896541038,305.56635806462742,999625.117,207515.008
999624.362714488,207515.490643509,5,5,5,64192.2783649,43575028.3143,North Brooklyn,"Evergreen, WXY, HR&A, Pratt Community Center, Langan, and St. Nicks Alliance",https://a002-epic.nyc.gov/community/areas/3,2019,http://docs.dos.ny.gov/opd/boa/NorthBrooklynBOA.pdf,,203,0,0,203,5461.78173159042944,300.74612073749012,999624.363,207515.491
999620.451621513,207517.64942919,5,5,5,64192.2783649,43575028.3143,North Brooklyn,"Evergreen, WXY, HR&A, Pratt Community Center, Langan, and St. Nicks Alliance",https://a002-epic.nyc.gov/community/areas/3,2019,http://docs.dos.ny.gov/opd/boa/NorthBrooklynBOA.pdf,,204,0,0,204,5466.24905784649491,302.31617439603150,999620.452,207517.649
999619.598930198,207518.262944681,5,5,5,64192.2783649,43575028.3143,North Brooklyn,"Evergreen, WXY, HR&A, Pratt Community Center, Langan, and St. Nicks Alliance",https://a002-epic.nyc.gov/community/areas/3,2019,http://docs.dos.ny.gov/opd/boa/NorthBrooklynBOA.pdf,,205,0,0,205,5467.29952618760308,308.73484296874591,999619.599,207518.263
999619.264612132,207518.5611724,5,5,5,64192.2783649,43575028.3143,North Brooklyn,"Evergreen, WXY, HR&A, Pratt Community Center, Langan, and St. Nicks Alliance",https://a002-epic.nyc.gov/community/areas/3,2019,http://docs.dos.ny.gov/opd/boa/NorthBrooklynBOA.pdf,,206,0,0,206,5467.74753103342573,314.32555588487259,999619.265,207518.561
999618.985084072,207518.860056356,5,5,5,64192.2783649,43575028.3143,North Brooklyn,"Evergreen, WXY, HR&A, Pratt Community Center, Langan, and St. Nicks Alliance",https://a002-epic.nyc.gov/community/areas/3,2019,http://docs.dos.ny.gov/opd/boa/NorthBrooklynBOA.pdf,,207,0,0,207,5468.15675903283591,320.04415815830941,999618.985,207518.860
999618.768876271,207519.148769811,5,5,5,64192.2783649,43575028.3143,North Brooklyn,"Evergreen, WXY, HR&A, Pratt Community Center, Langan, and St. Nicks Alliance",https://a002-epic.nyc.gov/community/areas/3,2019,http://docs.dos.ny.gov/opd/boa/NorthBrooklynBOA.pdf,,208,0,0,208,5468.51745457261495,326.39701610283123,999618.769,207519.149
999618.588101504,207519.457168362,5,5,5,64192.2783649,43575028.3143,North Brooklyn,"Evergreen, WXY, HR&A, Pratt Community Center, Langan, and St. Nicks Alliance",https://a002-epic.nyc.gov/community/areas/3,2019,http://docs.dos.ny.gov/opd/boa/NorthBrooklynBOA.pdf,,209,0,0,209,5468.87493070125220,332.96038249725075,999618.588,207519.457
999618.444072108,207519.785252005,5,5,5,64192.2783649,43575028.3143,North Brooklyn,"Evergreen, WXY, HR&A, Pratt Community Center, Langan, and St. Nicks Alliance",https://a002-epic.nyc.gov/community/areas/3,2019,http://docs.dos.ny.gov/opd/boa/NorthBrooklynBOA.pdf,,210,0,0,210,5469.23323691611859,339.62950019340508,999618.444,207519.785
999618.335475762,207520.13958242,5,5,5,64192.2783649,43575028.3143,North Brooklyn,"Evergreen, WXY, HR&A, Pratt Community Center, Langan, and St. Nicks Alliance",https://a002-epic.nyc.gov/community/areas/3,2019,http://docs.dos.ny.gov/opd/boa/NorthBrooklynBOA.pdf,,211,0,0,211,5469.60383536343761,346.22089844279014,999618.335,207520.140
999618.266577555,207520.510645179,5,5,5,64192.2783649,43575028.3143,North Brooklyn,"Evergreen, WXY, HR&A, Pratt Community Center, Langan, and St. Nicks Alliance",https://a002-epic.nyc.gov/community/areas/3,2019,http://docs.dos.ny.gov/opd/boa/NorthBrooklynBOA.pdf,,212,0,0,212,5469.98124036349054,352.07320100821710,999618.267,207520.511
999618.23048772,207520.897127902,5,5,5,64192.2783649,43575028.3143,North Brooklyn,"Evergreen, WXY, HR&A, Pratt Community Center, Langan, and St. Nicks Alliance",https://a002-epic.nyc.gov/community/areas/3,2019,http://docs.dos.ny.gov/opd/boa/NorthBrooklynBOA.pdf,,213,0,0,213,5470.36940446703738,358.92058846588213,999618.230,207520.897
999618.276746302,207521.730789105,5,5,5,64192.2783649,43575028.3143,North Brooklyn,"Evergreen, WXY, HR&A, Pratt Community Center, Langan, and St. Nicks Alliance",https://a002-epic.nyc.gov/community/areas/3,2019,http://docs.dos.ny.gov/opd/boa/NorthBrooklynBOA.pdf,,214,0,0,214,5471.20434809323524,7.79769526306894,999618.277,207521.731
999618.473267286,207522.623177524,5,5,5,64192.2783649,43575028.3143,North Brooklyn,"Evergreen, WXY, HR&A, Pratt Community Center, Langan, and St. Nicks Alliance",https://a002-epic.nyc.gov/community/areas/3,2019,http://docs.dos.ny.gov/opd/boa/NorthBrooklynBOA.pdf,,215,0,0,215,5472.11811917325667,16.20442801097134,999618.473,207522.623
999618.814473238,207523.561169843,5,5,5,64192.2783649,43575028.3143,North Brooklyn,"Evergreen, WXY, HR&A, Pratt Community Center, Langan, and St. Nicks Alliance",https://a002-epic.nyc.gov/community/areas/3,2019,http://docs.dos.ny.gov/opd/boa/NorthBrooklynBOA.pdf,,216,0,0,216,5473.11624295974161,23.36342463378139,999618.814,207523.561
999619.297083382,207524.519175519,5,5,5,64192.2783649,43575028.3143,North Brooklyn,"Evergreen, WXY, HR&A, Pratt Community Center, Langan, and St. Nicks Alliance",https://a002-epic.nyc.gov/community/areas/3,2019,http://docs.dos.ny.gov/opd/boa/NorthBrooklynBOA.pdf,,217,0,0,217,5474.18894395496409,29.66402964941395,999619.297,207524.519
999619.907646308,207525.474228633,5,5,5,64192.2783649,43575028.3143,North Brooklyn,"Evergreen, WXY, HR&A, Pratt Community Center, Langan, and St. Nicks Alliance",https://a002-epic.nyc.gov/community/areas/3,2019,http://docs.dos.ny.gov/opd/boa/NorthBrooklynBOA.pdf,,218,0,0,218,5475.32248422267912,36.52265473294310,999619.908,207525.474
999621.468995419,207527.305267179,5,5,5,64192.2783649,43575028.3143,North Brooklyn,"Evergreen, WXY, HR&A, Pratt Community Center, Langan, and St. Nicks Alliance",https://a002-epic.nyc.gov/community/areas/3,2019,http://docs.dos.ny.gov/opd/boa/NorthBrooklynBOA.pdf,,219,0,0,219,5477.72883274273136,44.40985430632449,999621.469,207527.305
999622.358101927,207528.095622632,5,5,5,64192.2783649,43575028.3143,North Brooklyn,"Evergreen, WXY, HR&A, Pratt Community Center, Langan, and St. Nicks Alliance",https://a002-epic.nyc.gov/community/areas/3,2019,http://docs.dos.ny.gov/opd/boa/NorthBrooklynBOA.pdf,,220,0,0,220,5478.91844281532485,51.24142969800072,999622.358,207528.096
999623.283297874,207528.764915188,5,5,5,64192.2783649,43575028.3143,North Brooklyn,"Evergreen, WXY, HR&A, Pratt Community Center, Langan, and St. Nicks Alliance",https://a002-epic.nyc.gov/community/areas/3,2019,http://docs.dos.ny.gov/opd/boa/NorthBrooklynBOA.pdf,,221,0,0,221,5480.06034476678997,58.85683450203770,999623.283,207528.765
999625.107115604,207529.67042955,5,5,5,64192.2783649,43575028.3143,North Brooklyn,"Evergreen, WXY, HR&A, Pratt Community Center, Langan, and St. Nicks Alliance",https://a002-epic.nyc.gov/community/areas/3,2019,http://docs.dos.ny.gov/opd/boa/NorthBrooklynBOA.pdf,,222,0,0,222,5482.09658330213642,70.91549568351756,999625.107,207529.670
999626.400422423,207529.939788441,5,5,5,64192.2783649,43575028.3143,North Brooklyn,"Evergreen, WXY, HR&A, Pratt Community Center, Langan, and St. Nicks Alliance",https://a002-epic.nyc.gov/community/areas/3,2019,http://docs.dos.ny.gov/opd/boa/NorthBrooklynBOA.pdf,,223,0,0,223,5483.41764224795588,86.25314013499614,999626.400,207529.940
999632.774439646,207529.463748825,5,5,5,64192.2783649,43575028.3143,North Brooklyn,"Evergreen, WXY, HR&A, Pratt Community Center, Langan, and St. Nicks Alliance",https://a002-epic.nyc.gov/community/areas/3,2019,http://docs.dos.ny.gov/opd/boa/NorthBrooklynBOA.pdf,,224,0,0,224,5489.80941111753236,97.45223123976318,999632.774,207529.464
999635.832511736,207528.889606887,5,5,5,64192.2783649,43575028.3143,North Brooklyn,"Evergreen, WXY, HR&A, Pratt Community Center, Langan, and St. Nicks Alliance",https://a002-epic.nyc.gov/community/areas/3,2019,http://docs.dos.ny.gov/opd/boa/NorthBrooklynBOA.pdf,,225,0,0,225,5492.92091298480227,101.23297337798797,999635.833,207528.890
999640.629101739,207527.884693581,5,5,5,64192.2783649,43575028.3143,North Brooklyn,"Evergreen, WXY, HR&A, Pratt Community Center, Langan, and St. Nicks Alliance",https://a002-epic.nyc.gov/community/areas/3,2019,http://docs.dos.ny.gov/opd/boa/NorthBrooklynBOA.pdf,,226,0,0,226,5497.82164011538498,104.53578388892475,999640.629,207527.885
999650.5277296,207524.813188041,5,5,5,64192.2783649,43575028.3143,North Brooklyn,"Evergreen, WXY, HR&A, Pratt Community Center, Langan, and St. Nicks Alliance",https://a002-epic.nyc.gov/community/areas/3,2019,http://docs.dos.ny.gov/opd/boa/NorthBrooklynBOA.pdf,,227,0,0,227,5508.18585643027382,109.62152320643195,999650.528,207524.813
999660.915532464,207520.615371365,5,5,5,64192.2783649,43575028.3143,North Brooklyn,"Evergreen, WXY, HR&A, Pratt Community Center, Langan, and St. Nicks Alliance",https://a002-epic.nyc.gov/community/areas/3,2019,http://docs.dos.ny.gov/opd/boa/NorthBrooklynBOA.pdf,,228,0,0,228,5519.38978936378862,114.50399272888399,999660.916,207520.615
999679.585496567,207511.100968669,5,5,5,64192.2783649,43575028.3143,North Brooklyn,"Evergreen, WXY, HR&A, Pratt Community Center, Langan, and St. Nicks Alliance",https://a002-epic.nyc.gov/community/areas/3,2019,http://docs.dos.ny.gov/opd/boa/NorthBrooklynBOA.pdf,,229,0,0,229,5540.34429766852736,118.61955808071745,999679.585,207511.101
999707.603569204,207494.770966475,5,5,5,64192.2783649,43575028.3143,North Brooklyn,"Evergreen, WXY, HR&A, Pratt Community Center, Langan, and St. Nicks Alliance",https://a002-epic.nyc.gov/community/areas/3,2019,http://docs.dos.ny.gov/opd/boa/NorthBrooklynBOA.pdf,,230,0,0,230,5572.77393482194839,118.80744298101430,999707.604,207494.771
999963.427946078,207362.279622704,5,5,5,64192.2783649,43575028.3143,North Brooklyn,"Evergreen, WXY, HR&A, Pratt Community Center, Langan, and St. Nicks Alliance",https://a002-epic.nyc.gov/community/areas/3,2019,http://docs.dos.ny.gov/opd/boa/NorthBrooklynBOA.pdf,,231,0,0,231,5860.87125861627101,117.05742582113774,999963.428,207362.280
999987.325604767,207350.241935432,5,5,5,64192.2783649,43575028.3143,North Brooklyn,"Evergreen, WXY, HR&A, Pratt Community Center, Langan, and St. Nicks Alliance",https://a002-epic.nyc.gov/community/areas/3,2019,http://docs.dos.ny.gov/opd/boa/NorthBrooklynBOA.pdf,,232,0,0,232,5887.62950978610570,120.13731147877203,999987.326,207350.242
999999.966366888,207341.862693512,5,5,5,64192.2783649,43575028.3143,North Brooklyn,"Evergreen, WXY, HR&A, Pratt Community Center, Langan, and St. Nicks Alliance",https://a002-epic.nyc.gov/community/areas/3,2019,http://docs.dos.ny.gov/opd/boa/NorthBrooklynBOA.pdf,,233,0,0,233,5902.79527920743567,123.53707119585739,999999.966,207341.863
1000017.38141253,207330.320730692,5,5,5,64192.2783649,43575028.3143,North Brooklyn,"Evergreen, WXY, HR&A, Pratt Community Center, Langan, and St. Nicks Alliance",https://a002-epic.nyc.gov/community/areas/3,2019,http://docs.dos.ny.gov/opd/boa/NorthBrooklynBOA.pdf,,234,0,0,234,5923.68787886179052,122.88304564524366,1000017.381,207330.321
1000044.59600845,207313.161987641,5,5,5,64192.2783649,43575028.3143,North Brooklyn,"Evergreen, WXY, HR&A, Pratt Community Center, Langan, and St. Nicks Alliance",https://a002-epic.nyc.gov/community/areas/3,2019,http://docs.dos.ny.gov/opd/boa/NorthBrooklynBOA.pdf,,235,0,0,235,5955.86017586205435,121.49680852911975,1000044.596,207313.162
1000061.99760084,207302.804079502,5,5,5,64192.2783649,43575028.3143,North Brooklyn,"Evergreen, WXY, HR&A, Pratt Community Center, Langan, and St. Nicks Alliance",https://a002-epic.nyc.gov/community/areas/3,2019,http://docs.dos.ny.gov/opd/boa/NorthBrooklynBOA.pdf,,236,0,0,236,5976.11114321672812,120.03554384758255,1000061.998,207302.804
1000079.65837893,207292.889741165,5,5,5,64192.2783649,43575028.3143,North Brooklyn,"Evergreen, WXY, HR&A, Pratt Community Center, Langan, and St. Nicks Alliance",https://a002-epic.nyc.gov/community/areas/3,2019,http://docs.dos.ny.gov/opd/boa/NorthBrooklynBOA.pdf,,237,0,0,237,5996.36446856031853,118.73156494969685,1000079.658,207292.890
1000090.34375621,207287.171256342,5,5,5,64192.2783649,43575028.3143,North Brooklyn,"Evergreen, WXY, HR&A, Pratt Community Center, Langan, and St. Nicks Alliance",https://a002-epic.nyc.gov/community/areas/3,2019,http://docs.dos.ny.gov/opd/boa/NorthBrooklynBOA.pdf,,238,0,0,238,6008.48380666841513,118.73888525037910,1000090.344,207287.171
1000214.3963685,207217.489393031,5,5,5,64192.2783649,43575028.3143,North Brooklyn,"Evergreen, WXY, HR&A, Pratt Community Center, Langan, and St. Nicks Alliance",https://a002-epic.nyc.gov/community/areas/3,2019,http://docs.dos.ny.gov/opd/boa/NorthBrooklynBOA.pdf,,239,0,0,239,6150.76737104585482,126.07353107209833,1000214.396,207217.489
1000289.81642957,207147.591901677,5,5,5,64192.2783649,43575028.3143,North Brooklyn,"Evergreen, WXY, HR&A, Pratt Community Center, Langan, and St. Nicks Alliance",https://a002-epic.nyc.gov/community/areas/3,2019,http://docs.dos.ny.gov/opd/boa/NorthBrooklynBOA.pdf,,240,0,0,240,6253.59657365625844,135.66991338674265,1000289.816,207147.592
1000294.55692373,207142.230690793,5,5,5,64192.2783649,43575028.3143,North Brooklyn,"Evergreen, WXY, HR&A, Pratt Community Center, Langan, and St. Nicks Alliance",https://a002-epic.nyc.gov/community/areas/3,2019,http://docs.dos.ny.gov/opd/boa/NorthBrooklynBOA.pdf,,241,0,0,241,6260.75302997300059,136.21546119160698,1000294.557,207142.231
1000332.39458111,207105.799990602,5,5,5,64192.2783649,43575028.3143,North Brooklyn,"Evergreen, WXY, HR&A, Pratt Community Center, Langan, and St. Nicks Alliance",https://a002-epic.nyc.gov/community/areas/3,2019,http://docs.dos.ny.gov/opd/boa/NorthBrooklynBOA.pdf,,242,0,0,242,6313.27811190965349,133.17288051860322,1000332.395,207105.800
1000386.91565934,207055.961185727,5,5,5,64192.2783649,43575028.3143,North Brooklyn,"Evergreen, WXY, HR&A, Pratt Community Center, Langan, and St. Nicks Alliance",https://a002-epic.nyc.gov/community/areas/3,2019,http://docs.dos.ny.gov/opd/boa/NorthBrooklynBOA.pdf,,243,0,0,243,6387.14592927353624,136.39464428910097,1000386.916,207055.961
1000396.37761977,207044.540601505,5,5,5,64192.2783649,43575028.3143,North Brooklyn,"Evergreen, WXY, HR&A, Pratt Community Center, Langan, and St. Nicks Alliance",https://a002-epic.nyc.gov/community/areas/3,2019,http://docs.dos.ny.gov/opd/boa/NorthBrooklynBOA.pdf,,244,0,0,244,6401.97692517037012,183.76075545658404,1000396.378,207044.541
1000381.50591979,207030.751541087,5,5,5,64192.2783649,43575028.3143,North Brooklyn,"Evergreen, WXY, HR&A, Pratt Community Center, Langan, and St. Nicks Alliance",https://a002-epic.nyc.gov/community/areas/3,2019,http://docs.dos.ny.gov/opd/boa/NorthBrooklynBOA.pdf,,245,0,0,245,6422.25759694583030,196.74663561398481,1000381.506,207030.752
1000383.09713715,207024.209223302,5,5,5,64192.2783649,43575028.3143,North Brooklyn,"Evergreen, WXY, HR&A, Pratt Community Center, Langan, and St. Nicks Alliance",https://a002-epic.nyc.gov/community/areas/3,2019,http://docs.dos.ny.gov/opd/boa/NorthBrooklynBOA.pdf,,246,0,0,246,6428.99064192447531,159.99587236521424,1000383.097,207024.209
1000389.50791847,207011.259763412,5,5,5,64192.2783649,43575028.3143,North Brooklyn,"Evergreen, WXY, HR&A, Pratt Community Center, Langan, and St. Nicks Alliance",https://a002-epic.nyc.gov/community/areas/3,2019,http://docs.dos.ny.gov/opd/boa/NorthBrooklynBOA.pdf,,247,0,0,247,6443.44009272842595,151.61957886088925,1000389.508,207011.260
1000408.75632937,206978.48126337,5,5,5,64192.2783649,43575028.3143,North Brooklyn,"Evergreen, WXY, HR&A, Pratt Community Center, Langan, and St. Nicks Alliance",https://a002-epic.nyc.gov/community/areas/3,2019,http://docs.dos.ny.gov/opd/boa/NorthBrooklynBOA.pdf,,248,0,0,248,6481.45234584808168,145.24418549750115,1000408.756,206978.481
1000432.91680971,206948.740171588,5,5,5,64192.2783649,43575028.3143,North Brooklyn,"Evergreen, WXY, HR&A, Pratt Community Center, Langan, and St. Nicks Alliance",https://a002-epic.nyc.gov/community/areas/3,2019,http://docs.dos.ny.gov/opd/boa/NorthBrooklynBOA.pdf,,249,0,0,249,6519.77024441618414,92.84445037663104,1000432.917,206948.740
1000449.78686464,206965.741504298,5,5,5,64192.2783649,43575028.3143,North Brooklyn,"Evergreen, WXY, HR&A, Pratt Community Center, Langan, and St. Nicks Alliance",https://a002-epic.nyc.gov/community/areas/3,2019,http://docs.dos.ny.gov/opd/boa/NorthBrooklynBOA.pdf,,250,0,0,250,6543.72111219667295,98.49446941960640,1000449.787,206965.742
1000518.50721208,206835.341073755,5,5,5,64192.2783649,43575028.3143,North Brooklyn,"Evergreen, WXY, HR&A, Pratt Community Center, Langan, and St. Nicks Alliance",https://a002-epic.nyc.gov/community/areas/3,2019,http://docs.dos.ny.gov/opd/boa/NorthBrooklynBOA.pdf,,251,0,0,251,6691.12110689521523,152.51400965900393,1000518.507,206835.341
1000560.28555369,206753.989794084,5,5,5,64192.2783649,43575028.3143,North Brooklyn,"Evergreen, WXY, HR&A, Pratt Community Center, Langan, and St. Nicks Alliance",https://a002-epic.nyc.gov/community/areas/3,2019,http://docs.dos.ny.gov/opd/boa/NorthBrooklynBOA.pdf,,252,0,0,252,6782.57306440181856,157.65174187962037,1000560.286,206753.990
1000601.94586095,206621.968914673,5,5,5,64192.2783649,43575028.3143,North Brooklyn,"Evergreen, WXY, HR&A, Pratt Community Center, Langan, and St. Nicks Alliance",https://a002-epic.nyc.gov/community/areas/3,2019,http://docs.dos.ny.gov/opd/boa/NorthBrooklynBOA.pdf,,253,0,0,253,6921.01111481365206,206.72156288950600,1000601.946,206621.969
1000557.97606314,206606.791684694,5,5,5,64192.2783649,43575028.3143,North Brooklyn,"Evergreen, WXY, HR&A, Pratt Community Center, Langan, and St. Nicks Alliance",https://a002-epic.nyc.gov/community/areas/3,2019,http://docs.dos.ny.gov/opd/boa/NorthBrooklynBOA.pdf,,254,0,0,254,6967.52661147100844,205.97912584906365,1000557.976,206606.792
1000563.7572569,206590.000361886,5,5,5,64192.2783649,43575028.3143,North Brooklyn,"Evergreen, WXY, HR&A, Pratt Community Center, Langan, and St. Nicks Alliance",https://a002-epic.nyc.gov/community/areas/3,2019,http://docs.dos.ny.gov/opd/boa/NorthBrooklynBOA.pdf,,255,0,0,255,6985.28529168465684,161.00062415269264,1000563.757,206590.000
1000590.66682561,206511.850829098,5,5,5,64192.2783649,43575028.3143,North Brooklyn,"Evergreen, WXY, HR&A, Pratt Community Center, Langan, and St. Nicks Alliance",https://a002-epic.nyc.gov/community/areas/3,2019,http://docs.dos.ny.gov/opd/boa/NorthBrooklynBOA.pdf,,256,0,0,256,7067.93802523234172,117.70687365723580,1000590.667,206511.851
1000617.36629207,206519.29837563,5,5,5,64192.2783649,43575028.3143,North Brooklyn,"Evergreen, WXY, HR&A, Pratt Community Center, Langan, and St. Nicks Alliance",https://a002-epic.nyc.gov/community/areas/3,2019,http://docs.dos.ny.gov/opd/boa/NorthBrooklynBOA.pdf,,257,0,0,257,7095.65674559842591,74.40612673135865,1000617.366,206519.298
1000620.94863999,206520.298709087,5,5,5,64192.2783649,43575028.3143,North Brooklyn,"Evergreen, WXY, HR&A, Pratt Community Center, Langan, and St. Nicks Alliance",https://a002-epic.nyc.gov/community/areas/3,2019,http://docs.dos.ny.gov/opd/boa/NorthBrooklynBOA.pdf,,258,0,0,258,7099.37613851163223,118.26073257963505,1000620.949,206520.299
1000624.16125367,206510.338416282,5,5,5,64192.2783649,43575028.3143,North Brooklyn,"Evergreen, WXY, HR&A, Pratt Community Center, Langan, and St. Nicks Alliance",https://a002-epic.nyc.gov/community/areas/3,2019,http://docs.dos.ny.gov/opd/boa/NorthBrooklynBOA.pdf,,259,0,0,259,7109.84171634556515,162.12860853259684,1000624.161,206510.338
1000651.76932438,206424.688887709,5,5,5,64192.2783649,43575028.3143,North Brooklyn,"Evergreen, WXY, HR&A, Pratt Community Center, Langan, and St. Nicks Alliance",https://a002-epic.nyc.gov/community/areas/3,2019,http://docs.dos.ny.gov/opd/boa/NorthBrooklynBOA.pdf,,260,0,0,260,7199.83086743217245,110.55453873014979,1000651.769,206424.689
1000669.29588503,206435.230250344,5,5,5,64192.2783649,43575028.3143,North Brooklyn,"Evergreen, WXY, HR&A, Pratt Community Center, Langan, and St. Nicks Alliance",https://a002-epic.nyc.gov/community/areas/3,2019,http://docs.dos.ny.gov/opd/boa/NorthBrooklynBOA.pdf,,261,0,0,261,7220.28326715468756,58.97740013262606,1000669.296,206435.230
1000677.40873937,206440.108870411,5,5,5,64192.2783649,43575028.3143,North Brooklyn,"Evergreen, WXY, HR&A, Pratt Community Center, Langan, and St. Nicks Alliance",https://a002-epic.nyc.gov/community/areas/3,2019,http://docs.dos.ny.gov/opd/boa/NorthBrooklynBOA.pdf,,262,0,0,262,7229.75001629859162,105.89079862746205,1000677.409,206440.109
1000699.99410921,206396.15879266,5,5,5,64192.2783649,43575028.3143,North Brooklyn,"Evergreen, WXY, HR&A, Pratt Community Center, Langan, and St. Nicks Alliance",https://a002-epic.nyc.gov/community/areas/3,2019,http://docs.dos.ny.gov/opd/boa/NorthBrooklynBOA.pdf,,263,0,0,263,7279.16366082104742,152.80202239742727,1000699.994,206396.159
1000714.73201445,206367.479365662,5,5,5,64192.2783649,43575028.3143,North Brooklyn,"Evergreen, WXY, HR&A, Pratt Community Center, Langan, and St. Nicks Alliance",https://a002-epic.nyc.gov/community/areas/3,2019,http://docs.dos.ny.gov/opd/boa/NorthBrooklynBOA.pdf,,264,0,0,264,7311.40827872800764,152.80284029310852,1000714.732,206367.479
1000720.95873923,206355.361598266,5,5,5,64192.2783649,43575028.3143,North Brooklyn,"Evergreen, WXY, HR&A, Pratt Community Center, Langan, and St. Nicks Alliance",https://a002-epic.nyc.gov/community/areas/3,2019,http://docs.dos.ny.gov/opd/boa/NorthBrooklynBOA.pdf,,265,0,0,265,7325.03224247331036,198.83174293569633,1000720.959,206355.362
1000688.7576434,206340.250003786,5,5,5,64192.2783649,43575028.3143,North Brooklyn,"Evergreen, WXY, HR&A, Pratt Community Center, Langan, and St. Nicks Alliance",https://a002-epic.nyc.gov/community/areas/3,2019,http://docs.dos.ny.gov/opd/boa/NorthBrooklynBOA.pdf,,266,0,0,266,7360.60288852786471,204.03463767060771,1000688.758,206340.250
1000777.17967821,206047.20859457,5,5,5,64192.2783649,43575028.3143,North Brooklyn,"Evergreen, WXY, HR&A, Pratt Community Center, Langan, and St. Nicks Alliance",https://a002-epic.nyc.gov/community/areas/3,2019,http://docs.dos.ny.gov/opd/boa/NorthBrooklynBOA.pdf,,267,0,0,267,7666.69392687336676,160.75464546351799,1000777.180,206047.209
1000910.09062198,205713.219768545,5,5,5,64192.2783649,43575028.3143,North Brooklyn,"Evergreen, WXY, HR&A, Pratt Community Center, Langan, and St. Nicks Alliance",https://a002-epic.nyc.gov/community/areas/3,2019,http://docs.dos.ny.gov/opd/boa/NorthBrooklynBOA.pdf,,268,0,0,268,8026.15721412819494,158.29934941174085,1000910.091,205713.220
1000930.80920537,205661.159455404,5,5,5,64192.2783649,43575028.3143,North Brooklyn,"Evergreen, WXY, HR&A, Pratt Community Center, Langan, and St. Nicks Alliance",https://a002-epic.nyc.gov/community/areas/3,2019,http://docs.dos.ny.gov/opd/boa/NorthBrooklynBOA.pdf,,269,0,0,269,8082.18877578664797,153.95090840382184,1000930.809,205661.159
1000949.44147215,205629.397687314,5,5,5,64192.2783649,43575028.3143,North Brooklyn,"Evergreen, WXY, HR&A, Pratt Community Center, Langan, and St. Nicks Alliance",https://a002-epic.nyc.gov/community/areas/3,2019,http://docs.dos.ny.gov/opd/boa/NorthBrooklynBOA.pdf,,270,0,0,270,8119.01229106640767,143.36027224341859,1000949.441,205629.398
1001179.93989145,205381.199671512,5,5,5,64192.2783649,43575028.3143,North Brooklyn,"Evergreen, WXY, HR&A, Pratt Community Center, Langan, and St. Nicks Alliance",https://a002-epic.nyc.gov/community/areas/3,2019,http://docs.dos.ny.gov/opd/boa/NorthBrooklynBOA.pdf,,271,0,0,271,8457.73308515981444,134.99015040883017,1001179.940,205381.200
1001278.06995543,205290.13031488,5,5,5,64192.2783649,43575028.3143,North Brooklyn,"Evergreen, WXY, HR&A, Pratt Community Center, Langan, and St. Nicks Alliance",https://a002-epic.nyc.gov/community/areas/3,2019,http://docs.dos.ny.gov/opd/boa/NorthBrooklynBOA.pdf,,272,0,0,272,8591.61040651504300,136.06766403627623,1001278.070,205290.130
1001405.07149599,205142.620412191,5,5,5,64192.2783649,43575028.3143,North Brooklyn,"Evergreen, WXY, HR&A, Pratt Community Center, Langan, and St. Nicks Alliance",https://a002-epic.nyc.gov/community/areas/3,2019,http://docs.dos.ny.gov/opd/boa/NorthBrooklynBOA.pdf,,273,0,0,273,8786.26025289532299,84.99883892086542,1001405.071,205142.620
1001409.04163071,205149.300206,5,5,5,64192.2783649,43575028.3143,North Brooklyn,"Evergreen, WXY, HR&A, Pratt Community Center, Langan, and St. Nicks Alliance",https://a002-epic.nyc.gov/community/areas/3,2019,http://docs.dos.ny.gov/opd/boa/NorthBrooklynBOA.pdf,,274,0,0,274,8794.03081368623316,78.57363132354376,1001409.042,205149.300
1001629.19247707,204986.859689152,5,5,5,64192.2783649,43575028.3143,North Brooklyn,"Evergreen, WXY, HR&A, Pratt Community Center, Langan, and St. Nicks Alliance",https://a002-epic.nyc.gov/community/areas/3,2019,http://docs.dos.ny.gov/opd/boa/NorthBrooklynBOA.pdf,,275,0,0,275,9067.62415547118871,127.94351327701420,1001629.192,204986.860
1001678.10362914,204946.590757338,5,5,5,64192.2783649,43575028.3143,North Brooklyn,"Evergreen, WXY, HR&A, Pratt Community Center, Langan, and St. Nicks Alliance",https://a002-epic.nyc.gov/community/areas/3,2019,http://docs.dos.ny.gov/opd/boa/NorthBrooklynBOA.pdf,,276,0,0,276,9130.97940518360883,124.63493644000894,1001678.104,204946.591
1001730.09153746,204916.810999542,5,5,5,64192.2783649,43575028.3143,North Brooklyn,"Evergreen, WXY, HR&A, Pratt Community Center, Langan, and St. Nicks Alliance",https://a002-epic.nyc.gov/community/areas/3,2019,http://docs.dos.ny.gov/opd/boa/NorthBrooklynBOA.pdf,,277,0,0,277,9190.89248043601765,112.98677118685426,1001730.092,204916.811
1001755.38354471,204909.478038964,5,5,5,64192.2783649,43575028.3143,North Brooklyn,"Evergreen, WXY, HR&A, Pratt Community Center, Langan, and St. Nicks Alliance",https://a002-epic.nyc.gov/community/areas/3,2019,http://docs.dos.ny.gov/opd/boa/NorthBrooklynBOA.pdf,,278,0,0,278,9217.22607003978374,107.13782999946700,1001755.384,204909.478
1001833.30353487,204883.999175165,5,5,5,64192.2783649,43575028.3143,North Brooklyn,"Evergreen, WXY, HR&A, Pratt Community Center, Langan, and St. Nicks Alliance",https://a002-epic.nyc.gov/community/areas/3,2019,http://docs.dos.ny.gov/opd/boa/NorthBrooklynBOA.pdf,,279,0,0,279,9299.20592956235305,109.25409354013154,1001833.304,204883.999
1001965.40335333,204834.868835849,5,5,5,64192.2783649,43575028.3143,North Brooklyn,"Evergreen, WXY, HR&A, Pratt Community Center, Langan, and St. Nicks Alliance",https://a002-epic.nyc.gov/community/areas/3,2019,http://docs.dos.ny.gov/opd/boa/NorthBrooklynBOA.pdf,,280,0,0,280,9440.14617320223806,110.70587642056338,1001965.403,204834.869
1002089.20297183,204787.320175391,5,5,5,64192.2783649,43575028.3143,North Brooklyn,"Evergreen, WXY, HR&A, Pratt Community Center, Langan, and St. Nicks Alliance",https://a002-epic.nyc.gov/community/areas/3,2019,http://docs.dos.ny.gov/opd/boa/NorthBrooklynBOA.pdf,,281,0,0,281,9572.76299209231001,110.56084616061004,1002089.203,204787.320
1002095.12817224,204785.150566666,5,5,5,64192.2783649,43575028.3143,North Brooklyn,"Evergreen, WXY, HR&A, Pratt Community Center, Langan, and St. Nicks Alliance",https://a002-epic.nyc.gov/community/areas/3,2019,http://docs.dos.ny.gov/opd/boa/NorthBrooklynBOA.pdf,,282,0,0,282,9579.07292092627904,110.11067155400070,1002095.128,204785.151
1002189.43236273,204750.620881193,5,5,5,64192.2783649,43575028.3143,North Brooklyn,"Evergreen, WXY, HR&A, Pratt Community Center, Langan, and St. Nicks Alliance",https://a002-epic.nyc.gov/community/areas/3,2019,http://docs.dos.ny.gov/opd/boa/NorthBrooklynBOA.pdf,,283,0,0,283,9679.49990695258020,110.77697600529115,1002189.432,204750.621
1002262.19487636,204722.041617108,5,5,5,64192.2783649,43575028.3143,North Brooklyn,"Evergreen, WXY, HR&A, Pratt Community Center, Langan, and St. Nicks Alliance",https://a002-epic.nyc.gov/community/areas/3,2019,http://docs.dos.ny.gov/opd/boa/NorthBrooklynBOA.pdf,,284,0,0,284,9757.67380110053091,112.89476753876504,1002262.195,204722.042
1002285.11516859,204711.670596373,5,5,5,64192.2783649,43575028.3143,North Brooklyn,"Evergreen, WXY, HR&A, Pratt Community Center, Langan, and St. Nicks Alliance",https://a002-epic.nyc.gov/community/areas/3,2019,http://docs.dos.ny.gov/opd/boa/NorthBrooklynBOA.pdf,,285,0,0,285,9782.83126255748539,106.87906971796615,1002285.115,204711.671
1002318.6023835,204706.119472905,5,5,5,64192.2783649,43575028.3143,North Brooklyn,"Evergreen, WXY, HR&A, Pratt Community Center, Langan, and St. Nicks Alliance",https://a002-epic.nyc.gov/community/areas/3,2019,http://docs.dos.ny.gov/opd/boa/NorthBrooklynBOA.pdf,,286,0,0,286,9816.77545991257648,101.09530371222149,1002318.602,204706.119
1002471.82455655,204671.369084655,5,5,5,64192.2783649,43575028.3143,North Brooklyn,"Evergreen, WXY, HR&A, Pratt Community Center, Langan, and St. Nicks Alliance",https://a002-epic.nyc.gov/community/areas/3,2019,http://docs.dos.ny.gov/opd/boa/NorthBrooklynBOA.pdf,,287,0,0,287,9973.88887053757753,98.73349759781676,1002471.825,204671.369
1002478.86491215,204670.791668697,5,5,5,64192.2783649,43575028.3143,North Brooklyn,"Evergreen, WXY, HR&A, Pratt Community Center, Langan, and St. Nicks Alliance",https://a002-epic.nyc.gov/community/areas/3,2019,http://docs.dos.ny.gov/opd/boa/NorthBrooklynBOA.pdf,,288,0,0,288,9980.95286488502825,140.30078438296633,1002478.865,204670.792
1002477.51322513,204657.740491023,5,5,5,64192.2783649,43575028.3143,North Brooklyn,"Evergreen, WXY, HR&A, Pratt Community Center, Langan, and St. Nicks Alliance",https://a002-epic.nyc.gov/community/areas/3,2019,http://docs.dos.ny.gov/opd/boa/NorthBrooklynBOA.pdf,,289,0,0,289,9994.07385175590389,159.54382776714880,1002477.513,204657.740
1002479.32457945,204656.041019695,5,5,5,64192.2783649,43575028.3143,North Brooklyn,"Evergreen, WXY, HR&A, Pratt Community Center, Langan, and St. Nicks Alliance",https://a002-epic.nyc.gov/community/areas/3,2019,http://docs.dos.ny.gov/opd/boa/NorthBrooklynBOA.pdf,,290,0,0,290,9996.55764064387222,116.16333024893946,1002479.325,204656.041
1002499.97419185,204652.714283571,5,5,5,64192.2783649,43575028.3143,North Brooklyn,"Evergreen, WXY, HR&A, Pratt Community Center, Langan, and St. Nicks Alliance",https://a002-epic.nyc.gov/community/areas/3,2019,http://docs.dos.ny.gov/opd/boa/NorthBrooklynBOA.pdf,,291,0,0,291,10017.47351178268400,99.15190709944375,1002499.974,204652.714
1002607.37547027,204635.41164698,5,5,5,64192.2783649,43575028.3143,North Brooklyn,"Evergreen, WXY, HR&A, Pratt Community Center, Langan, and St. Nicks Alliance",https://a002-epic.nyc.gov/community/areas/3,2019,http://docs.dos.ny.gov/opd/boa/NorthBrooklynBOA.pdf,,292,0,0,292,10126.25961309795093,98.70437722764969,1002607.375,204635.412
1002673.66485833,204625.792010053,5,5,5,64192.2783649,43575028.3143,North Brooklyn,"Evergreen, WXY, HR&A, Pratt Community Center, Langan, and St. Nicks Alliance",https://a002-epic.nyc.gov/community/areas/3,2019,http://docs.dos.ny.gov/opd/boa/NorthBrooklynBOA.pdf,,293,0,0,293,10193.24334533307228,98.43425364352456,1002673.665,204625.792
1002681.46374504,204624.610921088,5,5,5,64192.2783649,43575028.3143,North Brooklyn,"Evergreen, WXY, HR&A, Pratt Community Center, Langan, and St. Nicks Alliance",https://a002-epic.nyc.gov/community/areas/3,2019,http://docs.dos.ny.gov/opd/boa/NorthBrooklynBOA.pdf,,294,0,0,294,10201.13115903668404,115.56329744526155,1002681.464,204624.611
1002685.3249709,204621.070902781,5,5,5,64192.2783649,43575028.3143,North Brooklyn,"Evergreen, WXY, HR&A, Pratt Community Center, Langan, and St. Nicks Alliance",https://a002-epic.nyc.gov/community/areas/3,2019,http://docs.dos.ny.gov/opd/boa/NorthBrooklynBOA.pdf,,295,0,0,295,10206.36955524174664,151.46411883102814,1002685.325,204621.071
1002686.11566021,204616.389475687,5,5,5,64192.2783649,43575028.3143,North Brooklyn,"Evergreen, WXY, HR&A, Pratt Community Center, Langan, and St. Nicks Alliance",https://a002-epic.nyc.gov/community/areas/3,2019,http://docs.dos.ny.gov/opd/boa/NorthBrooklynBOA.pdf,,296,0,0,296,10211.11728619634050,136.88589073150831,1002686.116,204616.389
1002748.60584301,204601.550018548,5,5,5,64192.2783649,43575028.3143,North Brooklyn,"Evergreen, WXY, HR&A, Pratt Community Center, Langan, and St. Nicks Alliance",https://a002-epic.nyc.gov/community/areas/3,2019,http://docs.dos.ny.gov/opd/boa/NorthBrooklynBOA.pdf,,297,0,0,297,10275.34525857041990,101.36423916017299,1002748.606,204601.550
1002815.33125668,204590.539635008,5,5,5,64192.2783649,43575028.3143,North Brooklyn,"Evergreen, WXY, HR&A, Pratt Community Center, Langan, and St. Nicks Alliance",https://a002-epic.nyc.gov/community/areas/3,2019,http://docs.dos.ny.gov/opd/boa/NorthBrooklynBOA.pdf,,298,0,0,298,10342.97298494061033,86.67048656834884,1002815.331,204590.540
1002844.54450076,204598.932396107,5,5,5,64192.2783649,43575028.3143,North Brooklyn,"Evergreen, WXY, HR&A, Pratt Community Center, Langan, and St. Nicks Alliance",https://a002-epic.nyc.gov/community/areas/3,2019,http://docs.dos.ny.gov/opd/boa/NorthBrooklynBOA.pdf,,299,0,0,299,10373.36791985630407,88.81005346860825,1002844.545,204598.932
1002923.36671172,204579.791786867,5,5,5,64192.2783649,43575028.3143,North Brooklyn,"Evergreen, WXY, HR&A, Pratt Community Center, Langan, and St. Nicks Alliance",https://a002-epic.nyc.gov/community/areas/3,2019,http://docs.dos.ny.gov/opd/boa/NorthBrooklynBOA.pdf,,300,0,0,300,10454.48082796985909,102.68529185327255,1002923.367,204579.792
1002984.05538187,204567.200029293,5,5,5,64192.2783649,43575028.3143,North Brooklyn,"Evergreen, WXY, HR&A, Pratt Community Center, Langan, and St. Nicks Alliance",https://a002-epic.nyc.gov/community/areas/3,2019,http://docs.dos.ny.gov/opd/boa/NorthBrooklynBOA.pdf,,301,0,0,301,10516.46201094823664,92.66032097710330,1002984.055,204567.200
1002989.84606366,204567.849644888,5,5,5,64192.2783649,43575028.3143,North Brooklyn,"Evergreen, WXY, HR&A, Pratt Community Center, Langan, and St. Nicks Alliance",https://a002-epic.nyc.gov/community/areas/3,2019,http://docs.dos.ny.gov/opd/boa/NorthBrooklynBOA.pdf,,302,0,0,302,10522.28901670735104,64.11799347112913,1002989.846,204567.850
1002997.07374374,204575.169535446,5,5,5,64192.2783649,43575028.3143,North Brooklyn,"Evergreen, WXY, HR&A, Pratt Community Center, Langan, and St. Nicks Alliance",https://a002-epic.nyc.gov/community/areas/3,2019,http://docs.dos.ny.gov/opd/boa/NorthBrooklynBOA.pdf,,303,0,0,303,10532.57590919321592,41.20294448475419,1002997.074,204575.170
1003001.20431365,204580.500576658,5,5,5,64192.2783649,43575028.3143,North Brooklyn,"Evergreen, WXY, HR&A, Pratt Community Center, Langan, and St. Nicks Alliance",https://a002-epic.nyc.gov/community/areas/3,2019,http://docs.dos.ny.gov/opd/boa/NorthBrooklynBOA.pdf,,304,0,0,304,10539.31991454506897,67.88372627273068,1003001.204,204580.501
1003059.97335794,204572.242803487,5,5,5,64192.2783649,43575028.3143,North Brooklyn,"Evergreen, WXY, HR&A, Pratt Community Center, Langan, and St. Nicks Alliance",https://a002-epic.nyc.gov/community/areas/3,2019,http://docs.dos.ny.gov/opd/boa/NorthBrooklynBOA.pdf,,305,0,0,305,10598.66628245889478,98.16065129088962,1003059.973,204572.243
1003095.94515244,204566.980398138,5,5,5,64192.2783649,43575028.3143,North Brooklyn,"Evergreen, WXY, HR&A, Pratt Community Center, Langan, and St. Nicks Alliance",https://a002-epic.nyc.gov/community/areas/3,2019,http://docs.dos.ny.gov/opd/boa/NorthBrooklynBOA.pdf,,306,0,0,306,10635.02096454603452,109.40988616701226,1003095.945,204566.980
1003107.9661608,204559.900368693,5,5,5,64192.2783649,43575028.3143,North Brooklyn,"Evergreen, WXY, HR&A, Pratt Community Center, Langan, and St. Nicks Alliance",https://a002-epic.nyc.gov/community/areas/3,2019,http://docs.dos.ny.gov/opd/boa/NorthBrooklynBOA.pdf,,307,0,0,307,10648.97200246188913,118.49511167881288,1003107.966,204559.900
1003130.03638801,204548.899753977,5,5,5,64192.2783649,43575028.3143,North Brooklyn,"Evergreen, WXY, HR&A, Pratt Community Center, Langan, and St. Nicks Alliance",https://a002-epic.nyc.gov/community/areas/3,2019,http://docs.dos.ny.gov/opd/boa/NorthBrooklynBOA.pdf,,308,0,0,308,10673.63185755704035,114.42466600930121,1003130.036,204548.900
1003166.86744886,204533.75218393,5,5,5,64192.2783649,43575028.3143,North Brooklyn,"Evergreen, WXY, HR&A, Pratt Community Center, Langan, and St. Nicks Alliance",https://a002-epic.nyc.gov/community/areas/3,2019,http://docs.dos.ny.gov/opd/boa/NorthBrooklynBOA.pdf,,309,0,0,309,10713.45617075812152,113.11063913470950,1003166.867,204533.752
1003184.95440376,204525.75024897,5,5,5,64192.2783649,43575028.3143,North Brooklyn,"Evergreen, WXY, HR&A, Pratt Community Center, Langan, and St. Nicks Alliance",https://a002-epic.nyc.gov/community/areas/3,2019,http://docs.dos.ny.gov/opd/boa/NorthBrooklynBOA.pdf,,310,0,0,310,10733.23416106076365,86.62506678089088,1003184.954,204525.750
1003188.99672335,204528.142314935,5,5,5,64192.2783649,43575028.3143,North Brooklyn,"Evergreen, WXY, HR&A, Pratt Community Center, Langan, and St. Nicks Alliance",https://a002-epic.nyc.gov/community/areas/3,2019,http://docs.dos.ny.gov/opd/boa/NorthBrooklynBOA.pdf,,311,0,0,311,10737.93121623357729,82.39769393874877,1003188.997,204528.142
1003215.34023932,204520.880878861,5,5,5,64192.2783649,43575028.3143,North Brooklyn,"Evergreen, WXY, HR&A, Pratt Community Center, Langan, and St. Nicks Alliance",https://a002-epic.nyc.gov/community/areas/3,2019,http://docs.dos.ny.gov/opd/boa/NorthBrooklynBOA.pdf,,312,0,0,312,10765.25719814779586,105.41076452560161,1003215.340,204520.881
1003316.76581053,204492.922726053,5,5,5,64192.2783649,43575028.3143,North Brooklyn,"Evergreen, WXY, HR&A, Pratt Community Center, Langan, and St. Nicks Alliance",https://a002-epic.nyc.gov/community/areas/3,2019,http://docs.dos.ny.gov/opd/boa/NorthBrooklynBOA.pdf,,313,0,0,313,10870.46558566002750,106.07923648370085,1003316.766,204492.923
1003428.46501242,204459.310393527,5,5,5,64192.2783649,43575028.3143,North Brooklyn,"Evergreen, WXY, HR&A, Pratt Community Center, Langan, and St. Nicks Alliance",https://a002-epic.nyc.gov/community/areas/3,2019,http://docs.dos.ny.gov/opd/boa/NorthBrooklynBOA.pdf,,314,0,0,314,10987.11249132615740,101.88896234923421,1003428.465,204459.310
1003451.26390228,204456.498752764,5,5,5,64192.2783649,43575028.3143,North Brooklyn,"Evergreen, WXY, HR&A, Pratt Community Center, Langan, and St. Nicks Alliance",https://a002-epic.nyc.gov/community/areas/3,2019,http://docs.dos.ny.gov/opd/boa/NorthBrooklynBOA.pdf,,315,0,0,315,11010.08409776436929,97.82474042086434,1003451.264,204456.499
1003561.08643899,204439.852288789,5,5,5,64192.2783649,43575028.3143,North Brooklyn,"Evergreen, WXY, HR&A, Pratt Community Center, Langan, and St. Nicks Alliance",https://a002-epic.nyc.gov/community/areas/3,2019,http://docs.dos.ny.gov/opd/boa/NorthBrooklynBOA.pdf,,316,0,0,316,11121.16107257385011,107.64015515398611,1003561.086,204439.852
1003674.27911247,204383.018185053,5,5,5,64192.2783649,43575028.3143,North Brooklyn,"Evergreen, WXY, HR&A, Pratt Community Center, Langan, and St. Nicks Alliance",https://a002-epic.nyc.gov/community/areas/3,2019,http://docs.dos.ny.gov/opd/boa/NorthBrooklynBOA.pdf,,317,0,0,317,11247.82083997351947,116.41084240072524,1003674.279,204383.018
1003697.2414003,204371.73902888,5,5,5,64192.2783649,43575028.3143,North Brooklyn,"Evergreen, WXY, HR&A, Pratt Community Center, Langan, and St. Nicks Alliance",https://a002-epic.nyc.gov/community/areas/3,2019,http://docs.dos.ny.gov/opd/boa/NorthBrooklynBOA.pdf,,318,0,0,318,11273.40376448092866,116.16044654190060,1003697.241,204371.739
1003744.99734218,204348.28111372,5,5,5,64192.2783649,43575028.3143,North Brooklyn,"Evergreen, WXY, HR&A, Pratt Community Center, Langan, and St. Nicks Alliance",https://a002-epic.nyc.gov/community/areas/3,2019,http://docs.dos.ny.gov/opd/boa/NorthBrooklynBOA.pdf,,319,0,0,319,11326.61000254221835,85.96298592438632,1003744.997,204348.281
1003747.27785187,204349.83295407,5,5,5,64192.2783649,43575028.3143,North Brooklyn,"Evergreen, WXY, HR&A, Pratt Community Center, Langan, and St. Nicks Alliance",https://a002-epic.nyc.gov/community/areas/3,2019,http://docs.dos.ny.gov/opd/boa/NorthBrooklynBOA.pdf,,320,0,0,320,11329.36843196767222,50.57164624122314,1003747.278,204349.833
1003753.53735775,204356.010455005,5,5,5,64192.2783649,43575028.3143,North Brooklyn,"Evergreen, WXY, HR&A, Pratt Community Center, Langan, and St. Nicks Alliance",https://a002-epic.nyc.gov/community/areas/3,2019,http://docs.dos.ny.gov/opd/boa/NorthBrooklynBOA.pdf,,321,0,0,321,11338.16291499223189,35.55517813462150,1003753.537,204356.010
1003755.8175348,204360.741427705,5,5,5,64192.2783649,43575028.3143,North Brooklyn,"Evergreen, WXY, HR&A, Pratt Community Center, Langan, and St. Nicks Alliance",https://a002-epic.nyc.gov/community/areas/3,2019,http://docs.dos.ny.gov/opd/boa/NorthBrooklynBOA.pdf,,322,0,0,322,11343.41470612028024,9.62184924193512,1003755.818,204360.741
1003754.88609251,204368.930726833,5,5,5,64192.2783649,43575028.3143,North Brooklyn,"Evergreen, WXY, HR&A, Pratt Community Center, Langan, and St. Nicks Alliance",https://a002-epic.nyc.gov/community/areas/3,2019,http://docs.dos.ny.gov/opd/boa/NorthBrooklynBOA.pdf,,323,0,0,323,11351.65680566737137,20.20493554409613,1003754.886,204368.931
1003759.23648059,204373.001926367,5,5,5,64192.2783649,43575028.3143,North Brooklyn,"Evergreen, WXY, HR&A, Pratt Community Center, Langan, and St. Nicks Alliance",https://a002-epic.nyc.gov/community/areas/3,2019,http://docs.dos.ny.gov/opd/boa/NorthBrooklynBOA.pdf,,324,0,0,324,11357.61503879671545,66.50999219579128,1003759.236,204373.002
1003767.94678203,204373.592491724,5,5,5,64192.2783649,43575028.3143,North Brooklyn,"Evergreen, WXY, HR&A, Pratt Community Center, Langan, and St. Nicks Alliance",https://a002-epic.nyc.gov/community/areas/3,2019,http://docs.dos.ny.gov/opd/boa/NorthBrooklynBOA.pdf,,325,0,0,325,11366.34533768743677,108.29786889232346,1003767.947,204373.592
1003790.87692954,204354.02593782,5,5,5,64192.2783649,43575028.3143,North Brooklyn,"Evergreen, WXY, HR&A, Pratt Community Center, Langan, and St. Nicks Alliance",https://a002-epic.nyc.gov/community/areas/3,2019,http://docs.dos.ny.gov/opd/boa/NorthBrooklynBOA.pdf,,326,0,0,326,11396.48902187208478,130.47313966426196,1003790.877,204354.026
1003811.06035435,204336.804850728,5,5,5,64192.2783649,43575028.3143,North Brooklyn,"Evergreen, WXY, HR&A, Pratt Community Center, Langan, and St. Nicks Alliance",https://a002-epic.nyc.gov/community/areas/3,2019,http://docs.dos.ny.gov/opd/boa/NorthBrooklynBOA.pdf,,327,0,0,327,11423.02082313046594,130.47396092910364,1003811.060,204336.805
1003824.61680215,204325.236309052,5,5,5,64192.2783649,43575028.3143,North Brooklyn,"Evergreen, WXY, HR&A, Pratt Community Center, Langan, and St. Nicks Alliance",https://a002-epic.nyc.gov/community/areas/3,2019,http://docs.dos.ny.gov/opd/boa/NorthBrooklynBOA.pdf,,328,0,0,328,11440.84239526861165,129.77869132672274,1003824.617,204325.236
1003861.37865806,204295.380740989,5,5,5,64192.2783649,43575028.3143,North Brooklyn,"Evergreen, WXY, HR&A, Pratt Community Center, Langan, and St. Nicks Alliance",https://a002-epic.nyc.gov/community/areas/3,2019,http://docs.dos.ny.gov/opd/boa/NorthBrooklynBOA.pdf,,329,0,0,329,11488.20048849050545,169.92028080023178,1003861.379,204295.381
1003854.27893729,204283.451600903,5,5,5,64192.2783649,43575028.3143,North Brooklyn,"Evergreen, WXY, HR&A, Pratt Community Center, Langan, and St. Nicks Alliance",https://a002-epic.nyc.gov/community/areas/3,2019,http://docs.dos.ny.gov/opd/boa/NorthBrooklynBOA.pdf,,330,0,0,330,11502.08250628694805,175.37170588679692,1003854.279,204283.452
1003861.37507842,204274.999516915,5,5,5,64192.2783649,43575028.3143,North Brooklyn,"Evergreen, WXY, HR&A, Pratt Community Center, Langan, and St. Nicks Alliance",https://a002-epic.nyc.gov/community/areas/3,2019,http://docs.dos.ny.gov/opd/boa/NorthBrooklynBOA.pdf,,331,0,0,331,11513.11849027786229,139.98543364866532,1003861.375,204275.000
1003879.15037225,204253.825671835,5,5,5,64192.2783649,43575028.3143,North Brooklyn,"Evergreen, WXY, HR&A, Pratt Community Center, Langan, and St. Nicks Alliance",https://a002-epic.nyc.gov/community/areas/3,2019,http://docs.dos.ny.gov/opd/boa/NorthBrooklynBOA.pdf,,332,0,0,332,11540.76433600886958,140.45355059468159,1003879.150,204253.826
1003898.10414692,204230.486147321,5,5,5,64192.2783649,43575028.3143,North Brooklyn,"Evergreen, WXY, HR&A, Pratt Community Center, Langan, and St. Nicks Alliance",https://a002-epic.nyc.gov/community/areas/3,2019,http://docs.dos.ny.gov/opd/boa/NorthBrooklynBOA.pdf,,333,0,0,333,11570.83057918814484,140.31788242533204,1003898.104,204230.486
1003965.10295148,204151.440692142,5,5,5,64192.2783649,43575028.3143,North Brooklyn,"Evergreen, WXY, HR&A, Pratt Community Center, Langan, and St. Nicks Alliance",https://a002-epic.nyc.gov/community/areas/3,2019,http://docs.dos.ny.gov/opd/boa/NorthBrooklynBOA.pdf,,334,0,0,334,11674.45019025134388,141.65966106039386,1003965.103,204151.441
1004069.25309356,204010.154842959,5,5,5,64192.2783649,43575028.3143,North Brooklyn,"Evergreen, WXY, HR&A, Pratt Community Center, Langan, and St. Nicks Alliance",https://a002-epic.nyc.gov/community/areas/3,2019,http://docs.dos.ny.gov/opd/boa/NorthBrooklynBOA.pdf,,335,0,0,335,11849.97495567018268,146.18151408207217,1004069.253,204010.155
1004112.77353959,203938.409542675,5,5,5,64192.2783649,43575028.3143,North Brooklyn,"Evergreen, WXY, HR&A, Pratt Community Center, Langan, and St. Nicks Alliance",https://a002-epic.nyc.gov/community/areas/3,2019,http://docs.dos.ny.gov/opd/boa/NorthBrooklynBOA.pdf,,336,0,0,336,11933.88810919966454,148.04418642707964,1004112.774,203938.410
1004162.36026674,203861.083546677,5,5,5,64192.2783649,43575028.3143,North Brooklyn,"Evergreen, WXY, HR&A, Pratt Community Center, Langan, and St. Nicks Alliance",https://a002-epic.nyc.gov/community/areas/3,2019,http://docs.dos.ny.gov/opd/boa/NorthBrooklynBOA.pdf,,337,0,0,337,12025.74752987406282,147.05693699888630,1004162.360,203861.084
1004170.1194704,203849.233171561,5,5,5,64192.2783649,43575028.3143,North Brooklyn,"Evergreen, WXY, HR&A, Pratt Community Center, Langan, and St. Nicks Alliance",https://a002-epic.nyc.gov/community/areas/3,2019,http://docs.dos.ny.gov/opd/boa/NorthBrooklynBOA.pdf,,338,0,0,338,12039.91215594492860,148.32009325111218,1004170.119,203849.233
1004191.33999606,203812.69122966,5,5,5,64192.2783649,43575028.3143,North Brooklyn,"Evergreen, WXY, HR&A, Pratt Community Center, Langan, and St. Nicks Alliance",https://a002-epic.nyc.gov/community/areas/3,2019,http://docs.dos.ny.gov/opd/boa/NorthBrooklynBOA.pdf,,339,0,0,339,12082.16880308363579,151.98820778337176,1004191.340,203812.691
1004218.86993407,203755.942943125,5,5,5,64192.2783649,43575028.3143,North Brooklyn,"Evergreen, WXY, HR&A, Pratt Community Center, Langan, and St. Nicks Alliance",https://a002-epic.nyc.gov/community/areas/3,2019,http://docs.dos.ny.gov/opd/boa/NorthBrooklynBOA.pdf,,340,0,0,340,12145.24229601973457,156.84451993820306,1004218.870,203755.943
1004223.31877023,203744.00069905,5,5,5,64192.2783649,43575028.3143,North Brooklyn,"Evergreen, WXY, HR&A, Pratt Community Center, Langan, and St. Nicks Alliance",https://a002-epic.nyc.gov/community/areas/3,2019,http://docs.dos.ny.gov/opd/boa/NorthBrooklynBOA.pdf,,341,0,0,341,12157.98628820344311,138.72943662652838,1004223.319,203744.001
1004226.53038697,203742.300902091,5,5,5,64192.2783649,43575028.3143,North Brooklyn,"Evergreen, WXY, HR&A, Pratt Community Center, Langan, and St. Nicks Alliance",https://a002-epic.nyc.gov/community/areas/3,2019,http://docs.dos.ny.gov/opd/boa/NorthBrooklynBOA.pdf,,342,0,0,342,12161.61999042000207,108.65517336357713,1004226.530,203742.301
1004233.68918163,203741.113250591,5,5,5,64192.2783649,43575028.3143,North Brooklyn,"Evergreen, WXY, HR&A, Pratt Community Center, Langan, and St. Nicks Alliance",https://a002-epic.nyc.gov/community/areas/3,2019,http://docs.dos.ny.gov/opd/boa/NorthBrooklynBOA.pdf,,343,0,0,343,12168.87663268687538,110.96173727696031,1004233.689,203741.113
1004238.99791372,203737.730715159,5,5,5,64192.2783649,43575028.3143,North Brooklyn,"Evergreen, WXY, HR&A, Pratt Community Center, Langan, and St. Nicks Alliance",https://a002-epic.nyc.gov/community/areas/3,2019,http://docs.dos.ny.gov/opd/boa/NorthBrooklynBOA.pdf,,344,0,0,344,12175.17140689771259,134.43608062797614,1004238.998,203737.731
1004242.00940325,203733.203491383,5,5,5,64192.2783649,43575028.3143,North Brooklyn,"Evergreen, WXY, HR&A, Pratt Community Center, Langan, and St. Nicks Alliance",https://a002-epic.nyc.gov/community/areas/3,2019,http://docs.dos.ny.gov/opd/boa/NorthBrooklynBOA.pdf,,345,0,0,345,12180.60876142793131,157.34557316556757,1004242.009,203733.203
1004244.07011315,203723.232699064,5,5,5,64192.2783649,43575028.3143,North Brooklyn,"Evergreen, WXY, HR&A, Pratt Community Center, Langan, and St. Nicks Alliance",https://a002-epic.nyc.gov/community/areas/3,2019,http://docs.dos.ny.gov/opd/boa/NorthBrooklynBOA.pdf,,346,0,0,346,12190.79027530179883,172.51710563679640,1004244.070,203723.233
1004245.57900901,203696.972871606,5,5,5,64192.2783649,43575028.3143,North Brooklyn,"Evergreen, WXY, HR&A, Pratt Community Center, Langan, and St. Nicks Alliance",https://a002-epic.nyc.gov/community/areas/3,2019,http://docs.dos.ny.gov/opd/boa/NorthBrooklynBOA.pdf,,347,0,0,347,12217.09341779199167,176.69170821010900,1004245.579,203696.973
1004261.34744199,203425.80209567,5,5,5,64192.2783649,43575028.3143,North Brooklyn,"Evergreen, WXY, HR&A, Pratt Community Center, Langan, and St. Nicks Alliance",https://a002-epic.nyc.gov/community/areas/3,2019,http://docs.dos.ny.gov/opd/boa/NorthBrooklynBOA.pdf,,348,0,0,348,12488.72226972029239,176.67306939343041,1004261.347,203425.802
1004263.1384966,203394.981903407,5,5,5,64192.2783649,43575028.3143,North Brooklyn,"Evergreen, WXY, HR&A, Pratt Community Center, Langan, and St. Nicks Alliance",https://a002-epic.nyc.gov/community/areas/3,2019,http://docs.dos.ny.gov/opd/boa/NorthBrooklynBOA.pdf,,349,0,0,349,12519.59445992059955,168.54291414727433,1004263.138,203394.982
1004428.09651276,202931.42597358,5,5,5,64192.2783649,43575028.3143,North Brooklyn,"Evergreen, WXY, HR&A, Pratt Community Center, Langan, and St. Nicks Alliance",https://a002-epic.nyc.gov/community/areas/3,2019,http://docs.dos.ny.gov/opd/boa/NorthBrooklynBOA.pdf,,350,0,0,350,13011.62621415240756,160.88445799830617,1004428.097,202931.426
1004869.39103007,201623.379136094,5,5,5,64192.2783649,43575028.3143,North Brooklyn,"Evergreen, WXY, HR&A, Pratt Community Center, Langan, and St. Nicks Alliance",https://a002-epic.nyc.gov/community/areas/3,2019,http://docs.dos.ny.gov/opd/boa/NorthBrooklynBOA.pdf,,351,0,0,351,14392.10706518540974,116.37632494763496,1004869.391,201623.379
1005090.17504585,201697.700674274,5,5,5,64192.2783649,43575028.3143,North Brooklyn,"Evergreen, WXY, HR&A, Pratt Community Center, Langan, and St. Nicks Alliance",https://a002-epic.nyc.gov/community/areas/3,2019,http://docs.dos.ny.gov/opd/boa/NorthBrooklynBOA.pdf,,352,0,0,352,14625.06472799517360,124.23234883943277,1005090.175,201697.701
1005090.91325521,201683.281391385,5,5,5,64192.2783649,43575028.3143,North Brooklyn,"Evergreen, WXY, HR&A, Pratt Community Center, Langan, and St. Nicks Alliance",https://a002-epic.nyc.gov/community/areas/3,2019,http://docs.dos.ny.gov/opd/boa/NorthBrooklynBOA.pdf,,353,0,0,353,14639.50289519463513,168.67890048308180,1005090.913,201683.281
1005120.49342444,201600.719147544,5,5,5,64192.2783649,43575028.3143,North Brooklyn,"Evergreen, WXY, HR&A, Pratt Community Center, Langan, and St. Nicks Alliance",https://a002-epic.nyc.gov/community/areas/3,2019,http://docs.dos.ny.gov/opd/boa/NorthBrooklynBOA.pdf,,354,0,0,354,14727.20415242618947,175.90891822425769,1005120.493,201600.719
1005119.92256225,201597.920591511,5,5,5,64192.2783649,43575028.3143,North Brooklyn,"Evergreen, WXY, HR&A, Pratt Community Center, Langan, and St. Nicks Alliance",https://a002-epic.nyc.gov/community/areas/3,2019,http://docs.dos.ny.gov/opd/boa/NorthBrooklynBOA.pdf,,355,0,0,355,14730.06033860845855,224.27383373054141,1005119.923,201597.921
1005110.48686979,201595.745379457,5,5,5,64192.2783649,43575028.3143,North Brooklyn,"Evergreen, WXY, HR&A, Pratt Community Center, Langan, and St. Nicks Alliance",https://a002-epic.nyc.gov/community/areas/3,2019,http://docs.dos.ny.gov/opd/boa/NorthBrooklynBOA.pdf,,356,0,0,356,14739.74351162451785,204.61534699153464,1005110.487,201595.745
1005129.59125173,201559.491821581,5,5,5,64192.2783649,43575028.3143,North Brooklyn,"Evergreen, WXY, HR&A, Pratt Community Center, Langan, and St. Nicks Alliance",https://a002-epic.nyc.gov/community/areas/3,2019,http://docs.dos.ny.gov/opd/boa/NorthBrooklynBOA.pdf,,357,0,0,357,14780.72274865869258,152.03263087839557,1005129.591,201559.492
1005148.29536935,201524.531241401,5,5,5,64192.2783649,43575028.3143,North Brooklyn,"Evergreen, WXY, HR&A, Pratt Community Center, Langan, and St. Nicks Alliance",https://a002-epic.nyc.gov/community/areas/3,2019,http://docs.dos.ny.gov/opd/boa/NorthBrooklynBOA.pdf,,358,0,0,358,14820.37229068074157,153.57337678931498,1005148.295,201524.531
1005168.99425177,201479.541470227,5,5,5,64192.2783649,43575028.3143,North Brooklyn,"Evergreen, WXY, HR&A, Pratt Community Center, Langan, and St. Nicks Alliance",https://a002-epic.nyc.gov/community/areas/3,2019,http://docs.dos.ny.gov/opd/boa/NorthBrooklynBOA.pdf,,359,0,0,359,14869.89524741244350,161.85457077221727,1005168.994,201479.541
1005172.98378055,201460.079544577,5,5,5,64192.2783649,43575028.3143,North Brooklyn,"Evergreen, WXY, HR&A, Pratt Community Center, Langan, and St. Nicks Alliance",https://a002-epic.nyc.gov/community/areas/3,2019,http://docs.dos.ny.gov/opd/boa/NorthBrooklynBOA.pdf,,360,0,0,360,14889.76187495396152,174.27741717260687,1005172.984,201460.080
1005172.94443329,201443.917807164,5,5,5,64192.2783649,43575028.3143,North Brooklyn,"Evergreen, WXY, HR&A, Pratt Community Center, Langan, and St. Nicks Alliance",https://a002-epic.nyc.gov/community/areas/3,2019,http://docs.dos.ny.gov/opd/boa/NorthBrooklynBOA.pdf,,361,0,0,361,14905.92366026419768,180.99294933740364,1005172.944,201443.918
1005172.77055641,201438.524108784,5,5,5,64192.2783649,43575028.3143,North Brooklyn,"Evergreen, WXY, HR&A, Pratt Community Center, Langan, and St. Nicks Alliance",https://a002-epic.nyc.gov/community/areas/3,2019,http://docs.dos.ny.gov/opd/boa/NorthBrooklynBOA.pdf,,362,0,0,362,14911.32016055513304,182.72663802710440,1005172.771,201438.524
1005167.92486448,201361.651107262,5,5,5,64192.2783649,43575028.3143,North Brooklyn,"Evergreen, WXY, HR&A, Pratt Community Center, Langan, and St. Nicks Alliance",https://a002-epic.nyc.gov/community/areas/3,2019,http://docs.dos.ny.gov/opd/boa/NorthBrooklynBOA.pdf,,363,0,0,363,14988.34573483571148,186.87994162102896,1005167.925,201361.651
1005163.7844772,201338.531032901,5,5,5,64192.2783649,43575028.3143,North Brooklyn,"Evergreen, WXY, HR&A, Pratt Community Center, Langan, and St. Nicks Alliance",https://a002-epic.nyc.gov/community/areas/3,2019,http://docs.dos.ny.gov/opd/boa/NorthBrooklynBOA.pdf,,364,0,0,364,15011.83361778185645,189.85173930736812,1005163.784,201338.531
1005156.63558713,201296.040884235,5,5,5,64192.2783649,43575028.3143,North Brooklyn,"Evergreen, WXY, HR&A, Pratt Community Center, Langan, and St. Nicks Alliance",https://a002-epic.nyc.gov/community/areas/3,2019,http://docs.dos.ny.gov/opd/boa/NorthBrooklynBOA.pdf,,365,0,0,365,15054.92096352043700,190.87152100560309,1005156.636,201296.041
1005142.81349911,201232.071075886,5,5,5,64192.2783649,43575028.3143,North Brooklyn,"Evergreen, WXY, HR&A, Pratt Community Center, Langan, and St. Nicks Alliance",https://a002-epic.nyc.gov/community/areas/3,2019,http://docs.dos.ny.gov/opd/boa/NorthBrooklynBOA.pdf,,366,0,0,366,15120.36702144227274,191.00581157032707,1005142.813,201232.071
1005126.12400296,201135.640320715,5,5,5,64192.2783649,43575028.3143,North Brooklyn,"Evergreen, WXY, HR&A, Pratt Community Center, Langan, and St. Nicks Alliance",https://a002-epic.nyc.gov/community/areas/3,2019,http://docs.dos.ny.gov/opd/boa/NorthBrooklynBOA.pdf,,367,0,0,367,15218.23136543330475,192.53063129650153,1005126.124,201135.640
1005122.74475542,201123.238746202,5,5,5,64192.2783649,43575028.3143,North Brooklyn,"Evergreen, WXY, HR&A, Pratt Community Center, Langan, and St. Nicks Alliance",https://a002-epic.nyc.gov/community/areas/3,2019,http://docs.dos.ny.gov/opd/boa/NorthBrooklynBOA.pdf,,368,0,0,368,15231.08509502002744,199.17814339407357,1005122.745,201123.239
1005103.50269335,201078.157042306,5,5,5,64192.2783649,43575028.3143,North Brooklyn,"Evergreen, WXY, HR&A, Pratt Community Center, Langan, and St. Nicks Alliance",https://a002-epic.nyc.gov/community/areas/3,2019,http://docs.dos.ny.gov/opd/boa/NorthBrooklynBOA.pdf,,369,0,0,369,15280.10159202861360,203.11156389122371,1005103.503,201078.157
1005091.40660495,201049.810578674,5,5,5,64192.2783649,43575028.3143,North Brooklyn,"Evergreen, WXY, HR&A, Pratt Community Center, Langan, and St. Nicks Alliance",https://a002-epic.nyc.gov/community/areas/3,2019,http://docs.dos.ny.gov/opd/boa/NorthBrooklynBOA.pdf,,370,0,0,370,15310.92102348147637,210.80261383944841,1005091.407,201049.811
1005077.95518543,201032.897505939,5,5,5,64192.2783649,43575028.3143,North Brooklyn,"Evergreen, WXY, HR&A, Pratt Community Center, Langan, and St. Nicks Alliance",https://a002-epic.nyc.gov/community/areas/3,2019,http://docs.dos.ny.gov/opd/boa/NorthBrooklynBOA.pdf,,371,0,0,371,15332.53103774254669,227.26832438455580,1005077.955,201032.898
1005059.20487543,201020.269526845,5,5,5,64192.2783649,43575028.3143,North Brooklyn,"Evergreen, WXY, HR&A, Pratt Community Center, Langan, and St. Nicks Alliance",https://a002-epic.nyc.gov/community/areas/3,2019,http://docs.dos.ny.gov/opd/boa/NorthBrooklynBOA.pdf,,372,0,0,372,15355.13723116179790,240.66489150681943,1005059.205,201020.270
1005042.51525393,201012.589383507,5,5,5,64192.2783649,43575028.3143,North Brooklyn,"Evergreen, WXY, HR&A, Pratt Community Center, Langan, and St. Nicks Alliance",https://a002-epic.nyc.gov/community/areas/3,2019,http://docs.dos.ny.gov/opd/boa/NorthBrooklynBOA.pdf,,373,0,0,373,15373.50916811957723,257.39406481196499,1005042.515,201012.589
1005016.25541203,201012.359679123,5,5,5,64192.2783649,43575028.3143,North Brooklyn,"Evergreen, WXY, HR&A, Pratt Community Center, Langan, and St. Nicks Alliance",https://a002-epic.nyc.gov/community/areas/3,2019,http://docs.dos.ny.gov/opd/boa/NorthBrooklynBOA.pdf,,374,0,0,374,15399.77001465571811,260.09541821925018,1005016.255,201012.360
1004719.42157369,200908.363478482,5,5,5,64192.2783649,43575028.3143,North Brooklyn,"Evergreen, WXY, HR&A, Pratt Community Center, Langan, and St. Nicks Alliance",https://a002-epic.nyc.gov/community/areas/3,2019,http://docs.dos.ny.gov/opd/boa/NorthBrooklynBOA.pdf,,375,0,0,375,15714.29431789834962,257.88271526256176,1004719.422,200908.363
1004656.84284203,200902.96934319,5,5,5,64192.2783649,43575028.3143,North Brooklyn,"Evergreen, WXY, HR&A, Pratt Community Center, Langan, and St. Nicks Alliance",https://a002-epic.nyc.gov/community/areas/3,2019,http://docs.dos.ny.gov/opd/boa/NorthBrooklynBOA.pdf,,376,0,0,376,15777.10510003130366,258.29027698487806,1004656.843,200902.969
1004103.79193343,200717.997666419,5,5,5,64192.2783649,43575028.3143,North Brooklyn,"Evergreen, WXY, HR&A, Pratt Community Center, Langan, and St. Nicks Alliance",https://a002-epic.nyc.gov/community/areas/3,2019,http://docs.dos.ny.gov/opd/boa/NorthBrooklynBOA.pdf,,377,0,0,377,16360.26873804894967,261.91929050392787,1004103.792,200717.998
1004100.39954484,200718.135783783,5,5,5,64192.2783649,43575028.3143,North Brooklyn,"Evergreen, WXY, HR&A, Pratt Community Center, Langan, and St. Nicks Alliance",https://a002-epic.nyc.gov/community/areas/3,2019,http://docs.dos.ny.gov/opd/boa/NorthBrooklynBOA.pdf,,378,0,0,378,16363.66393712830904,275.54501061986008,1004100.400,200718.136
1004097.01371737,200718.657431179,5,5,5,64192.2783649,43575028.3143,North Brooklyn,"Evergreen, WXY, HR&A, Pratt Community Center, Langan, and St. Nicks Alliance",https://a002-epic.nyc.gov/community/areas/3,2019,http://docs.dos.ny.gov/opd/boa/NorthBrooklynBOA.pdf,,379,0,0,379,16367.08971348090563,282.74003597362599,1004097.014,200718.657
1004092.15511956,200720.117067651,5,5,5,64192.2783649,43575028.3143,North Brooklyn,"Evergreen, WXY, HR&A, Pratt Community Center, Langan, and St. Nicks Alliance",https://a002-epic.nyc.gov/community/areas/3,2019,http://docs.dos.ny.gov/opd/boa/NorthBrooklynBOA.pdf,,380,0,0,380,16372.16283001450211,291.41508573906765,1004092.155,200720.117
1004091.34442347,200720.51437576,5,5,5,64192.2783649,43575028.3143,North Brooklyn,"Evergreen, WXY, HR&A, Pratt Community Center, Langan, and St. Nicks Alliance",https://a002-epic.nyc.gov/community/areas/3,2019,http://docs.dos.ny.gov/opd/boa/NorthBrooklynBOA.pdf,,381,0,0,381,16373.06564886415435,300.72739061646388,1004091.344,200720.514
1004090.59967207,200721.042589432,5,5,5,64192.2783649,43575028.3143,North Brooklyn,"Evergreen, WXY, HR&A, Pratt Community Center, Langan, and St. Nicks Alliance",https://a002-epic.nyc.gov/community/areas/3,2019,http://docs.dos.ny.gov/opd/boa/NorthBrooklynBOA.pdf,,382,0,0,382,16373.97870107285780,309.54881212417700,1004090.600,200721.043
1004089.90741391,200721.70531758,5,5,5,64192.2783649,43575028.3143,North Brooklyn,"Evergreen, WXY, HR&A, Pratt Community Center, Langan, and St. Nicks Alliance",https://a002-epic.nyc.gov/community/areas/3,2019,http://docs.dos.ny.gov/opd/boa/NorthBrooklynBOA.pdf,,383,0,0,383,16374.93704859045465,317.56836648916419,1004089.907,200721.705
1004089.25780647,200722.518636261,5,5,5,64192.2783649,43575028.3143,North Brooklyn,"Evergreen, WXY, HR&A, Pratt Community Center, Langan, and St. Nicks Alliance",https://a002-epic.nyc.gov/community/areas/3,2019,http://docs.dos.ny.gov/opd/boa/NorthBrooklynBOA.pdf,,384,0,0,384,16375.97795065197897,325.45759439294625,1004089.258,200722.519
1004088.15544159,200724.392321118,5,5,5,64192.2783649,43575028.3143,North Brooklyn,"Evergreen, WXY, HR&A, Pratt Community Center, Langan, and St. Nicks Alliance",https://a002-epic.nyc.gov/community/areas/3,2019,http://docs.dos.ny.gov/opd/boa/NorthBrooklynBOA.pdf,,385,0,0,385,16378.15186492415523,332.04586232570921,1004088.155,200724.392
1004085.39952781,200730.186276805,5,5,5,64192.2783649,43575028.3143,North Brooklyn,"Evergreen, WXY, HR&A, Pratt Community Center, Langan, and St. Nicks Alliance",https://a002-epic.nyc.gov/community/areas/3,2019,http://docs.dos.ny.gov/opd/boa/NorthBrooklynBOA.pdf,,386,0,0,386,16384.56785925538861,329.63081395417134,1004085.400,200730.186
1004084.31028679,200731.724660009,5,5,5,64192.2783649,43575028.3143,North Brooklyn,"Evergreen, WXY, HR&A, Pratt Community Center, Langan, and St. Nicks Alliance",https://a002-epic.nyc.gov/community/areas/3,2019,http://docs.dos.ny.gov/opd/boa/NorthBrooklynBOA.pdf,,387,0,0,387,16386.45281784734107,320.47596966342263,1004084.310,200731.725
1004083.72301557,200732.33817576,5,5,5,64192.2783649,43575028.3143,North Brooklyn,"Evergreen, WXY, HR&A, Pratt Community Center, Langan, and St. Nicks Alliance",https://a002-epic.nyc.gov/community/areas/3,2019,http://docs.dos.ny.gov/opd/boa/NorthBrooklynBOA.pdf,,388,0,0,388,16387.30210523378628,313.08235388819855,1004083.723,200732.338
1004083.10293611,200732.856875218,5,5,5,64192.2783649,43575028.3143,North Brooklyn,"Evergreen, WXY, HR&A, Pratt Community Center, Langan, and St. Nicks Alliance",https://a002-epic.nyc.gov/community/areas/3,2019,http://docs.dos.ny.gov/opd/boa/NorthBrooklynBOA.pdf,,389,0,0,389,16388.11052818139069,306.24271638786587,1004083.103,200732.857
1004080.8690102,200734.284036001,5,5,5,64192.2783649,43575028.3143,North Brooklyn,"Evergreen, WXY, HR&A, Pratt Community Center, Langan, and St. Nicks Alliance",https://a002-epic.nyc.gov/community/areas/3,2019,http://docs.dos.ny.gov/opd/boa/NorthBrooklynBOA.pdf,,390,0,0,390,16390.76141725207344,298.81148934650201,1004080.869,200734.284
1004078.40509784,200735.43560595,5,5,5,64192.2783649,43575028.3143,North Brooklyn,"Evergreen, WXY, HR&A, Pratt Community Center, Langan, and St. Nicks Alliance",https://a002-epic.nyc.gov/community/areas/3,2019,http://docs.dos.ny.gov/opd/boa/NorthBrooklynBOA.pdf,,391,0,0,391,16393.48115574461553,291.57218067121113,1004078.405,200735.436
1004075.68495225,200736.324380287,5,5,5,64192.2783649,43575028.3143,North Brooklyn,"Evergreen, WXY, HR&A, Pratt Community Center, Langan, and St. Nicks Alliance",https://a002-epic.nyc.gov/community/areas/3,2019,http://docs.dos.ny.gov/opd/boa/NorthBrooklynBOA.pdf,,392,0,0,392,16396.34281817424562,285.02788238335285,1004075.685,200736.324
1004072.66362592,200736.964466582,5,5,5,64192.2783649,43575028.3143,North Brooklyn,"Evergreen, WXY, HR&A, Pratt Community Center, Langan, and St. Nicks Alliance",https://a002-epic.nyc.gov/community/areas/3,2019,http://docs.dos.ny.gov/opd/boa/NorthBrooklynBOA.pdf,,393,0,0,393,16399.43120339259985,278.68476722871742,1004072.664,200736.964
1004066.56421575,200737.541883487,5,5,5,64192.2783649,43575028.3143,North Brooklyn,"Evergreen, WXY, HR&A, Pratt Community Center, Langan, and St. Nicks Alliance",https://a002-epic.nyc.gov/community/areas/3,2019,http://docs.dos.ny.gov/opd/boa/NorthBrooklynBOA.pdf,,394,0,0,394,16405.55788395009949,273.32368994078445,1004066.564,200737.542
1004049.73350684,200737.906027141,5,5,5,64192.2783649,43575028.3143,North Brooklyn,"Evergreen, WXY, HR&A, Pratt Community Center, Langan, and St. Nicks Alliance",https://a002-epic.nyc.gov/community/areas/3,2019,http://docs.dos.ny.gov/opd/boa/NorthBrooklynBOA.pdf,,395,0,0,395,16422.39253164658294,274.72821549856161,1004049.734,200737.906
1004044.89426707,200738.604837249,5,5,5,64192.2783649,43575028.3143,North Brooklyn,"Evergreen, WXY, HR&A, Pratt Community Center, Langan, and St. Nicks Alliance",https://a002-epic.nyc.gov/community/areas/3,2019,http://docs.dos.ny.gov/opd/boa/NorthBrooklynBOA.pdf,,396,0,0,396,16427.28196689892866,282.11193940020377,1004044.894,200738.605
1004040.74400297,200739.795446231,5,5,5,64192.2783649,43575028.3143,North Brooklyn,"Evergreen, WXY, HR&A, Pratt Community Center, Langan, and St. Nicks Alliance",https://a002-epic.nyc.gov/community/areas/3,2019,http://docs.dos.ny.gov/opd/boa/NorthBrooklynBOA.pdf,,397,0,0,397,16431.59963315691130,289.22901446053703,1004040.744,200739.795
1004032.27943116,200743.293133212,5,5,5,64192.2783649,43575028.3143,North Brooklyn,"Evergreen, WXY, HR&A, Pratt Community Center, Langan, and St. Nicks Alliance",https://a002-epic.nyc.gov/community/areas/3,2019,http://docs.dos.ny.gov/opd/boa/NorthBrooklynBOA.pdf,,398,0,0,398,16440.75838798843324,294.22170312883446,1004032.279,200743.293
1004023.80829676,200747.42336583,5,5,5,64192.2783649,43575028.3143,North Brooklyn,"Evergreen, WXY, HR&A, Pratt Community Center, Langan, and St. Nicks Alliance",https://a002-epic.nyc.gov/community/areas/3,2019,http://docs.dos.ny.gov/opd/boa/NorthBrooklynBOA.pdf,,399,0,0,399,16450.18276805010828,297.65681386793977,1004023.808,200747.423
1004015.34372316,200752.177613899,5,5,5,64192.2783649,43575028.3143,North Brooklyn,"Evergreen, WXY, HR&A, Pratt Community Center, Langan, and St. Nicks Alliance",https://a002-epic.nyc.gov/community/areas/3,2019,http://docs.dos.ny.gov/opd/boa/NorthBrooklynBOA.pdf,,400,0,0,400,16459.89110884349429,300.90848289139359,1004015.344,200752.178
1004006.91195705,200757.548331548,5,5,5,64192.2783649,43575028.3143,North Brooklyn,"Evergreen, WXY, HR&A, Pratt Community Center, Langan, and St. Nicks Alliance",https://a002-epic.nyc.gov/community/areas/3,2019,http://docs.dos.ny.gov/opd/boa/NorthBrooklynBOA.pdf,,401,0,0,401,16469.88807276583248,305.41015887657608,1004006.912,200757.548
1004005.04876599,200759.021096631,5,5,5,64192.2783649,43575028.3143,North Brooklyn,"Evergreen, WXY, HR&A, Pratt Community Center, Langan, and St. Nicks Alliance",https://a002-epic.nyc.gov/community/areas/3,2019,http://docs.dos.ny.gov/opd/boa/NorthBrooklynBOA.pdf,,402,0,0,402,16472.26305022548695,312.15961499076127,1004005.049,200759.021
1004003.19180788,200760.943664659,5,5,5,64192.2783649,43575028.3143,North Brooklyn,"Evergreen, WXY, HR&A, Pratt Community Center, Langan, and St. Nicks Alliance",https://a002-epic.nyc.gov/community/areas/3,2019,http://docs.dos.ny.gov/opd/boa/NorthBrooklynBOA.pdf,,403,0,0,403,16474.93598143316922,318.91132819191358,1004003.192,200760.944
1003995.87191276,200770.254999202,5,5,5,64192.2783649,43575028.3143,North Brooklyn,"Evergreen, WXY, HR&A, Pratt Community Center, Langan, and St. Nicks Alliance",https://a002-epic.nyc.gov/community/areas/3,2019,http://docs.dos.ny.gov/opd/boa/NorthBrooklynBOA.pdf,,404,0,0,404,16486.78004389495982,316.89780593510631,1003995.872,200770.255
1003993.75576832,200772.158209826,5,5,5,64192.2783649,43575028.3143,North Brooklyn,"Evergreen, WXY, HR&A, Pratt Community Center, Langan, and St. Nicks Alliance",https://a002-epic.nyc.gov/community/areas/3,2019,http://docs.dos.ny.gov/opd/boa/NorthBrooklynBOA.pdf,,405,0,0,405,16489.62614262336865,308.23941711020291,1003993.756,200772.158
1003992.6730901,200772.902630164,5,5,5,64192.2783649,43575028.3143,North Brooklyn,"Evergreen, WXY, HR&A, Pratt Community Center, Langan, and St. Nicks Alliance",https://a002-epic.nyc.gov/community/areas/3,2019,http://docs.dos.ny.gov/opd/boa/NorthBrooklynBOA.pdf,,406,0,0,406,16490.94005044060032,301.72601667639952,1003992.673,200772.903
1003991.56416535,200773.515816911,5,5,5,64192.2783649,43575028.3143,North Brooklyn,"Evergreen, WXY, HR&A, Pratt Community Center, Langan, and St. Nicks Alliance",https://a002-epic.nyc.gov/community/areas/3,2019,http://docs.dos.ny.gov/opd/boa/NorthBrooklynBOA.pdf,,407,0,0,407,16492.20721739443979,296.10073695417373,1003991.564,200773.516
1003989.99953186,200774.188386055,5,5,5,64192.2783649,43575028.3143,North Brooklyn,"Evergreen, WXY, HR&A, Pratt Community Center, Langan, and St. Nicks Alliance",https://a002-epic.nyc.gov/community/areas/3,2019,http://docs.dos.ny.gov/opd/boa/NorthBrooklynBOA.pdf,,408,0,0,408,16493.91028146124518,290.40748935520423,1003990.000,200774.188
1003988.33909806,200774.713645377,5,5,5,64192.2783649,43575028.3143,North Brooklyn,"Evergreen, WXY, HR&A, Pratt Community Center, Langan, and St. Nicks Alliance",https://a002-epic.nyc.gov/community/areas/3,2019,http://docs.dos.ny.gov/opd/boa/NorthBrooklynBOA.pdf,,409,0,0,409,16495.65181462332839,283.58042118674086,1003988.339,200774.714
1003984.75313925,200775.320594211,5,5,5,64192.2783649,43575028.3143,North Brooklyn,"Evergreen, WXY, HR&A, Pratt Community Center, Langan, and St. Nicks Alliance",https://a002-epic.nyc.gov/community/areas/3,2019,http://docs.dos.ny.gov/opd/boa/NorthBrooklynBOA.pdf,,410,0,0,410,16499.28877592718345,274.85180282237900,1003984.753,200775.321
1003980.87879547,200775.327149121,5,5,5,64192.2783649,43575028.3143,North Brooklyn,"Evergreen, WXY, HR&A, Pratt Community Center, Langan, and St. Nicks Alliance",https://a002-epic.nyc.gov/community/areas/3,2019,http://docs.dos.ny.gov/opd/boa/NorthBrooklynBOA.pdf,,411,0,0,411,16503.16312525104877,265.85151117460612,1003980.879,200775.327
1003976.82991187,200774.729701388,5,5,5,64192.2783649,43575028.3143,North Brooklyn,"Evergreen, WXY, HR&A, Pratt Community Center, Langan, and St. Nicks Alliance",https://a002-epic.nyc.gov/community/areas/3,2019,http://docs.dos.ny.gov/opd/boa/NorthBrooklynBOA.pdf,,412,0,0,412,16507.25585077140204,257.75516271043870,1003976.830,200774.730
1003972.70261706,200773.538749849,5,5,5,64192.2783649,43575028.3143,North Brooklyn,"Evergreen, WXY, HR&A, Pratt Community Center, Langan, and St. Nicks Alliance",https://a002-epic.nyc.gov/community/areas/3,2019,http://docs.dos.ny.gov/opd/boa/NorthBrooklynBOA.pdf,,413,0,0,413,16511.55153791012344,250.17893976196839,1003972.703,200773.539
1003968.71311831,200771.800226658,5,5,5,64192.2783649,43575028.3143,North Brooklyn,"Evergreen, WXY, HR&A, Pratt Community Center, Langan, and St. Nicks Alliance",https://a002-epic.nyc.gov/community/areas/3,2019,http://docs.dos.ny.gov/opd/boa/NorthBrooklynBOA.pdf,,414,0,0,414,16515.90338386460280,242.74565376987303,1003968.713,200771.800
1003965.04875145,200769.601730477,5,5,5,64192.2783649,43575028.3143,North Brooklyn,"Evergreen, WXY, HR&A, Pratt Community Center, Langan, and St. Nicks Alliance",https://a002-epic.nyc.gov/community/areas/3,2019,http://docs.dos.ny.gov/opd/boa/NorthBrooklynBOA.pdf,,415,0,0,415,16520.17666947918042,235.06587326748436,1003965.049,200769.602
1003961.88241659,200767.046279956,5,5,5,64192.2783649,43575028.3143,North Brooklyn,"Evergreen, WXY, HR&A, Pratt Community Center, Langan, and St. Nicks Alliance",https://a002-epic.nyc.gov/community/areas/3,2019,http://docs.dos.ny.gov/opd/boa/NorthBrooklynBOA.pdf,,416,0,0,416,16524.24557642878062,226.44898327309161,1003961.882,200767.046
1003940.43888182,200743.066266883,5,5,5,64192.2783649,43575028.3143,North Brooklyn,"Evergreen, WXY, HR&A, Pratt Community Center, Langan, and St. Nicks Alliance",https://a002-epic.nyc.gov/community/areas/3,2019,http://docs.dos.ny.gov/opd/boa/NorthBrooklynBOA.pdf,,417,0,0,417,16556.41491292367937,222.65329269150965,1003940.439,200743.066
1003936.64328394,200739.066918315,5,5,5,64192.2783649,43575028.3143,North Brooklyn,"Evergreen, WXY, HR&A, Pratt Community Center, Langan, and St. Nicks Alliance",https://a002-epic.nyc.gov/community/areas/3,2019,http://docs.dos.ny.gov/opd/boa/NorthBrooklynBOA.pdf,,418,0,0,418,16561.92865505301597,225.23358533294805,1003936.643,200739.067
1003911.16431592,200715.277842965,5,5,5,64192.2783649,43575028.3143,North Brooklyn,"Evergreen, WXY, HR&A, Pratt Community Center, Langan, and St. Nicks Alliance",https://a002-epic.nyc.gov/community/areas/3,2019,http://docs.dos.ny.gov/opd/boa/NorthBrooklynBOA.pdf,,419,0,0,419,16596.78690969781019,225.47210279495971,1003911.164,200715.278
1003905.82606937,200709.746012078,5,5,5,64192.2783649,43575028.3143,North Brooklyn,"Evergreen, WXY, HR&A, Pratt Community Center, Langan, and St. Nicks Alliance",https://a002-epic.nyc.gov/community/areas/3,2019,http://docs.dos.ny.gov/opd/boa/NorthBrooklynBOA.pdf,,420,0,0,420,16604.47443395725713,222.41294305790356,1003905.826,200709.746
1003901.23651015,200704.437607595,5,5,5,64192.2783649,43575028.3143,North Brooklyn,"Evergreen, WXY, HR&A, Pratt Community Center, Langan, and St. Nicks Alliance",https://a002-epic.nyc.gov/community/areas/3,2019,http://docs.dos.ny.gov/opd/boa/NorthBrooklynBOA.pdf,,421,0,0,421,16611.49178473908978,219.01389343554527,1003901.237,200704.438
1003897.27982481,200699.221395772,5,5,5,64192.2783649,43575028.3143,North Brooklyn,"Evergreen, WXY, HR&A, Pratt Community Center, Langan, and St. Nicks Alliance",https://a002-epic.nyc.gov/community/areas/3,2019,http://docs.dos.ny.gov/opd/boa/NorthBrooklynBOA.pdf,,422,0,0,422,16618.03886230784337,215.09040939832107,1003897.280,200699.221
1003893.91336251,200694.037337211,5,5,5,64192.2783649,43575028.3143,North Brooklyn,"Evergreen, WXY, HR&A, Pratt Community Center, Langan, and St. Nicks Alliance",https://a002-epic.nyc.gov/community/areas/3,2019,http://docs.dos.ny.gov/opd/boa/NorthBrooklynBOA.pdf,,423,0,0,423,16624.22008642418950,210.22070687936156,1003893.913,200694.037
1003893.33921711,200692.931693661,5,5,5,64192.2783649,43575028.3143,North Brooklyn,"Evergreen, WXY, HR&A, Pratt Community Center, Langan, and St. Nicks Alliance",https://a002-epic.nyc.gov/community/areas/3,2019,http://docs.dos.ny.gov/opd/boa/NorthBrooklynBOA.pdf,,424,0,0,424,16625.46591570342207,204.17645603238748,1003893.339,200692.932
1003892.88318209,200691.738123883,5,5,5,64192.2783649,43575028.3143,North Brooklyn,"Evergreen, WXY, HR&A, Pratt Community Center, Langan, and St. Nicks Alliance",https://a002-epic.nyc.gov/community/areas/3,2019,http://docs.dos.ny.gov/opd/boa/NorthBrooklynBOA.pdf,,425,0,0,425,16626.74363897503645,196.50837155231625,1003892.883,200691.738
1003892.30247734,200689.030775058,5,5,5,64192.2783649,43575028.3143,North Brooklyn,"Evergreen, WXY, HR&A, Pratt Community Center, Langan, and St. Nicks Alliance",https://a002-epic.nyc.gov/community/areas/3,2019,http://docs.dos.ny.gov/opd/boa/NorthBrooklynBOA.pdf,,426,0,0,426,16629.51256578278117,187.69778168911608,1003892.302,200689.031
1003892.12203566,200685.89134051,5,5,5,64192.2783649,43575028.3143,North Brooklyn,"Evergreen, WXY, HR&A, Pratt Community Center, Langan, and St. Nicks Alliance",https://a002-epic.nyc.gov/community/areas/3,2019,http://docs.dos.ny.gov/opd/boa/NorthBrooklynBOA.pdf,,427,0,0,427,16632.65718157471565,181.19077086496620,1003892.122,200685.891
1003892.27329609,200676.3470539,5,5,5,64192.2783649,43575028.3143,North Brooklyn,"Evergreen, WXY, HR&A, Pratt Community Center, Langan, and St. Nicks Alliance",https://a002-epic.nyc.gov/community/areas/3,2019,http://docs.dos.ny.gov/opd/boa/NorthBrooklynBOA.pdf,,428,0,0,428,16642.20266671731224,183.69641516836333,1003892.273,200676.347
1003891.85302465,200673.466477088,5,5,5,64192.2783649,43575028.3143,North Brooklyn,"Evergreen, WXY, HR&A, Pratt Community Center, Langan, and St. Nicks Alliance",https://a002-epic.nyc.gov/community/areas/3,2019,http://docs.dos.ny.gov/opd/boa/NorthBrooklynBOA.pdf,,429,0,0,429,16645.11374054920088,192.24253192804261,1003891.853,200673.466
1003891.4855724,200672.200400917,5,5,5,64192.2783649,43575028.3143,North Brooklyn,"Evergreen, WXY, HR&A, Pratt Community Center, Langan, and St. Nicks Alliance",https://a002-epic.nyc.gov/community/areas/3,2019,http://docs.dos.ny.gov/opd/boa/NorthBrooklynBOA.pdf,,430,0,0,430,16646.43206146031662,199.04517737460361,1003891.486,200672.200
1003891.01313316,200671.025531888,5,5,5,64192.2783649,43575028.3143,North Brooklyn,"Evergreen, WXY, HR&A, Pratt Community Center, Langan, and St. Nicks Alliance",https://a002-epic.nyc.gov/community/areas/3,2019,http://docs.dos.ny.gov/opd/boa/NorthBrooklynBOA.pdf,,431,0,0,431,16647.69836161366402,205.62099765728837,1003891.013,200671.026
1003888.24739224,200666.104269515,5,5,5,64192.2783649,43575028.3143,North Brooklyn,"Evergreen, WXY, HR&A, Pratt Community Center, Langan, and St. Nicks Alliance",https://a002-epic.nyc.gov/community/areas/3,2019,http://docs.dos.ny.gov/opd/boa/NorthBrooklynBOA.pdf,,432,0,0,432,16653.34354948837790,213.31119102490044,1003888.247,200666.104
1003884.67784524,200661.416273334,5,5,5,64192.2783649,43575028.3143,North Brooklyn,"Evergreen, WXY, HR&A, Pratt Community Center, Langan, and St. Nicks Alliance",https://a002-epic.nyc.gov/community/areas/3,2019,http://docs.dos.ny.gov/opd/boa/NorthBrooklynBOA.pdf,,433,0,0,433,16659.23583037121716,220.97878657238687,1003884.678,200661.416
1003880.38651298,200657.075388592,5,5,5,64192.2783649,43575028.3143,North Brooklyn,"Evergreen, WXY, HR&A, Pratt Community Center, Langan, and St. Nicks Alliance",https://a002-epic.nyc.gov/community/areas/3,2019,http://docs.dos.ny.gov/opd/boa/NorthBrooklynBOA.pdf,,434,0,0,434,16665.33983011709643,228.15473907039663,1003880.387,200657.075
1003875.52431388,200653.226956707,5,5,5,64192.2783649,43575028.3143,North Brooklyn,"Evergreen, WXY, HR&A, Pratt Community Center, Langan, and St. Nicks Alliance",https://a002-epic.nyc.gov/community/areas/3,2019,http://docs.dos.ny.gov/opd/boa/NorthBrooklynBOA.pdf,,435,0,0,435,16671.54075005497725,234.37590198805819,1003875.524,200653.227
1003774.22191657,200587.725169612,5,5,5,64192.2783649,43575028.3143,North Brooklyn,"Evergreen, WXY, HR&A, Pratt Community Center, Langan, and St. Nicks Alliance",https://a002-epic.nyc.gov/community/areas/3,2019,http://docs.dos.ny.gov/opd/boa/NorthBrooklynBOA.pdf,,436,0,0,436,16792.17515565148642,229.57932957628603,1003774.222,200587.725
1003763.91353429,200576.294710698,5,5,5,64192.2783649,43575028.3143,North Brooklyn,"Evergreen, WXY, HR&A, Pratt Community Center, Langan, and St. Nicks Alliance",https://a002-epic.nyc.gov/community/areas/3,2019,http://docs.dos.ny.gov/opd/boa/NorthBrooklynBOA.pdf,,437,0,0,437,16807.56730092643556,219.60269782540385,1003763.914,200576.295
1003754.60580937,200564.014516383,5,5,5,64192.2783649,43575028.3143,North Brooklyn,"Evergreen, WXY, HR&A, Pratt Community Center, Langan, and St. Nicks Alliance",https://a002-epic.nyc.gov/community/areas/3,2019,http://docs.dos.ny.gov/opd/boa/NorthBrooklynBOA.pdf,,438,0,0,438,16822.97628906877435,215.55991702989388,1003754.606,200564.015
1003752.01395144,200560.166088448,5,5,5,64192.2783649,43575028.3143,North Brooklyn,"Evergreen, WXY, HR&A, Pratt Community Center, Langan, and St. Nicks Alliance",https://a002-epic.nyc.gov/community/areas/3,2019,http://docs.dos.ny.gov/opd/boa/NorthBrooklynBOA.pdf,,439,0,0,439,16827.61613013370516,212.45794660325001,1003752.014,200560.166
1003746.89913442,200551.63885246,5,5,5,64192.2783649,43575028.3143,North Brooklyn,"Evergreen, WXY, HR&A, Pratt Community Center, Langan, and St. Nicks Alliance",https://a002-epic.nyc.gov/community/areas/3,2019,http://docs.dos.ny.gov/opd/boa/NorthBrooklynBOA.pdf,,440,0,0,440,16837.55972640071559,208.64955506385013,1003746.899,200551.639
1003742.54875347,200542.853087781,5,5,5,64192.2783649,43575028.3143,North Brooklyn,"Evergreen, WXY, HR&A, Pratt Community Center, Langan, and St. Nicks Alliance",https://a002-epic.nyc.gov/community/areas/3,2019,http://docs.dos.ny.gov/opd/boa/NorthBrooklynBOA.pdf,,441,0,0,441,16847.36357643134761,203.96093053872025,1003742.549,200542.853
1003739.01530184,200533.919030623,5,5,5,64192.2783649,43575028.3143,North Brooklyn,"Evergreen, WXY, HR&A, Pratt Community Center, Langan, and St. Nicks Alliance",https://a002-epic.nyc.gov/community/areas/3,2019,http://docs.dos.ny.gov/opd/boa/NorthBrooklynBOA.pdf,,442,0,0,442,16856.97100364790822,199.07692184234321,1003739.015,200533.919
1003736.34175841,200524.936418563,5,5,5,64192.2783649,43575028.3143,North Brooklyn,"Evergreen, WXY, HR&A, Pratt Community Center, Langan, and St. Nicks Alliance",https://a002-epic.nyc.gov/community/areas/3,2019,http://docs.dos.ny.gov/opd/boa/NorthBrooklynBOA.pdf,,443,0,0,443,16866.34304472299846,193.54504005319163,1003736.342,200524.936
1003735.72791804,200521.629332404,5,5,5,64192.2783649,43575028.3143,North Brooklyn,"Evergreen, WXY, HR&A, Pratt Community Center, Langan, and St. Nicks Alliance",https://a002-epic.nyc.gov/community/areas/3,2019,http://docs.dos.ny.gov/opd/boa/NorthBrooklynBOA.pdf,,444,0,0,444,16869.70661705990642,187.19942851935087,1003735.728,200521.629
1003735.49203067,200518.154596083,5,5,5,64192.2783649,43575028.3143,North Brooklyn,"Evergreen, WXY, HR&A, Pratt Community Center, Langan, and St. Nicks Alliance",https://a002-epic.nyc.gov/community/areas/3,2019,http://docs.dos.ny.gov/opd/boa/NorthBrooklynBOA.pdf,,445,0,0,445,16873.18935095054985,180.81988331097648,1003735.492,200518.155
1003735.63278386,200514.562406405,5,5,5,64192.2783649,43575028.3143,North Brooklyn,"Evergreen, WXY, HR&A, Pratt Community Center, Langan, and St. Nicks Alliance",https://a002-epic.nyc.gov/community/areas/3,2019,http://docs.dos.ny.gov/opd/boa/NorthBrooklynBOA.pdf,,446,0,0,446,16876.78429714486265,174.83101752297998,1003735.633,200514.562
1003736.1511618,200510.917395867,5,5,5,64192.2783649,43575028.3143,North Brooklyn,"Evergreen, WXY, HR&A, Pratt Community Center, Langan, and St. Nicks Alliance",https://a002-epic.nyc.gov/community/areas/3,2019,http://docs.dos.ny.gov/opd/boa/NorthBrooklynBOA.pdf,,447,0,0,447,16880.46598392133092,167.72797887565213,1003736.151,200510.917
1003738.27748447,200503.715959368,5,5,5,64192.2783649,43575028.3143,North Brooklyn,"Evergreen, WXY, HR&A, Pratt Community Center, Langan, and St. Nicks Alliance",https://a002-epic.nyc.gov/community/areas/3,2019,http://docs.dos.ny.gov/opd/boa/NorthBrooklynBOA.pdf,,448,0,0,448,16887.97477448336940,159.40622883041630,1003738.277,200503.716
1003739.83884103,200500.32718417,5,5,5,64192.2783649,43575028.3143,North Brooklyn,"Evergreen, WXY, HR&A, Pratt Community Center, Langan, and St. Nicks Alliance",https://a002-epic.nyc.gov/community/areas/3,2019,http://docs.dos.ny.gov/opd/boa/NorthBrooklynBOA.pdf,,449,0,0,449,16891.70594476235419,152.39447439996775,1003739.839,200500.327
1003741.69252007,200497.176926392,5,5,5,64192.2783649,43575028.3143,North Brooklyn,"Evergreen, WXY, HR&A, Pratt Community Center, Langan, and St. Nicks Alliance",https://a002-epic.nyc.gov/community/areas/3,2019,http://docs.dos.ny.gov/opd/boa/NorthBrooklynBOA.pdf,,450,0,0,450,16895.36111234446071,154.93419234325751,1003741.693,200497.177
1003791.43353307,200357.935280507,5,5,5,64192.2783649,43575028.3143,North Brooklyn,"Evergreen, WXY, HR&A, Pratt Community Center, Langan, and St. Nicks Alliance",https://a002-epic.nyc.gov/community/areas/3,2019,http://docs.dos.ny.gov/opd/boa/NorthBrooklynBOA.pdf,,451,0,0,451,17043.22051963223566,152.76725572257101,1003791.434,200357.935
1003792.76555679,200356.019273258,5,5,5,64192.2783649,43575028.3143,North Brooklyn,"Evergreen, WXY, HR&A, Pratt Community Center, Langan, and St. Nicks Alliance",https://a002-epic.nyc.gov/community/areas/3,2019,http://docs.dos.ny.gov/opd/boa/NorthBrooklynBOA.pdf,,452,0,0,452,17045.55405149754370,149.19080540581305,1003792.766,200356.019
1003793.84495616,200353.88344937,5,5,5,64192.2783649,43575028.3143,North Brooklyn,"Evergreen, WXY, HR&A, Pratt Community Center, Langan, and St. Nicks Alliance",https://a002-epic.nyc.gov/community/areas/3,2019,http://docs.dos.ny.gov/opd/boa/NorthBrooklynBOA.pdf,,453,0,0,453,17047.94713458808837,156.99368628082533,1003793.845,200353.883
1003794.63564183,200351.613110605,5,5,5,64192.2783649,43575028.3143,North Brooklyn,"Evergreen, WXY, HR&A, Pratt Community Center, Langan, and St. Nicks Alliance",https://a002-epic.nyc.gov/community/areas/3,2019,http://docs.dos.ny.gov/opd/boa/NorthBrooklynBOA.pdf,,454,0,0,454,17050.35121901672755,164.61689873568653,1003794.636,200351.613
1003795.11169504,200349.28666895,5,5,5,64192.2783649,43575028.3143,North Brooklyn,"Evergreen, WXY, HR&A, Pratt Community Center, Langan, and St. Nicks Alliance",https://a002-epic.nyc.gov/community/areas/3,2019,http://docs.dos.ny.gov/opd/boa/NorthBrooklynBOA.pdf,,455,0,0,455,17052.72586792388392,171.68841881399538,1003795.112,200349.287
1003795.23308809,200347.915278723,5,5,5,64192.2783649,43575028.3143,North Brooklyn,"Evergreen, WXY, HR&A, Pratt Community Center, Langan, and St. Nicks Alliance",https://a002-epic.nyc.gov/community/areas/3,2019,http://docs.dos.ny.gov/opd/boa/NorthBrooklynBOA.pdf,,456,0,0,456,17054.10262041671012,178.38122556939760,1003795.233,200347.915
1003794.91453296,200337.895597797,5,5,5,64192.2783649,43575028.3143,North Brooklyn,"Evergreen, WXY, HR&A, Pratt Community Center, Langan, and St. Nicks Alliance",https://a002-epic.nyc.gov/community/areas/3,2019,http://docs.dos.ny.gov/opd/boa/NorthBrooklynBOA.pdf,,457,0,0,457,17064.12736396590117,185.11422353247073,1003794.915,200337.896
1003794.43258228,200334.63477171,5,5,5,64192.2783649,43575028.3143,North Brooklyn,"Evergreen, WXY, HR&A, Pratt Community Center, Langan, and St. Nicks Alliance",https://a002-epic.nyc.gov/community/areas/3,2019,http://docs.dos.ny.gov/opd/boa/NorthBrooklynBOA.pdf,,458,0,0,458,17067.42361383930984,188.42056863532869,1003794.433,200334.635
1003794.17963198,200332.928735305,5,5,5,64192.2783649,43575028.3143,North Brooklyn,"Evergreen, WXY, HR&A, Pratt Community Center, Langan, and St. Nicks Alliance",https://a002-epic.nyc.gov/community/areas/3,2019,http://docs.dos.ny.gov/opd/boa/NorthBrooklynBOA.pdf,,459,0,0,459,17069.14830049688680,188.43363041818697,1003794.180,200332.929
1003792.97229466,200324.78569236,5,5,5,64192.2783649,43575028.3143,North Brooklyn,"Evergreen, WXY, HR&A, Pratt Community Center, Langan, and St. Nicks Alliance",https://a002-epic.nyc.gov/community/areas/3,2019,http://docs.dos.ny.gov/opd/boa/NorthBrooklynBOA.pdf,,460,0,0,460,17077.38036049604125,174.38269252052530,1003792.972,200324.786
1003843.45510812,200183.545689513,5,5,5,64192.2783649,43575028.3143,North Brooklyn,"Evergreen, WXY, HR&A, Pratt Community Center, Langan, and St. Nicks Alliance",https://a002-epic.nyc.gov/community/areas/3,2019,http://docs.dos.ny.gov/opd/boa/NorthBrooklynBOA.pdf,,461,0,0,461,17227.37120308070007,167.40559028546122,1003843.455,200183.546
1003844.64902349,200171.19300711,5,5,5,64192.2783649,43575028.3143,North Brooklyn,"Evergreen, WXY, HR&A, Pratt Community Center, Langan, and St. Nicks Alliance",https://a002-epic.nyc.gov/community/areas/3,2019,http://docs.dos.ny.gov/opd/boa/NorthBrooklynBOA.pdf,,462,0,0,462,17239.78144870453980,177.72071937353334,1003844.649,200171.193
1003844.43939577,200158.709744845,5,5,5,64192.2783649,43575028.3143,North Brooklyn,"Evergreen, WXY, HR&A, Pratt Community Center, Langan, and St. Nicks Alliance",https://a002-epic.nyc.gov/community/areas/3,2019,http://docs.dos.ny.gov/opd/boa/NorthBrooklynBOA.pdf,,463,0,0,463,17252.26647095321823,184.11613003714257,1003844.439,200158.710
1003842.96270643,200147.134616407,5,5,5,64192.2783649,43575028.3143,North Brooklyn,"Evergreen, WXY, HR&A, Pratt Community Center, Langan, and St. Nicks Alliance",https://a002-epic.nyc.gov/community/areas/3,2019,http://docs.dos.ny.gov/opd/boa/NorthBrooklynBOA.pdf,,464,0,0,464,17263.93541305518011,189.59820376054893,1003842.963,200147.135
1003840.22978549,200134.195313196,5,5,5,64192.2783649,43575028.3143,North Brooklyn,"Evergreen, WXY, HR&A, Pratt Community Center, Langan, and St. Nicks Alliance",https://a002-epic.nyc.gov/community/areas/3,2019,http://docs.dos.ny.gov/opd/boa/NorthBrooklynBOA.pdf,,465,0,0,465,17277.16017862834633,193.33299173504821,1003840.230,200134.195
1003836.62088143,200120.477793558,5,5,5,64192.2783649,43575028.3143,North Brooklyn,"Evergreen, WXY, HR&A, Pratt Community Center, Langan, and St. Nicks Alliance",https://a002-epic.nyc.gov/community/areas/3,2019,http://docs.dos.ny.gov/opd/boa/NorthBrooklynBOA.pdf,,466,0,0,466,17291.34448451531352,195.92897995158273,1003836.621,200120.478
1003832.06381624,200105.681532579,5,5,5,64192.2783649,43575028.3143,North Brooklyn,"Evergreen, WXY, HR&A, Pratt Community Center, Langan, and St. Nicks Alliance",https://a002-epic.nyc.gov/community/areas/3,2019,http://docs.dos.ny.gov/opd/boa/NorthBrooklynBOA.pdf,,467,0,0,467,17306.82660911599305,198.06012551544217,1003832.064,200105.682
1003826.20458892,200088.6670945,5,5,5,64192.2783649,43575028.3143,North Brooklyn,"Evergreen, WXY, HR&A, Pratt Community Center, Langan, and St. Nicks Alliance",https://a002-epic.nyc.gov/community/areas/3,2019,http://docs.dos.ny.gov/opd/boa/NorthBrooklynBOA.pdf,,468,0,0,468,17324.82165420832098,200.14789967078255,1003826.205,200088.667
1003821.21740274,200075.871487992,5,5,5,64192.2783649,43575028.3143,North Brooklyn,"Evergreen, WXY, HR&A, Pratt Community Center, Langan, and St. Nicks Alliance",https://a002-epic.nyc.gov/community/areas/3,2019,http://docs.dos.ny.gov/opd/boa/NorthBrooklynBOA.pdf,,469,0,0,469,17338.55481014346151,203.10954889577397,1003821.217,200075.871
1003815.87949292,200064.385263476,5,5,5,64192.2783649,43575028.3143,North Brooklyn,"Evergreen, WXY, HR&A, Pratt Community Center, Langan, and St. Nicks Alliance",https://a002-epic.nyc.gov/community/areas/3,2019,http://docs.dos.ny.gov/opd/boa/NorthBrooklynBOA.pdf,,470,0,0,470,17351.22077377973619,207.02842891504599,1003815.879,200064.385
1003810.10522978,200054.024365734,5,5,5,64192.2783649,43575028.3143,North Brooklyn,"Evergreen, WXY, HR&A, Pratt Community Center, Langan, and St. Nicks Alliance",https://a002-epic.nyc.gov/community/areas/3,2019,http://docs.dos.ny.gov/opd/boa/NorthBrooklynBOA.pdf,,471,0,0,471,17363.08206868512934,211.50607170687323,1003810.105,200054.024
1003803.85524337,200044.716616288,5,5,5,64192.2783649,43575028.3143,North Brooklyn,"Evergreen, WXY, HR&A, Pratt Community Center, Langan, and St. Nicks Alliance",https://a002-epic.nyc.gov/community/areas/3,2019,http://docs.dos.ny.gov/opd/boa/NorthBrooklynBOA.pdf,,472,0,0,472,17374.29351506658350,216.56727151991285,1003803.855,200044.717
1003800.99763694,200041.219565625,5,5,5,64192.2783649,43575028.3143,North Brooklyn,"Evergreen, WXY, HR&A, Pratt Community Center, Langan, and St. Nicks Alliance",https://a002-epic.nyc.gov/community/areas/3,2019,http://docs.dos.ny.gov/opd/boa/NorthBrooklynBOA.pdf,,473,0,0,473,17378.80962819648266,221.96894991430364,1003800.998,200041.220
1003797.7430486,200037.928878997,5,5,5,64192.2783649,43575028.3143,North Brooklyn,"Evergreen, WXY, HR&A, Pratt Community Center, Langan, and St. Nicks Alliance",https://a002-epic.nyc.gov/community/areas/3,2019,http://docs.dos.ny.gov/opd/boa/NorthBrooklynBOA.pdf,,474,0,0,474,17383.43790690206151,227.24785327295555,1003797.743,200037.929
1003794.13445728,200034.880645713,5,5,5,64192.2783649,43575028.3143,North Brooklyn,"Evergreen, WXY, HR&A, Pratt Community Center, Langan, and St. Nicks Alliance",https://a002-epic.nyc.gov/community/areas/3,2019,http://docs.dos.ny.gov/opd/boa/NorthBrooklynBOA.pdf,,475,0,0,475,17388.16164032511006,232.31653655362240,1003794.134,200034.881
1003790.22041939,200032.121781828,5,5,5,64192.2783649,43575028.3143,North Brooklyn,"Evergreen, WXY, HR&A, Pratt Community Center, Langan, and St. Nicks Alliance",https://a002-epic.nyc.gov/community/areas/3,2019,http://docs.dos.ny.gov/opd/boa/NorthBrooklynBOA.pdf,,476,0,0,476,17392.95027505698090,237.25011232157149,1003790.220,200032.122
1003786.06359886,200029.690673261,5,5,5,64192.2783649,43575028.3143,North Brooklyn,"Evergreen, WXY, HR&A, Pratt Community Center, Langan, and St. Nicks Alliance",https://a002-epic.nyc.gov/community/areas/3,2019,http://docs.dos.ny.gov/opd/boa/NorthBrooklynBOA.pdf,,477,0,0,477,17397.76581715770953,242.14563792479544,1003786.064,200029.691
1003781.7227227,200027.630627206,5,5,5,64192.2783649,43575028.3143,North Brooklyn,"Evergreen, WXY, HR&A, Pratt Community Center, Langan, and St. Nicks Alliance",https://a002-epic.nyc.gov/community/areas/3,2019,http://docs.dos.ny.gov/opd/boa/NorthBrooklynBOA.pdf,,478,0,0,478,17402.57071004023237,247.07954005318581,1003781.723,200027.631
1003777.27062549,200025.97018705,5,5,5,64192.2783649,43575028.3143,North Brooklyn,"Evergreen, WXY, HR&A, Pratt Community Center, Langan, and St. Nicks Alliance",https://a002-epic.nyc.gov/community/areas/3,2019,http://docs.dos.ny.gov/opd/boa/NorthBrooklynBOA.pdf,,479,0,0,479,17407.32236565386120,252.10701460309593,1003777.271,200025.970
1003772.77259589,200024.736911984,5,5,5,64192.2783649,43575028.3143,North Brooklyn,"Evergreen, WXY, HR&A, Pratt Community Center, Langan, and St. Nicks Alliance",https://a002-epic.nyc.gov/community/areas/3,2019,http://docs.dos.ny.gov/opd/boa/NorthBrooklynBOA.pdf,,480,0,0,480,17411.98640227798023,253.81402230446332,1003772.773,200024.737
1003572.06402938,199963.223462894,5,5,5,64192.2783649,43575028.3143,North Brooklyn,"Evergreen, WXY, HR&A, Pratt Community Center, Langan, and St. Nicks Alliance",https://a002-epic.nyc.gov/community/areas/3,2019,http://docs.dos.ny.gov/opd/boa/NorthBrooklynBOA.pdf,,481,0,0,481,17621.90980043250238,252.33385282072891,1003572.064,199963.223
1003241.31288603,199853.883033448,5,5,5,64192.2783649,43575028.3143,North Brooklyn,"Evergreen, WXY, HR&A, Pratt Community Center, Langan, and St. Nicks Alliance",https://a002-epic.nyc.gov/community/areas/3,2019,http://docs.dos.ny.gov/opd/boa/NorthBrooklynBOA.pdf,,482,0,0,482,17970.26543528683396,267.18839714669286,1003241.313,199853.883
1003235.78466919,199855.125805275,5,5,5,64192.2783649,43575028.3143,North Brooklyn,"Evergreen, WXY, HR&A, Pratt Community Center, Langan, and St. Nicks Alliance",https://a002-epic.nyc.gov/community/areas/3,2019,http://docs.dos.ny.gov/opd/boa/NorthBrooklynBOA.pdf,,483,0,0,483,17975.93162124449373,280.16007936708104,1003235.785,199855.126
1003230.16458954,199855.880716262,5,5,5,64192.2783649,43575028.3143,North Brooklyn,"Evergreen, WXY, HR&A, Pratt Community Center, Langan, and St. Nicks Alliance",https://a002-epic.nyc.gov/community/areas/3,2019,http://docs.dos.ny.gov/opd/boa/NorthBrooklynBOA.pdf,,484,0,0,484,17981.60217551937967,276.19661550816392,1003230.165,199855.881
1003229.41327714,199855.943050857,5,5,5,64192.2783649,43575028.3143,North Brooklyn,"Evergreen, WXY, HR&A, Pratt Community Center, Langan, and St. Nicks Alliance",https://a002-epic.nyc.gov/community/areas/3,2019,http://docs.dos.ny.gov/opd/boa/NorthBrooklynBOA.pdf,,485,0,0,485,17982.35606936583645,273.47980926806019,1003229.413,199855.943
1003223.0484476,199856.189430569,5,5,5,64192.2783649,43575028.3143,North Brooklyn,"Evergreen, WXY, HR&A, Pratt Community Center, Langan, and St. Nicks Alliance",https://a002-epic.nyc.gov/community/areas/3,2019,http://docs.dos.ny.gov/opd/boa/NorthBrooklynBOA.pdf,,486,0,0,486,17988.72566574391385,270.20166284074469,1003223.048,199856.189
1003215.99136154,199855.965993,5,5,5,64192.2783649,43575028.3143,North Brooklyn,"Evergreen, WXY, HR&A, Pratt Community Center, Langan, and St. Nicks Alliance",https://a002-epic.nyc.gov/community/areas/3,2019,http://docs.dos.ny.gov/opd/boa/NorthBrooklynBOA.pdf,,487,0,0,487,17995.78628809841757,266.21416508082621,1003215.991,199855.966
1003195.23349126,199853.872781383,5,5,5,64192.2783649,43575028.3143,North Brooklyn,"Evergreen, WXY, HR&A, Pratt Community Center, Langan, and St. Nicks Alliance",https://a002-epic.nyc.gov/community/areas/3,2019,http://docs.dos.ny.gov/opd/boa/NorthBrooklynBOA.pdf,,488,0,0,488,18016.64943056090488,262.73283699491316,1003195.233,199853.873
1003182.46118484,199851.90097492,5,5,5,64192.2783649,43575028.3143,North Brooklyn,"Evergreen, WXY, HR&A, Pratt Community Center, Langan, and St. Nicks Alliance",https://a002-epic.nyc.gov/community/areas/3,2019,http://docs.dos.ny.gov/opd/boa/NorthBrooklynBOA.pdf,,489,0,0,489,18029.57304584146914,258.51536305502492,1003182.461,199851.901
1003170.05961502,199848.764471467,5,5,5,64192.2783649,43575028.3143,North Brooklyn,"Evergreen, WXY, HR&A, Pratt Community Center, Langan, and St. Nicks Alliance",https://a002-epic.nyc.gov/community/areas/3,2019,http://docs.dos.ny.gov/opd/boa/NorthBrooklynBOA.pdf,,490,0,0,490,18042.36509759031833,253.02382566500719,1003170.060,199848.764
1003158.25844046,199844.525279279,5,5,5,64192.2783649,43575028.3143,North Brooklyn,"Evergreen, WXY, HR&A, Pratt Community Center, Langan, and St. Nicks Alliance",https://a002-epic.nyc.gov/community/areas/3,2019,http://docs.dos.ny.gov/opd/boa/NorthBrooklynBOA.pdf,,491,0,0,491,18054.90457411108218,247.33412866547951,1003158.258,199844.525
1003147.24138813,199839.253280547,5,5,5,64192.2783649,43575028.3143,North Brooklyn,"Evergreen, WXY, HR&A, Pratt Community Center, Langan, and St. Nicks Alliance",https://a002-epic.nyc.gov/community/areas/3,2019,http://docs.dos.ny.gov/opd/boa/NorthBrooklynBOA.pdf,,492,0,0,492,18067.11806717171203,242.53013425471363,1003147.241,199839.253
1003127.17906924,199827.963880068,5,5,5,64192.2783649,43575028.3143,North Brooklyn,"Evergreen, WXY, HR&A, Pratt Community Center, Langan, and St. Nicks Alliance",https://a002-epic.nyc.gov/community/areas/3,2019,http://docs.dos.ny.gov/opd/boa/NorthBrooklynBOA.pdf,,493,0,0,493,18090.13864932006254,240.00916179393775,1003127.179,199827.964
1003104.09214762,199814.302428044,5,5,5,64192.2783649,43575028.3143,North Brooklyn,"Evergreen, WXY, HR&A, Pratt Community Center, Langan, and St. Nicks Alliance",https://a002-epic.nyc.gov/community/areas/3,2019,http://docs.dos.ny.gov/opd/boa/NorthBrooklynBOA.pdf,,494,0,0,494,18116.96477876411154,239.09829014074072,1003104.092,199814.302
1003088.44550837,199804.830619838,5,5,5,64192.2783649,43575028.3143,North Brooklyn,"Evergreen, WXY, HR&A, Pratt Community Center, Langan, and St. Nicks Alliance",https://a002-epic.nyc.gov/community/areas/3,2019,http://docs.dos.ny.gov/opd/boa/NorthBrooklynBOA.pdf,,495,0,0,495,18135.25500759029455,237.91418893633940,1003088.446,199804.831
1003078.51113488,199798.383426678,5,5,5,64192.2783649,43575028.3143,North Brooklyn,"Evergreen, WXY, HR&A, Pratt Community Center, Langan, and St. Nicks Alliance",https://a002-epic.nyc.gov/community/areas/3,2019,http://docs.dos.ny.gov/opd/boa/NorthBrooklynBOA.pdf,,496,0,0,496,18147.09806784943066,235.02705269467532,1003078.511,199798.383
1003071.77590627,199793.314847475,5,5,5,64192.2783649,43575028.3143,North Brooklyn,"Evergreen, WXY, HR&A, Pratt Community Center, Langan, and St. Nicks Alliance",https://a002-epic.nyc.gov/community/areas/3,2019,http://docs.dos.ny.gov/opd/boa/NorthBrooklynBOA.pdf,,497,0,0,497,18155.52740943650861,230.72750302614728,1003071.776,199793.315
1003064.79100738,199787.117331338,5,5,5,64192.2783649,43575028.3143,North Brooklyn,"Evergreen, WXY, HR&A, Pratt Community Center, Langan, and St. Nicks Alliance",https://a002-epic.nyc.gov/community/areas/3,2019,http://docs.dos.ny.gov/opd/boa/NorthBrooklynBOA.pdf,,498,0,0,498,18164.86539737707790,226.71499518021659,1003064.791,199787.117
1003057.66175289,199779.99100957,5,5,5,64192.2783649,43575028.3143,North Brooklyn,"Evergreen, WXY, HR&A, Pratt Community Center, Langan, and St. Nicks Alliance",https://a002-epic.nyc.gov/community/areas/3,2019,http://docs.dos.ny.gov/opd/boa/NorthBrooklynBOA.pdf,,499,0,0,499,18174.94561223352139,224.04892602151244,1003057.662,199779.991
1003046.08368732,199767.612385707,5,5,5,64192.2783649,43575028.3143,North Brooklyn,"Evergreen, WXY, HR&A, Pratt Community Center, Langan, and St. Nicks Alliance",https://a002-epic.nyc.gov/community/areas/3,2019,http://docs.dos.ny.gov/opd/boa/NorthBrooklynBOA.pdf,,500,0,0,500,18191.89500547174612,220.84773139616644,1003046.084,199767.612
1003043.71787806,199764.649784413,5,5,5,64192.2783649,43575028.3143,North Brooklyn,"Evergreen, WXY, HR&A, Pratt Community Center, Langan, and St. Nicks Alliance",https://a002-epic.nyc.gov/community/areas/3,2019,http://docs.dos.ny.gov/opd/boa/NorthBrooklynBOA.pdf,,501,0,0,501,18195.68631921154883,215.75860678523773,1003043.718,199764.650
1003041.62470698,199761.415202105,5,5,5,64192.2783649,43575028.3143,North Brooklyn,"Evergreen, WXY, HR&A, Pratt Community Center, Langan, and St. Nicks Alliance",https://a002-epic.nyc.gov/community/areas/3,2019,http://docs.dos.ny.gov/opd/boa/NorthBrooklynBOA.pdf,,502,0,0,502,18199.53909585656947,208.77480131322733,1003041.625,199761.415
1003038.39637087,199754.377469883,5,5,5,64192.2783649,43575028.3143,North Brooklyn,"Evergreen, WXY, HR&A, Pratt Community Center, Langan, and St. Nicks Alliance",https://a002-epic.nyc.gov/community/areas/3,2019,http://docs.dos.ny.gov/opd/boa/NorthBrooklynBOA.pdf,,503,0,0,503,18207.28195249302735,199.88390619163695,1003038.396,199754.377
1003036.99250708,199749.18390016,5,5,5,64192.2783649,43575028.3143,North Brooklyn,"Evergreen, WXY, HR&A, Pratt Community Center, Langan, and St. Nicks Alliance",https://a002-epic.nyc.gov/community/areas/3,2019,http://docs.dos.ny.gov/opd/boa/NorthBrooklynBOA.pdf,,504,0,0,504,18212.66191531814547,191.72191813077811,1003036.993,199749.184
1003035.95216314,199742.068087854,5,5,5,64192.2783649,43575028.3143,North Brooklyn,"Evergreen, WXY, HR&A, Pratt Community Center, Langan, and St. Nicks Alliance",https://a002-epic.nyc.gov/community/areas/3,2019,http://docs.dos.ny.gov/opd/boa/NorthBrooklynBOA.pdf,,505,0,0,505,18219.85337555046863,185.51485604194195,1003035.952,199742.068
1003035.80452988,199738.95129109,5,5,5,64192.2783649,43575028.3143,North Brooklyn,"Evergreen, WXY, HR&A, Pratt Community Center, Langan, and St. Nicks Alliance",https://a002-epic.nyc.gov/community/areas/3,2019,http://docs.dos.ny.gov/opd/boa/NorthBrooklynBOA.pdf,,506,0,0,506,18222.97366682711436,182.71421261707445,1003035.805,199738.951
1003035.62113655,199735.086135024,5,5,5,64192.2783649,43575028.3143,North Brooklyn,"Evergreen, WXY, HR&A, Pratt Community Center, Langan, and St. Nicks Alliance",https://a002-epic.nyc.gov/community/areas/3,2019,http://docs.dos.ny.gov/opd/boa/NorthBrooklynBOA.pdf,,507,0,0,507,18226.84317125580492,179.69518286236615,1003035.621,199735.086
1003036.01123815,199728.37386836,5,5,5,64192.2783649,43575028.3143,North Brooklyn,"Evergreen, WXY, HR&A, Pratt Community Center, Langan, and St. Nicks Alliance",https://a002-epic.nyc.gov/community/areas/3,2019,http://docs.dos.ny.gov/opd/boa/NorthBrooklynBOA.pdf,,508,0,0,508,18233.56676427090133,173.41999933310206,1003036.011,199728.374
1003037.11393766,199722.012324608,5,5,5,64192.2783649,43575028.3143,North Brooklyn,"Evergreen, WXY, HR&A, Pratt Community Center, Langan, and St. Nicks Alliance",https://a002-epic.nyc.gov/community/areas/3,2019,http://docs.dos.ny.gov/opd/boa/NorthBrooklynBOA.pdf,,509,0,0,509,18240.02317078677152,167.43293350615437,1003037.114,199722.012
1003041.23469433,199706.949674599,5,5,5,64192.2783649,43575028.3143,North Brooklyn,"Evergreen, WXY, HR&A, Pratt Community Center, Langan, and St. Nicks Alliance",https://a002-epic.nyc.gov/community/areas/3,2019,http://docs.dos.ny.gov/opd/boa/NorthBrooklynBOA.pdf,,510,0,0,510,18255.63931822607628,162.58676729658063,1003041.235,199706.950
1003046.29344191,199692.684926169,5,5,5,64192.2783649,43575028.3143,North Brooklyn,"Evergreen, WXY, HR&A, Pratt Community Center, Langan, and St. Nicks Alliance",https://a002-epic.nyc.gov/community/areas/3,2019,http://docs.dos.ny.gov/opd/boa/NorthBrooklynBOA.pdf,,511,0,0,511,18270.77450817592762,159.30905942205189,1003046.293,199692.685
1003052.76656225,199676.546493416,5,5,5,64192.2783649,43575028.3143,North Brooklyn,"Evergreen, WXY, HR&A, Pratt Community Center, Langan, and St. Nicks Alliance",https://a002-epic.nyc.gov/community/areas/3,2019,http://docs.dos.ny.gov/opd/boa/NorthBrooklynBOA.pdf,,512,0,0,512,18288.16273116276716,156.35840941633592,1003052.767,199676.546
1003057.49426681,199666.602280543,5,5,5,64192.2783649,43575028.3143,North Brooklyn,"Evergreen, WXY, HR&A, Pratt Community Center, Langan, and St. Nicks Alliance",https://a002-epic.nyc.gov/community/areas/3,2019,http://docs.dos.ny.gov/opd/boa/NorthBrooklynBOA.pdf,,513,0,0,513,18299.17356946607470,151.58519646735539,1003057.494,199666.602
1003058.33744465,199665.22104905,5,5,5,64192.2783649,43575028.3143,North Brooklyn,"Evergreen, WXY, HR&A, Pratt Community Center, Langan, and St. Nicks Alliance",https://a002-epic.nyc.gov/community/areas/3,2019,http://docs.dos.ny.gov/opd/boa/NorthBrooklynBOA.pdf,,514,0,0,514,18300.79182448383654,145.44149752225130,1003058.337,199665.221
1003059.34466434,199663.91855798,5,5,5,64192.2783649,43575028.3143,North Brooklyn,"Evergreen, WXY, HR&A, Pratt Community Center, Langan, and St. Nicks Alliance",https://a002-epic.nyc.gov/community/areas/3,2019,http://docs.dos.ny.gov/opd/boa/NorthBrooklynBOA.pdf,,515,0,0,515,18302.43832820375974,137.61268701872342,1003059.345,199663.919
1003061.7593657,199661.671516032,5,5,5,64192.2783649,43575028.3143,North Brooklyn,"Evergreen, WXY, HR&A, Pratt Community Center, Langan, and St. Nicks Alliance",https://a002-epic.nyc.gov/community/areas/3,2019,http://docs.dos.ny.gov/opd/boa/NorthBrooklynBOA.pdf,,516,0,0,516,18305.73680969368434,128.33813309591895,1003061.759,199661.672
1003062.98312011,199660.854261343,5,5,5,64192.2783649,43575028.3143,North Brooklyn,"Evergreen, WXY, HR&A, Pratt Community Center, Langan, and St. Nicks Alliance",https://a002-epic.nyc.gov/community/areas/3,2019,http://docs.dos.ny.gov/opd/boa/NorthBrooklynBOA.pdf,,517,0,0,517,18307.20836672683072,100.78593046314111,1003062.983,199660.854
1003169.22356846,199683.754701822,5,5,5,64192.2783649,43575028.3143,North Brooklyn,"Evergreen, WXY, HR&A, Pratt Community Center, Langan, and St. Nicks Alliance",https://a002-epic.nyc.gov/community/areas/3,2019,http://docs.dos.ny.gov/opd/boa/NorthBrooklynBOA.pdf,,518,0,0,518,18415.88892174161083,118.92886457615379,1003169.224,199683.755
1003214.53214655,199559.122292475,5,5,5,64192.2783649,43575028.3143,North Brooklyn,"Evergreen, WXY, HR&A, Pratt Community Center, Langan, and St. Nicks Alliance",https://a002-epic.nyc.gov/community/areas/3,2019,http://docs.dos.ny.gov/opd/boa/NorthBrooklynBOA.pdf,,519,0,0,519,18548.50153316251453,131.65686601472146,1003214.532,199559.122
1003223.92158507,199556.9041343,5,5,5,64192.2783649,43575028.3143,North Brooklyn,"Evergreen, WXY, HR&A, Pratt Community Center, Langan, and St. Nicks Alliance",https://a002-epic.nyc.gov/community/areas/3,2019,http://docs.dos.ny.gov/opd/boa/NorthBrooklynBOA.pdf,,520,0,0,520,18558.14942316940869,132.53096880738116,1003223.922,199556.904
1003227.97376811,199544.600997452,5,5,5,64192.2783649,43575028.3143,North Brooklyn,"Evergreen, WXY, HR&A, Pratt Community Center, Langan, and St. Nicks Alliance",https://a002-epic.nyc.gov/community/areas/3,2019,http://docs.dos.ny.gov/opd/boa/NorthBrooklynBOA.pdf,,521,0,0,521,18571.10269934526514,118.63992359737863,1003227.974,199544.601
1003260.12401727,199552.909777805,5,5,5,64192.2783649,43575028.3143,North Brooklyn,"Evergreen, WXY, HR&A, Pratt Community Center, Langan, and St. Nicks Alliance",https://a002-epic.nyc.gov/community/areas/3,2019,http://docs.dos.ny.gov/opd/boa/NorthBrooklynBOA.pdf,,522,0,0,522,18604.30924014695483,118.26068093446510,1003260.124,199552.910
1003276.39869148,199505.613568282,5,5,5,64192.2783649,43575028.3143,North Brooklyn,"Evergreen, WXY, HR&A, Pratt Community Center, Langan, and St. Nicks Alliance",https://a002-epic.nyc.gov/community/areas/3,2019,http://docs.dos.ny.gov/opd/boa/NorthBrooklynBOA.pdf,,523,0,0,523,18654.32720147824148,160.04094211505046,1003276.399,199505.614
1003291.50800009,199466.107707539,5,5,5,64192.2783649,43575028.3143,North Brooklyn,"Evergreen, WXY, HR&A, Pratt Community Center, Langan, and St. Nicks Alliance",https://a002-epic.nyc.gov/community/areas/3,2019,http://docs.dos.ny.gov/opd/boa/NorthBrooklynBOA.pdf,,524,0,0,524,18696.62382356278613,209.11391284024288,1003291.508,199466.108
1003257.42795846,199459.580418941,5,5,5,64192.2783649,43575028.3143,North Brooklyn,"Evergreen, WXY, HR&A, Pratt Community Center, Langan, and St. Nicks Alliance",https://a002-epic.nyc.gov/community/areas/3,2019,http://docs.dos.ny.gov/opd/boa/NorthBrooklynBOA.pdf,,525,0,0,525,18731.32331540378436,209.39499484074929,1003257.428,199459.580
1003311.70113389,199313.39094926,5,5,5,64192.2783649,43575028.3143,North Brooklyn,"Evergreen, WXY, HR&A, Pratt Community Center, Langan, and St. Nicks Alliance",https://a002-epic.nyc.gov/community/areas/3,2019,http://docs.dos.ny.gov/opd/boa/NorthBrooklynBOA.pdf,,526,0,0,526,18887.26220925903544,184.52745067326043,1003311.701,199313.391
1003252.91519839,199209.158280184,5,5,5,64192.2783649,43575028.3143,North Brooklyn,"Evergreen, WXY, HR&A, Pratt Community Center, Langan, and St. Nicks Alliance",https://a002-epic.nyc.gov/community/areas/3,2019,http://docs.dos.ny.gov/opd/boa/NorthBrooklynBOA.pdf,,527,0,0,527,19006.92939571968600,226.35540678925759,1003252.915,199209.158
1003224.36502369,199194.791765935,5,5,5,64192.2783649,43575028.3143,North Brooklyn,"Evergreen, WXY, HR&A, Pratt Community Center, Langan, and St. Nicks Alliance",https://a002-epic.nyc.gov/community/areas/3,2019,http://docs.dos.ny.gov/opd/boa/NorthBrooklynBOA.pdf,,528,0,0,528,19038.89045337944845,242.34561653852401,1003224.365,199194.792
1003214.55532062,199189.443981813,5,5,5,64192.2783649,43575028.3143,North Brooklyn,"Evergreen, WXY, HR&A, Pratt Community Center, Langan, and St. Nicks Alliance",https://a002-epic.nyc.gov/community/areas/3,2019,http://docs.dos.ny.gov/opd/boa/NorthBrooklynBOA.pdf,,529,0,0,529,19050.06314640243727,232.81281933001108,1003214.555,199189.444
1003199.64392622,199174.122439828,5,5,5,64192.2783649,43575028.3143,North Brooklyn,"Evergreen, WXY, HR&A, Pratt Community Center, Langan, and St. Nicks Alliance",https://a002-epic.nyc.gov/community/areas/3,2019,http://docs.dos.ny.gov/opd/boa/NorthBrooklynBOA.pdf,,530,0,0,530,19071.44302787710694,237.18182221096097,1003199.644,199174.122
1003109.13676012,199141.432332351,5,5,5,64192.2783649,43575028.3143,North Brooklyn,"Evergreen, WXY, HR&A, Pratt Community Center, Langan, and St. Nicks Alliance",https://a002-epic.nyc.gov/community/areas/3,2019,http://docs.dos.ny.gov/opd/boa/NorthBrooklynBOA.pdf,,531,0,0,531,19167.67291015197770,250.14083699049053,1003109.137,199141.432
1002976.16308302,199093.403573084,5,5,5,64192.2783649,43575028.3143,North Brooklyn,"Evergreen, WXY, HR&A, Pratt Community Center, Langan, and St. Nicks Alliance",https://a002-epic.nyc.gov/community/areas/3,2019,http://docs.dos.ny.gov/opd/boa/NorthBrooklynBOA.pdf,,532,0,0,532,19309.05452322912242,250.39062751490189,1002976.163,199093.404
1002948.78448944,199083.783777793,5,5,5,64192.2783649,43575028.3143,North Brooklyn,"Evergreen, WXY, HR&A, Pratt Community Center, Langan, and St. Nicks Alliance",https://a002-epic.nyc.gov/community/areas/3,2019,http://docs.dos.ny.gov/opd/boa/NorthBrooklynBOA.pdf,,533,0,0,533,19338.07396237269859,251.89523714674229,1002948.784,199083.784
1002941.23528054,199081.497348001,5,5,5,64192.2783649,43575028.3143,North Brooklyn,"Evergreen, WXY, HR&A, Pratt Community Center, Langan, and St. Nicks Alliance",https://a002-epic.nyc.gov/community/areas/3,2019,http://docs.dos.ny.gov/opd/boa/NorthBrooklynBOA.pdf,,534,0,0,534,19345.96182115850388,250.76476949700825,1002941.235,199081.497
1002936.25201593,199079.522274363,5,5,5,64192.2783649,43575028.3143,North Brooklyn,"Evergreen, WXY, HR&A, Pratt Community Center, Langan, and St. Nicks Alliance",https://a002-epic.nyc.gov/community/areas/3,2019,http://docs.dos.ny.gov/opd/boa/NorthBrooklynBOA.pdf,,535,0,0,535,19351.32221685026889,244.40751142426467,1002936.252,199079.522
1002932.12767572,199077.182701105,5,5,5,64192.2783649,43575028.3143,North Brooklyn,"Evergreen, WXY, HR&A, Pratt Community Center, Langan, and St. Nicks Alliance",https://a002-epic.nyc.gov/community/areas/3,2019,http://docs.dos.ny.gov/opd/boa/NorthBrooklynBOA.pdf,,536,0,0,536,19356.06392384367791,236.55279486129925,1002932.128,199077.183
1002930.3986751,199075.864129039,5,5,5,64192.2783649,43575028.3143,North Brooklyn,"Evergreen, WXY, HR&A, Pratt Community Center, Langan, and St. Nicks Alliance",https://a002-epic.nyc.gov/community/areas/3,2019,http://docs.dos.ny.gov/opd/boa/NorthBrooklynBOA.pdf,,537,0,0,537,19358.23833765785093,229.75368963903875,1002930.399,199075.864
1002928.87341479,199074.433680758,5,5,5,64192.2783649,43575028.3143,North Brooklyn,"Evergreen, WXY, HR&A, Pratt Community Center, Langan, and St. Nicks Alliance",https://a002-epic.nyc.gov/community/areas/3,2019,http://docs.dos.ny.gov/opd/boa/NorthBrooklynBOA.pdf,,538,0,0,538,19360.32941424996170,223.54091721032972,1002928.873,199074.434
1002926.28811753,199071.379215546,5,5,5,64192.2783649,43575028.3143,North Brooklyn,"Evergreen, WXY, HR&A, Pratt Community Center, Langan, and St. Nicks Alliance",https://a002-epic.nyc.gov/community/areas/3,2019,http://docs.dos.ny.gov/opd/boa/NorthBrooklynBOA.pdf,,539,0,0,539,19364.33110385007603,216.52246388443200,1002926.288,199071.379
1002924.224474,199068.177113556,5,5,5,64192.2783649,43575028.3143,North Brooklyn,"Evergreen, WXY, HR&A, Pratt Community Center, Langan, and St. Nicks Alliance",https://a002-epic.nyc.gov/community/areas/3,2019,http://docs.dos.ny.gov/opd/boa/NorthBrooklynBOA.pdf,,540,0,0,540,19368.14057648498783,208.63087164612924,1002924.224,199068.177
1002922.75138167,199064.938923385,5,5,5,64192.2783649,43575028.3143,North Brooklyn,"Evergreen, WXY, HR&A, Pratt Community Center, Langan, and St. Nicks Alliance",https://a002-epic.nyc.gov/community/areas/3,2019,http://docs.dos.ny.gov/opd/boa/NorthBrooklynBOA.pdf,,541,0,0,541,19371.69808637236929,200.97921490618995,1002922.751,199064.939
1002922.24252578,199063.324749972,5,5,5,64192.2783649,43575028.3143,North Brooklyn,"Evergreen, WXY, HR&A, Pratt Community Center, Langan, and St. Nicks Alliance",https://a002-epic.nyc.gov/community/areas/3,2019,http://docs.dos.ny.gov/opd/boa/NorthBrooklynBOA.pdf,,542,0,0,542,19373.39056683621675,194.87039688741203,1002922.243,199063.325
1002921.89508717,199061.72370019,5,5,5,64192.2783649,43575028.3143,North Brooklyn,"Evergreen, WXY, HR&A, Pratt Community Center, Langan, and St. Nicks Alliance",https://a002-epic.nyc.gov/community/areas/3,2019,http://docs.dos.ny.gov/opd/boa/NorthBrooklynBOA.pdf,,543,0,0,543,19375.02888121089200,190.40036178065793,1002921.895,199061.724
1002921.68478738,199060.326062634,5,5,5,64192.2783649,43575028.3143,North Brooklyn,"Evergreen, WXY, HR&A, Pratt Community Center, Langan, and St. Nicks Alliance",https://a002-epic.nyc.gov/community/areas/3,2019,http://docs.dos.ny.gov/opd/boa/NorthBrooklynBOA.pdf,,544,0,0,544,19376.44225191302030,185.59886855100228,1002921.685,199060.326
1002921.42888997,199054.777836309,5,5,5,64192.2783649,43575028.3143,North Brooklyn,"Evergreen, WXY, HR&A, Pratt Community Center, Langan, and St. Nicks Alliance",https://a002-epic.nyc.gov/community/areas/3,2019,http://docs.dos.ny.gov/opd/boa/NorthBrooklynBOA.pdf,,545,0,0,545,19381.99637640231595,178.08286110033828,1002921.429,199054.778
1002922.0525856,199049.282433047,5,5,5,64192.2783649,43575028.3143,North Brooklyn,"Evergreen, WXY, HR&A, Pratt Community Center, Langan, and St. Nicks Alliance",https://a002-epic.nyc.gov/community/areas/3,2019,http://docs.dos.ny.gov/opd/boa/NorthBrooklynBOA.pdf,,546,0,0,546,19387.52705929502190,167.57263746202565,1002922.053,199049.282
1003092.75542351,198535.523126184,5,5,5,64192.2783649,43575028.3143,North Brooklyn,"Evergreen, WXY, HR&A, Pratt Community Center, Langan, and St. Nicks Alliance",https://a002-epic.nyc.gov/community/areas/3,2019,http://docs.dos.ny.gov/opd/boa/NorthBrooklynBOA.pdf,,547,0,0,547,19928.90316170122605,206.23343115113948,1003092.755,198535.523
1002717.975124,198405.352233242,5,5,5,64192.2783649,43575028.3143,North Brooklyn,"Evergreen, WXY, HR&A, Pratt Community Center, Langan, and St. Nicks Alliance",https://a002-epic.nyc.gov/community/areas/3,2019,http://docs.dos.ny.gov/opd/boa/NorthBrooklynBOA.pdf,,548,0,0,548,20325.64581666553568,206.98816759276849,1002717.975,198405.352
1002746.14454922,198312.462233058,5,5,5,64192.2783649,43575028.3143,North Brooklyn,"Evergreen, WXY, HR&A, Pratt Community Center, Langan, and St. Nicks Alliance",https://a002-epic.nyc.gov/community/areas/3,2019,http://docs.dos.ny.gov/opd/boa/NorthBrooklynBOA.pdf,,549,0,0,549,20422.71315747160406,117.10282069428941,1002746.145,198312.462
1003129.31362539,198443.830647919,5,5,5,64192.2783649,43575028.3143,North Brooklyn,"Evergreen, WXY, HR&A, Pratt Community Center, Langan, and St. Nicks Alliance",https://a002-epic.nyc.gov/community/areas/3,2019,http://docs.dos.ny.gov/opd/boa/NorthBrooklynBOA.pdf,,550,0,0,550,20827.77636408843682,116.08915083459485,1003129.314,198443.831
1003195.17708955,198251.432559464,5,5,5,64192.2783649,43575028.3143,North Brooklyn,"Evergreen, WXY, HR&A, Pratt Community Center, Langan, and St. Nicks Alliance",https://a002-epic.nyc.gov/community/areas/3,2019,http://docs.dos.ny.gov/opd/boa/NorthBrooklynBOA.pdf,,551,0,0,551,21031.13570208947567,161.08515059461624,1003195.177,198251.433
1003237.70876271,198127.434660887,5,5,5,64192.2783649,43575028.3143,North Brooklyn,"Evergreen, WXY, HR&A, Pratt Community Center, Langan, and St. Nicks Alliance",https://a002-epic.nyc.gov/community/areas/3,2019,http://docs.dos.ny.gov/opd/boa/NorthBrooklynBOA.pdf,,552,0,0,552,21162.22506883306778,161.06782239763052,1003237.709,198127.435
1003305.84323234,197928.794782502,5,5,5,64192.2783649,43575028.3143,North Brooklyn,"Evergreen, WXY, HR&A, Pratt Community Center, Langan, and St. Nicks Alliance",https://a002-epic.nyc.gov/community/areas/3,2019,http://docs.dos.ny.gov/opd/boa/NorthBrooklynBOA.pdf,,553,0,0,553,21372.22532415934256,161.71057381190607,1003305.843,197928.795
1003371.41767311,197722.660152863,5,5,5,64192.2783649,43575028.3143,North Brooklyn,"Evergreen, WXY, HR&A, Pratt Community Center, Langan, and St. Nicks Alliance",https://a002-epic.nyc.gov/community/areas/3,2019,http://docs.dos.ny.gov/opd/boa/NorthBrooklynBOA.pdf,,554,0,0,554,21588.53873756332541,160.64884492813647,1003371.418,197722.660
1003398.50766794,197652.292780191,5,5,5,64192.2783649,43575028.3143,North Brooklyn,"Evergreen, WXY, HR&A, Pratt Community Center, Langan, and St. Nicks Alliance",https://a002-epic.nyc.gov/community/areas/3,2019,http://docs.dos.ny.gov/opd/boa/NorthBrooklynBOA.pdf,,555,0,0,555,21663.94056086384808,137.36612155436052,1003398.508,197652.293
1003436.60841344,197633.88406535,5,5,5,64192.2783649,43575028.3143,North Brooklyn,"Evergreen, WXY, HR&A, Pratt Community Center, Langan, and St. Nicks Alliance",https://a002-epic.nyc.gov/community/areas/3,2019,http://docs.dos.ny.gov/opd/boa/NorthBrooklynBOA.pdf,,556,0,0,556,21706.25542337312436,121.29908179495283,1003436.608,197633.884
1003437.46766626,197633.241022601,5,5,5,64192.2783649,43575028.3143,North Brooklyn,"Evergreen, WXY, HR&A, Pratt Community Center, Langan, and St. Nicks Alliance",https://a002-epic.nyc.gov/community/areas/3,2019,http://docs.dos.ny.gov/opd/boa/NorthBrooklynBOA.pdf,,557,0,0,557,21707.32865186433628,129.12976767558604,1003437.468,197633.241
1003438.67501681,197632.17475231,5,5,5,64192.2783649,43575028.3143,North Brooklyn,"Evergreen, WXY, HR&A, Pratt Community Center, Langan, and St. Nicks Alliance",https://a002-epic.nyc.gov/community/areas/3,2019,http://docs.dos.ny.gov/opd/boa/NorthBrooklynBOA.pdf,,558,0,0,558,21708.93943666853738,134.15669230107127,1003438.675,197632.175
1003438.81642121,197632.023833991,5,5,5,64192.2783649,43575028.3143,North Brooklyn,"Evergreen, WXY, HR&A, Pratt Community Center, Langan, and St. Nicks Alliance",https://a002-epic.nyc.gov/community/areas/3,2019,http://docs.dos.ny.gov/opd/boa/NorthBrooklynBOA.pdf,,559,0,0,559,21709.14624948893470,136.93132072749893,1003438.816,197632.024
1003439.76458534,197631.007103911,5,5,5,64192.2783649,43575028.3143,North Brooklyn,"Evergreen, WXY, HR&A, Pratt Community Center, Langan, and St. Nicks Alliance",https://a002-epic.nyc.gov/community/areas/3,2019,http://docs.dos.ny.gov/opd/boa/NorthBrooklynBOA.pdf,,560,0,0,560,21710.53648517533657,139.83769115213124,1003439.765,197631.007
1003440.73538762,197629.733812309,5,5,5,64192.2783649,43575028.3143,North Brooklyn,"Evergreen, WXY, HR&A, Pratt Community Center, Langan, and St. Nicks Alliance",https://a002-epic.nyc.gov/community/areas/3,2019,http://docs.dos.ny.gov/opd/boa/NorthBrooklynBOA.pdf,,561,0,0,561,21712.13764993564109,145.48189703745783,1003440.735,197629.734
1003441.59496963,197628.342738388,5,5,5,64192.2783649,43575028.3143,North Brooklyn,"Evergreen, WXY, HR&A, Pratt Community Center, Langan, and St. Nicks Alliance",https://a002-epic.nyc.gov/community/areas/3,2019,http://docs.dos.ny.gov/opd/boa/NorthBrooklynBOA.pdf,,562,0,0,562,21713.77287709916709,152.15653603019328,1003441.595,197628.343
1003442.96636506,197625.258752785,5,5,5,64192.2783649,43575028.3143,North Brooklyn,"Evergreen, WXY, HR&A, Pratt Community Center, Langan, and St. Nicks Alliance",https://a002-epic.nyc.gov/community/areas/3,2019,http://docs.dos.ny.gov/opd/boa/NorthBrooklynBOA.pdf,,563,0,0,563,21717.14803526359174,160.60910047504373,1003442.966,197625.259
1003443.91781377,197621.659674812,5,5,5,64192.2783649,43575028.3143,North Brooklyn,"Evergreen, WXY, HR&A, Pratt Community Center, Langan, and St. Nicks Alliance",https://a002-epic.nyc.gov/community/areas/3,2019,http://docs.dos.ny.gov/opd/boa/NorthBrooklynBOA.pdf,,564,0,0,564,21720.87075159792585,169.84415300244248,1003443.918,197621.660
1003444.63665651,197614.199377697,5,5,5,64192.2783649,43575028.3143,North Brooklyn,"Evergreen, WXY, HR&A, Pratt Community Center, Langan, and St. Nicks Alliance",https://a002-epic.nyc.gov/community/areas/3,2019,http://docs.dos.ny.gov/opd/boa/NorthBrooklynBOA.pdf,,565,0,0,565,21728.36560102438307,177.66465492736117,1003444.637,197614.199
1003444.41686212,197599.084226732,5,5,5,64192.2783649,43575028.3143,North Brooklyn,"Evergreen, WXY, HR&A, Pratt Community Center, Langan, and St. Nicks Alliance",https://a002-epic.nyc.gov/community/areas/3,2019,http://docs.dos.ny.gov/opd/boa/NorthBrooklynBOA.pdf,,566,0,0,566,21743.48234995546954,179.33225403634950,1003444.417,197599.084
1003444.64620158,197593.027799461,5,5,5,64192.2783649,43575028.3143,North Brooklyn,"Evergreen, WXY, HR&A, Pratt Community Center, Langan, and St. Nicks Alliance",https://a002-epic.nyc.gov/community/areas/3,2019,http://docs.dos.ny.gov/opd/boa/NorthBrooklynBOA.pdf,,567,0,0,567,21749.54311788423365,174.44992154244730,1003444.646,197593.028
1003445.57173497,197587.138696233,5,5,5,64192.2783649,43575028.3143,North Brooklyn,"Evergreen, WXY, HR&A, Pratt Community Center, Langan, and St. Nicks Alliance",https://a002-epic.nyc.gov/community/areas/3,2019,http://docs.dos.ny.gov/opd/boa/NorthBrooklynBOA.pdf,,568,0,0,568,21755.50450605139486,167.29291337199834,1003445.572,197587.139
1003446.32600368,197584.589486176,5,5,5,64192.2783649,43575028.3143,North Brooklyn,"Evergreen, WXY, HR&A, Pratt Community Center, Langan, and St. Nicks Alliance",https://a002-epic.nyc.gov/community/areas/3,2019,http://docs.dos.ny.gov/opd/boa/NorthBrooklynBOA.pdf,,569,0,0,569,21758.16296297363442,160.54626636092351,1003446.326,197584.589
1003447.28729306,197582.260092665,5,5,5,64192.2783649,43575028.3143,North Brooklyn,"Evergreen, WXY, HR&A, Pratt Community Center, Langan, and St. Nicks Alliance",https://a002-epic.nyc.gov/community/areas/3,2019,http://docs.dos.ny.gov/opd/boa/NorthBrooklynBOA.pdf,,570,0,0,570,21760.68291364597462,155.05410508889224,1003447.287,197582.260
1003452.14623008,197572.912992932,5,5,5,64192.2783649,43575028.3143,North Brooklyn,"Evergreen, WXY, HR&A, Pratt Community Center, Langan, and St. Nicks Alliance",https://a002-epic.nyc.gov/community/areas/3,2019,http://docs.dos.ny.gov/opd/boa/NorthBrooklynBOA.pdf,,571,0,0,571,21771.21750155730479,150.73568812229411,1003452.146,197572.913
1003457.75647934,197563.59870297,5,5,5,64192.2783649,43575028.3143,North Brooklyn,"Evergreen, WXY, HR&A, Pratt Community Center, Langan, and St. Nicks Alliance",https://a002-epic.nyc.gov/community/areas/3,2019,http://docs.dos.ny.gov/opd/boa/NorthBrooklynBOA.pdf,,572,0,0,572,21782.09090462353925,147.24260560499127,1003457.756,197563.599
1003464.10852635,197554.340188596,5,5,5,64192.2783649,43575028.3143,North Brooklyn,"Evergreen, WXY, HR&A, Pratt Community Center, Langan, and St. Nicks Alliance",https://a002-epic.nyc.gov/community/areas/3,2019,http://docs.dos.ny.gov/opd/boa/NorthBrooklynBOA.pdf,,573,0,0,573,21793.31893159339234,143.97443203297766,1003464.109,197554.340
1003471.18498266,197545.150573169,5,5,5,64192.2783649,43575028.3143,North Brooklyn,"Evergreen, WXY, HR&A, Pratt Community Center, Langan, and St. Nicks Alliance",https://a002-epic.nyc.gov/community/areas/3,2019,http://docs.dos.ny.gov/opd/boa/NorthBrooklynBOA.pdf,,574,0,0,574,21804.91743432607836,140.13773308660689,1003471.185,197545.151
1003479.13118897,197536.364502445,5,5,5,64192.2783649,43575028.3143,North Brooklyn,"Evergreen, WXY, HR&A, Pratt Community Center, Langan, and St. Nicks Alliance",https://a002-epic.nyc.gov/community/areas/3,2019,http://docs.dos.ny.gov/opd/boa/NorthBrooklynBOA.pdf,,575,0,0,575,21816.76383603342765,136.15661189522211,1003479.131,197536.365
1003498.46192351,197517.408181575,5,5,5,64192.2783649,43575028.3143,North Brooklyn,"Evergreen, WXY, HR&A, Pratt Community Center, Langan, and St. Nicks Alliance",https://a002-epic.nyc.gov/community/areas/3,2019,http://docs.dos.ny.gov/opd/boa/NorthBrooklynBOA.pdf,,576,0,0,576,21843.83816702524564,136.95263783239980,1003498.462,197517.408
1003506.55609665,197507.942649513,5,5,5,64192.2783649,43575028.3143,North Brooklyn,"Evergreen, WXY, HR&A, Pratt Community Center, Langan, and St. Nicks Alliance",https://a002-epic.nyc.gov/community/areas/3,2019,http://docs.dos.ny.gov/opd/boa/NorthBrooklynBOA.pdf,,577,0,0,577,21856.29256127218105,143.27333308306726,1003506.556,197507.943
1003510.72572505,197501.502043281,5,5,5,64192.2783649,43575028.3143,North Brooklyn,"Evergreen, WXY, HR&A, Pratt Community Center, Langan, and St. Nicks Alliance",https://a002-epic.nyc.gov/community/areas/3,2019,http://docs.dos.ny.gov/opd/boa/NorthBrooklynBOA.pdf,,578,0,0,578,21863.96505823354164,150.86183306607674,1003510.726,197501.502
1003511.34285286,197500.199879658,5,5,5,64192.2783649,43575028.3143,North Brooklyn,"Evergreen, WXY, HR&A, Pratt Community Center, Langan, and St. Nicks Alliance",https://a002-epic.nyc.gov/community/areas/3,2019,http://docs.dos.ny.gov/opd/boa/NorthBrooklynBOA.pdf,,579,0,0,579,21865.40605679120199,154.62567967049043,1003511.343,197500.200
1003514.08203422,197494.428889917,5,5,5,64192.2783649,43575028.3143,North Brooklyn,"Evergreen, WXY, HR&A, Pratt Community Center, Langan, and St. Nicks Alliance",https://a002-epic.nyc.gov/community/areas/3,2019,http://docs.dos.ny.gov/opd/boa/NorthBrooklynBOA.pdf,,580,0,0,580,21871.79412669483645,158.31363917629281,1003514.082,197494.429
1003516.50986636,197486.948582828,5,5,5,64192.2783649,43575028.3143,North Brooklyn,"Evergreen, WXY, HR&A, Pratt Community Center, Langan, and St. Nicks Alliance",https://a002-epic.nyc.gov/community/areas/3,2019,http://docs.dos.ny.gov/opd/boa/NorthBrooklynBOA.pdf,,581,0,0,581,21879.65856329529197,165.74262431895087,1003516.510,197486.949
1003517.92752819,197479.324245079,5,5,5,64192.2783649,43575028.3143,North Brooklyn,"Evergreen, WXY, HR&A, Pratt Community Center, Langan, and St. Nicks Alliance",https://a002-epic.nyc.gov/community/areas/3,2019,http://docs.dos.ny.gov/opd/boa/NorthBrooklynBOA.pdf,,582,0,0,582,21887.41358045624656,172.23926606418070,1003517.928,197479.324
1003518.21591876,197476.020113265,5,5,5,64192.2783649,43575028.3143,North Brooklyn,"Evergreen, WXY, HR&A, Pratt Community Center, Langan, and St. Nicks Alliance",https://a002-epic.nyc.gov/community/areas/3,2019,http://docs.dos.ny.gov/opd/boa/NorthBrooklynBOA.pdf,,583,0,0,583,21890.73027401571380,123.02752535765993,1003518.216,197476.020
1003557.03512212,197489.353839425,5,5,5,64192.2783649,43575028.3143,North Brooklyn,"Evergreen, WXY, HR&A, Pratt Community Center, Langan, and St. Nicks Alliance",https://a002-epic.nyc.gov/community/areas/3,2019,http://docs.dos.ny.gov/opd/boa/NorthBrooklynBOA.pdf,,584,0,0,584,21931.77560021656245,23.56890088190956,1003557.035,197489.354
1003553.55381185,197497.207832087,5,5,5,64192.2783649,43575028.3143,North Brooklyn,"Evergreen, WXY, HR&A, Pratt Community Center, Langan, and St. Nicks Alliance",https://a002-epic.nyc.gov/community/areas/3,2019,http://docs.dos.ny.gov/opd/boa/NorthBrooklynBOA.pdf,,585,0,0,585,21940.36656768155080,338.49183457836637,1003553.554,197497.208
1003552.51706219,197500.199954809,5,5,5,64192.2783649,43575028.3143,North Brooklyn,"Evergreen, WXY, HR&A, Pratt Community Center, Langan, and St. Nicks Alliance",https://a002-epic.nyc.gov/community/areas/3,2019,http://docs.dos.ny.gov/opd/boa/NorthBrooklynBOA.pdf,,586,0,0,586,21943.53321389514167,340.92079137971882,1003552.517,197500.200
1003551.22801492,197503.933546515,5,5,5,64192.2783649,43575028.3143,North Brooklyn,"Evergreen, WXY, HR&A, Pratt Community Center, Langan, and St. Nicks Alliance",https://a002-epic.nyc.gov/community/areas/3,2019,http://docs.dos.ny.gov/opd/boa/NorthBrooklynBOA.pdf,,587,0,0,587,21947.48306830819638,345.58398762456204,1003551.228,197503.934
1003550.17452848,197510.042465686,5,5,5,64192.2783649,43575028.3143,North Brooklyn,"Evergreen, WXY, HR&A, Pratt Community Center, Langan, and St. Nicks Alliance",https://a002-epic.nyc.gov/community/areas/3,2019,http://docs.dos.ny.gov/opd/boa/NorthBrooklynBOA.pdf,,588,0,0,588,21953.68215913715176,354.77948980929887,1003550.175,197510.042
1003550.14204408,197512.877109989,5,5,5,64192.2783649,43575028.3143,North Brooklyn,"Evergreen, WXY, HR&A, Pratt Community Center, Langan, and St. Nicks Alliance",https://a002-epic.nyc.gov/community/areas/3,2019,http://docs.dos.ny.gov/opd/boa/NorthBrooklynBOA.pdf,,589,0,0,589,21956.51698956561813,2.77369709614518,1003550.142,197512.877
1003550.43698764,197515.590363872,5,5,5,64192.2783649,43575028.3143,North Brooklyn,"Evergreen, WXY, HR&A, Pratt Community Center, Langan, and St. Nicks Alliance",https://a002-epic.nyc.gov/community/areas/3,2019,http://docs.dos.ny.gov/opd/boa/NorthBrooklynBOA.pdf,,590,0,0,590,21959.24622725063455,10.33768524196824,1003550.437,197515.590
1003551.66729562,197520.357424293,5,5,5,64192.2783649,43575028.3143,North Brooklyn,"Evergreen, WXY, HR&A, Pratt Community Center, Langan, and St. Nicks Alliance",https://a002-epic.nyc.gov/community/areas/3,2019,http://docs.dos.ny.gov/opd/boa/NorthBrooklynBOA.pdf,,591,0,0,591,21964.16949067811220,18.81583917148285,1003551.667,197520.357
1003553.6981285,197525.104801142,5,5,5,64192.2783649,43575028.3143,North Brooklyn,"Evergreen, WXY, HR&A, Pratt Community Center, Langan, and St. Nicks Alliance",https://a002-epic.nyc.gov/community/areas/3,2019,http://docs.dos.ny.gov/opd/boa/NorthBrooklynBOA.pdf,,592,0,0,592,21969.33300393323952,27.16204968673910,1003553.698,197525.105
1003556.4737122,197529.694371024,5,5,5,64192.2783649,43575028.3143,North Brooklyn,"Evergreen, WXY, HR&A, Pratt Community Center, Langan, and St. Nicks Alliance",https://a002-epic.nyc.gov/community/areas/3,2019,http://docs.dos.ny.gov/opd/boa/NorthBrooklynBOA.pdf,,593,0,0,593,21974.69658637294560,34.94299471136446,1003556.474,197529.694
1003559.88577927,197533.949952729,5,5,5,64192.2783649,43575028.3143,North Brooklyn,"Evergreen, WXY, HR&A, Pratt Community Center, Langan, and St. Nicks Alliance",https://a002-epic.nyc.gov/community/areas/3,2019,http://docs.dos.ny.gov/opd/boa/NorthBrooklynBOA.pdf,,594,0,0,594,21980.15114202467885,42.26816093162550,1003559.886,197533.950
1003576.98877229,197550.573663927,5,5,5,64192.2783649,43575028.3143,North Brooklyn,"Evergreen, WXY, HR&A, Pratt Community Center, Langan, and St. Nicks Alliance",https://a002-epic.nyc.gov/community/areas/3,2019,http://docs.dos.ny.gov/opd/boa/NorthBrooklynBOA.pdf,,595,0,0,595,22004.00193119794494,43.76069387353476,1003576.989,197550.574
1003583.22596643,197557.572359761,5,5,5,64192.2783649,43575028.3143,North Brooklyn,"Evergreen, WXY, HR&A, Pratt Community Center, Langan, and St. Nicks Alliance",https://a002-epic.nyc.gov/community/areas/3,2019,http://docs.dos.ny.gov/opd/boa/NorthBrooklynBOA.pdf,,596,0,0,596,22013.37659567684022,39.64852416414979,1003583.226,197557.572
1003583.55404978,197557.998541262,5,5,5,64192.2783649,43575028.3143,North Brooklyn,"Evergreen, WXY, HR&A, Pratt Community Center, Langan, and St. Nicks Alliance",https://a002-epic.nyc.gov/community/areas/3,2019,http://docs.dos.ny.gov/opd/boa/NorthBrooklynBOA.pdf,,597,0,0,597,22013.91443334328142,34.76693430941976,1003583.554,197557.999
1003585.92904409,197561.807598948,5,5,5,64192.2783649,43575028.3143,North Brooklyn,"Evergreen, WXY, HR&A, Pratt Community Center, Langan, and St. Nicks Alliance",https://a002-epic.nyc.gov/community/areas/3,2019,http://docs.dos.ny.gov/opd/boa/NorthBrooklynBOA.pdf,,598,0,0,598,22018.40325484202185,27.10267804567862,1003585.929,197561.808
1003587.6252322,197565.951300917,5,5,5,64192.2783649,43575028.3143,North Brooklyn,"Evergreen, WXY, HR&A, Pratt Community Center, Langan, and St. Nicks Alliance",https://a002-epic.nyc.gov/community/areas/3,2019,http://docs.dos.ny.gov/opd/boa/NorthBrooklynBOA.pdf,,599,0,0,599,22022.88067822114317,2.06695860677831,1003587.625,197565.951
1003552.51681232,197673.19200124,5,5,5,64192.2783649,43575028.3143,North Brooklyn,"Evergreen, WXY, HR&A, Pratt Community Center, Langan, and St. Nicks Alliance",https://a002-epic.nyc.gov/community/areas/3,2019,http://docs.dos.ny.gov/opd/boa/NorthBrooklynBOA.pdf,,600,0,0,600,22135.72202238320097,341.74502054549021,1003552.517,197673.192
1003467.95542719,197927.651376429,5,5,5,64192.2783649,43575028.3143,North Brooklyn,"Evergreen, WXY, HR&A, Pratt Community Center, Langan, and St. Nicks Alliance",https://a002-epic.nyc.gov/community/areas/3,2019,http://docs.dos.ny.gov/opd/boa/NorthBrooklynBOA.pdf,,601,0,0,601,22403.86415162999765,341.23440324949780,1003467.955,197927.651
1003379.76969834,198181.619276521,5,5,5,64192.2783649,43575028.3143,North Brooklyn,"Evergreen, WXY, HR&A, Pratt Community Center, Langan, and St. Nicks Alliance",https://a002-epic.nyc.gov/community/areas/3,2019,http://docs.dos.ny.gov/opd/boa/NorthBrooklynBOA.pdf,,602,0,0,602,22672.70688827944105,341.58110490911338,1003379.770,198181.619
1003335.29804262,198321.058437156,5,5,5,64192.2783649,43575028.3143,North Brooklyn,"Evergreen, WXY, HR&A, Pratt Community Center, Langan, and St. Nicks Alliance",https://a002-epic.nyc.gov/community/areas/3,2019,http://docs.dos.ny.gov/opd/boa/NorthBrooklynBOA.pdf,,603,0,0,603,22819.06606182512769,341.60574115788182,1003335.298,198321.058
1003227.55153509,198632.223128253,5,5,5,64192.2783649,43575028.3143,North Brooklyn,"Evergreen, WXY, HR&A, Pratt Community Center, Langan, and St. Nicks Alliance",https://a002-epic.nyc.gov/community/areas/3,2019,http://docs.dos.ny.gov/opd/boa/NorthBrooklynBOA.pdf,,604,0,0,604,23148.35738401780327,24.49823760948326,1003227.552,198632.223
1003409.72333466,198705.471125721,5,5,5,64192.2783649,43575028.3143,North Brooklyn,"Evergreen, WXY, HR&A, Pratt Community Center, Langan, and St. Nicks Alliance",https://a002-epic.nyc.gov/community/areas/3,2019,http://docs.dos.ny.gov/opd/boa/NorthBrooklynBOA.pdf,,605,0,0,605,23344.70359276937234,68.05803514839516,1003409.723,198705.471
1003417.80403815,198708.732621678,5,5,5,64192.2783649,43575028.3143,North Brooklyn,"Evergreen, WXY, HR&A, Pratt Community Center, Langan, and St. Nicks Alliance",https://a002-epic.nyc.gov/community/areas/3,2019,http://docs.dos.ny.gov/opd/boa/NorthBrooklynBOA.pdf,,606,0,0,606,23353.41766901754454,64.62153666911186,1003417.804,198708.733
1003424.44117162,198712.377973147,5,5,5,64192.2783649,43575028.3143,North Brooklyn,"Evergreen, WXY, HR&A, Pratt Community Center, Langan, and St. Nicks Alliance",https://a002-epic.nyc.gov/community/areas/3,2019,http://docs.dos.ny.gov/opd/boa/NorthBrooklynBOA.pdf,,607,0,0,607,23360.98999547339918,56.84090243964362,1003424.441,198712.378
1003429.7987769,198716.495106867,5,5,5,64192.2783649,43575028.3143,North Brooklyn,"Evergreen, WXY, HR&A, Pratt Community Center, Langan, and St. Nicks Alliance",https://a002-epic.nyc.gov/community/areas/3,2019,http://docs.dos.ny.gov/opd/boa/NorthBrooklynBOA.pdf,,608,0,0,608,23367.74682346159170,48.45500842603726,1003429.799,198716.495
1003432.00349794,198718.742485137,5,5,5,64192.2783649,43575028.3143,North Brooklyn,"Evergreen, WXY, HR&A, Pratt Community Center, Langan, and St. Nicks Alliance",https://a002-epic.nyc.gov/community/areas/3,2019,http://docs.dos.ny.gov/opd/boa/NorthBrooklynBOA.pdf,,609,0,0,609,23370.89507757105821,41.50166192465931,1003432.003,198718.742
1003433.89358626,198721.1142066,5,5,5,64192.2783649,43575028.3143,North Brooklyn,"Evergreen, WXY, HR&A, Pratt Community Center, Langan, and St. Nicks Alliance",https://a002-epic.nyc.gov/community/areas/3,2019,http://docs.dos.ny.gov/opd/boa/NorthBrooklynBOA.pdf,,610,0,0,610,23373.92781504181403,34.65470249231000,1003433.894,198721.114
1003437.70886549,198727.525299763,5,5,5,64192.2783649,43575028.3143,North Brooklyn,"Evergreen, WXY, HR&A, Pratt Community Center, Langan, and St. Nicks Alliance",https://a002-epic.nyc.gov/community/areas/3,2019,http://docs.dos.ny.gov/opd/boa/NorthBrooklynBOA.pdf,,611,0,0,611,23381.38827555849639,26.88262043863427,1003437.709,198727.525
1003439.07697099,198730.747085525,5,5,5,64192.2783649,43575028.3143,North Brooklyn,"Evergreen, WXY, HR&A, Pratt Community Center, Langan, and St. Nicks Alliance",https://a002-epic.nyc.gov/community/areas/3,2019,http://docs.dos.ny.gov/opd/boa/NorthBrooklynBOA.pdf,,612,0,0,612,23384.88850643039405,20.09630654934849,1003439.077,198730.747
1003440.04481418,198733.876678993,5,5,5,64192.2783649,43575028.3143,North Brooklyn,"Evergreen, WXY, HR&A, Pratt Community Center, Langan, and St. Nicks Alliance",https://a002-epic.nyc.gov/community/areas/3,2019,http://docs.dos.ny.gov/opd/boa/NorthBrooklynBOA.pdf,,613,0,0,613,23388.16433849557507,13.84474113461326,1003440.045,198733.877
1003440.59599096,198736.849119588,5,5,5,64192.2783649,43575028.3143,North Brooklyn,"Evergreen, WXY, HR&A, Pratt Community Center, Langan, and St. Nicks Alliance",https://a002-epic.nyc.gov/community/areas/3,2019,http://docs.dos.ny.gov/opd/boa/NorthBrooklynBOA.pdf,,614,0,0,614,23391.18744929865352,6.62179995164651,1003440.596,198736.849
1003440.73050131,198739.661126413,5,5,5,64192.2783649,43575028.3143,North Brooklyn,"Evergreen, WXY, HR&A, Pratt Community Center, Langan, and St. Nicks Alliance",https://a002-epic.nyc.gov/community/areas/3,2019,http://docs.dos.ny.gov/opd/boa/NorthBrooklynBOA.pdf,,615,0,0,615,23394.00267138993513,358.31277298078487,1003440.731,198739.661
1003440.4483453,198742.295639126,5,5,5,64192.2783649,43575028.3143,North Brooklyn,"Evergreen, WXY, HR&A, Pratt Community Center, Langan, and St. Nicks Alliance",https://a002-epic.nyc.gov/community/areas/3,2019,http://docs.dos.ny.gov/opd/boa/NorthBrooklynBOA.pdf,,616,0,0,616,23396.65225046010528,350.26420582408775,1003440.448,198742.296
1003440.15306792,198743.539076357,5,5,5,64192.2783649,43575028.3143,North Brooklyn,"Evergreen, WXY, HR&A, Pratt Community Center, Langan, and St. Nicks Alliance",https://a002-epic.nyc.gov/community/areas/3,2019,http://docs.dos.ny.gov/opd/boa/NorthBrooklynBOA.pdf,,617,0,0,617,23397.93026645271675,344.13392523902621,1003440.153,198743.539
1003439.75641266,198744.733300819,5,5,5,64192.2783649,43575028.3143,North Brooklyn,"Evergreen, WXY, HR&A, Pratt Community Center, Langan, and St. Nicks Alliance",https://a002-epic.nyc.gov/community/areas/3,2019,http://docs.dos.ny.gov/opd/boa/NorthBrooklynBOA.pdf,,618,0,0,618,23399.18864138034041,338.98769317010431,1003439.756,198744.733
1003437.02641693,198750.966888871,5,5,5,64192.2783649,43575028.3143,North Brooklyn,"Evergreen, WXY, HR&A, Pratt Community Center, Langan, and St. Nicks Alliance",https://a002-epic.nyc.gov/community/areas/3,2019,http://docs.dos.ny.gov/opd/boa/NorthBrooklynBOA.pdf,,619,0,0,619,23405.99382298560158,333.06695204977666,1003437.026,198750.967
1003434.08382448,198756.019702797,5,5,5,64192.2783649,43575028.3143,North Brooklyn,"Evergreen, WXY, HR&A, Pratt Community Center, Langan, and St. Nicks Alliance",https://a002-epic.nyc.gov/community/areas/3,2019,http://docs.dos.ny.gov/opd/boa/NorthBrooklynBOA.pdf,,620,0,0,620,23411.84102564285786,325.42332071673877,1003434.084,198756.020
1003430.8157742,198760.064314508,5,5,5,64192.2783649,43575028.3143,North Brooklyn,"Evergreen, WXY, HR&A, Pratt Community Center, Langan, and St. Nicks Alliance",https://a002-epic.nyc.gov/community/areas/3,2019,http://docs.dos.ny.gov/opd/boa/NorthBrooklynBOA.pdf,,621,0,0,621,23417.04093300080058,317.09922389835452,1003430.816,198760.064
1003429.05068004,198761.718181973,5,5,5,64192.2783649,43575028.3143,North Brooklyn,"Evergreen, WXY, HR&A, Pratt Community Center, Langan, and St. Nicks Alliance",https://a002-epic.nyc.gov/community/areas/3,2019,http://docs.dos.ny.gov/opd/boa/NorthBrooklynBOA.pdf,,622,0,0,622,23419.45978293285953,310.20943703377509,1003429.051,198761.718
1003427.1937227,198763.131891901,5,5,5,64192.2783649,43575028.3143,North Brooklyn,"Evergreen, WXY, HR&A, Pratt Community Center, Langan, and St. Nicks Alliance",https://a002-epic.nyc.gov/community/areas/3,2019,http://docs.dos.ny.gov/opd/boa/NorthBrooklynBOA.pdf,,623,0,0,623,23421.79363517567617,304.13837581633385,1003427.194,198763.132
1003424.95946892,198764.474078897,5,5,5,64192.2783649,43575028.3143,North Brooklyn,"Evergreen, WXY, HR&A, Pratt Community Center, Langan, and St. Nicks Alliance",https://a002-epic.nyc.gov/community/areas/3,2019,http://docs.dos.ny.gov/opd/boa/NorthBrooklynBOA.pdf,,624,0,0,624,23424.40004188290186,295.08473347275032,1003424.959,198764.474
1003421.31773499,198765.740475977,5,5,5,64192.2783649,43575028.3143,North Brooklyn,"Evergreen, WXY, HR&A, Pratt Community Center, Langan, and St. Nicks Alliance",https://a002-epic.nyc.gov/community/areas/3,2019,http://docs.dos.ny.gov/opd/boa/NorthBrooklynBOA.pdf,,625,0,0,625,23428.25568547925650,276.27665694242620,1003421.318,198765.740
1003418.971935,198765.468162179,5,5,5,64192.2783649,43575028.3143,North Brooklyn,"Evergreen, WXY, HR&A, Pratt Community Center, Langan, and St. Nicks Alliance",https://a002-epic.nyc.gov/community/areas/3,2019,http://docs.dos.ny.gov/opd/boa/NorthBrooklynBOA.pdf,,626,0,0,626,23430.61723844682274,256.54641015406764,1003418.972,198765.468
1003416.53099155,198764.565927249,5,5,5,64192.2783649,43575028.3143,North Brooklyn,"Evergreen, WXY, HR&A, Pratt Community Center, Langan, and St. Nicks Alliance",https://a002-epic.nyc.gov/community/areas/3,2019,http://docs.dos.ny.gov/opd/boa/NorthBrooklynBOA.pdf,,627,0,0,627,23433.21958984356752,251.03269770105479,1003416.531,198764.566
1003209.70399862,198698.761780041,5,5,5,64192.2783649,43575028.3143,North Brooklyn,"Evergreen, WXY, HR&A, Pratt Community Center, Langan, and St. Nicks Alliance",https://a002-epic.nyc.gov/community/areas/3,2019,http://docs.dos.ny.gov/opd/boa/NorthBrooklynBOA.pdf,,628,0,0,628,23650.26242154228385,296.18930076021206,1003209.704,198698.762
1003151.33434613,198859.371839128,5,5,5,64192.2783649,43575028.3143,North Brooklyn,"Evergreen, WXY, HR&A, Pratt Community Center, Langan, and St. Nicks Alliance",https://a002-epic.nyc.gov/community/areas/3,2019,http://docs.dos.ny.gov/opd/boa/NorthBrooklynBOA.pdf,,629,0,0,629,23821.15012564040080,340.48285010742518,1003151.334,198859.372
1003147.74181154,198869.76880964,5,5,5,64192.2783649,43575028.3143,North Brooklyn,"Evergreen, WXY, HR&A, Pratt Community Center, Langan, and St. Nicks Alliance",https://a002-epic.nyc.gov/community/areas/3,2019,http://docs.dos.ny.gov/opd/boa/NorthBrooklynBOA.pdf,,630,0,0,630,23832.15027566804929,342.38957942736124,1003147.742,198869.769
1003145.55348047,198877.321295754,5,5,5,64192.2783649,43575028.3143,North Brooklyn,"Evergreen, WXY, HR&A, Pratt Community Center, Langan, and St. Nicks Alliance",https://a002-epic.nyc.gov/community/areas/3,2019,http://docs.dos.ny.gov/opd/boa/NorthBrooklynBOA.pdf,,631,0,0,631,23840.01340731992605,346.08960164448069,1003145.553,198877.321
1003144.12597707,198884.237628669,5,5,5,64192.2783649,43575028.3143,North Brooklyn,"Evergreen, WXY, HR&A, Pratt Community Center, Langan, and St. Nicks Alliance",https://a002-epic.nyc.gov/community/areas/3,2019,http://docs.dos.ny.gov/opd/boa/NorthBrooklynBOA.pdf,,632,0,0,632,23847.07551939372934,351.24946118042180,1003144.126,198884.238
1003143.47308069,198890.62181098,5,5,5,64192.2783649,43575028.3143,North Brooklyn,"Evergreen, WXY, HR&A, Pratt Community Center, Langan, and St. Nicks Alliance",https://a002-epic.nyc.gov/community/areas/3,2019,http://docs.dos.ny.gov/opd/boa/NorthBrooklynBOA.pdf,,633,0,0,633,23853.49300001006486,357.62018686084622,1003143.473,198890.622
1003143.67024396,198901.084405045,5,5,5,64192.2783649,43575028.3143,North Brooklyn,"Evergreen, WXY, HR&A, Pratt Community Center, Langan, and St. Nicks Alliance",https://a002-epic.nyc.gov/community/areas/3,2019,http://docs.dos.ny.gov/opd/boa/NorthBrooklynBOA.pdf,,634,0,0,634,23863.95745164048276,4.02255125727480,1003143.670,198901.084
1003145.17252261,198913.38066205,5,5,5,64192.2783649,43575028.3143,North Brooklyn,"Evergreen, WXY, HR&A, Pratt Community Center, Langan, and St. Nicks Alliance",https://a002-epic.nyc.gov/community/areas/3,2019,http://docs.dos.ny.gov/opd/boa/NorthBrooklynBOA.pdf,,635,0,0,635,23876.34513816717663,9.81376919025798,1003145.173,198913.381
1003147.4759853,198923.633614312,5,5,5,64192.2783649,43575028.3143,North Brooklyn,"Evergreen, WXY, HR&A, Pratt Community Center, Langan, and St. Nicks Alliance",https://a002-epic.nyc.gov/community/areas/3,2019,http://docs.dos.ny.gov/opd/boa/NorthBrooklynBOA.pdf,,636,0,0,636,23886.85365711263876,16.91187291329702,1003147.476,198923.634
1003150.87459443,198932.413144004,5,5,5,64192.2783649,43575028.3143,North Brooklyn,"Evergreen, WXY, HR&A, Pratt Community Center, Langan, and St. Nicks Alliance",https://a002-epic.nyc.gov/community/areas/3,2019,http://docs.dos.ny.gov/opd/boa/NorthBrooklynBOA.pdf,,637,0,0,637,23896.26804427456591,24.90247996065702,1003150.875,198932.413
1003152.40674251,198935.218263589,5,5,5,64192.2783649,43575028.3143,North Brooklyn,"Evergreen, WXY, HR&A, Pratt Community Center, Langan, and St. Nicks Alliance",https://a002-epic.nyc.gov/community/areas/3,2019,http://docs.dos.ny.gov/opd/boa/NorthBrooklynBOA.pdf,,638,0,0,638,23899.46431923698037,31.07419326832359,1003152.407,198935.218
1003154.24400871,198937.993528102,5,5,5,64192.2783649,43575028.3143,North Brooklyn,"Evergreen, WXY, HR&A, Pratt Community Center, Langan, and St. Nicks Alliance",https://a002-epic.nyc.gov/community/areas/3,2019,http://docs.dos.ny.gov/opd/boa/NorthBrooklynBOA.pdf,,639,0,0,639,23902.79262814703179,36.74149885332613,1003154.244,198937.994
1003158.90935474,198943.557838419,5,5,5,64192.2783649,43575028.3143,North Brooklyn,"Evergreen, WXY, HR&A, Pratt Community Center, Langan, and St. Nicks Alliance",https://a002-epic.nyc.gov/community/areas/3,2019,http://docs.dos.ny.gov/opd/boa/NorthBrooklynBOA.pdf,,640,0,0,640,23910.05396430840483,43.17098757763832,1003158.909,198943.558
1003164.61472712,198948.99780682,5,5,5,64192.2783649,43575028.3143,North Brooklyn,"Evergreen, WXY, HR&A, Pratt Community Center, Langan, and St. Nicks Alliance",https://a002-epic.nyc.gov/community/areas/3,2019,http://docs.dos.ny.gov/opd/boa/NorthBrooklynBOA.pdf,,641,0,0,641,23917.93714451621781,48.07841659769150,1003164.615,198948.998
1003175.11340137,198957.87216544,5,5,5,64192.2783649,43575028.3143,North Brooklyn,"Evergreen, WXY, HR&A, Pratt Community Center, Langan, and St. Nicks Alliance",https://a002-epic.nyc.gov/community/areas/3,2019,http://docs.dos.ny.gov/opd/boa/NorthBrooklynBOA.pdf,,642,0,0,642,23931.68401332148642,60.60960319249904,1003175.113,198957.872
1003470.69395134,199057.193843196,5,5,5,64192.2783649,43575028.3143,North Brooklyn,"Evergreen, WXY, HR&A, Pratt Community Center, Langan, and St. Nicks Alliance",https://a002-epic.nyc.gov/community/areas/3,2019,http://docs.dos.ny.gov/opd/boa/NorthBrooklynBOA.pdf,,643,0,0,643,24243.50552828580476,69.66123513874470,1003470.694,199057.194
1003497.505286,199068.082993733,5,5,5,64192.2783649,43575028.3143,North Brooklyn,"Evergreen, WXY, HR&A, Pratt Community Center, Langan, and St. Nicks Alliance",https://a002-epic.nyc.gov/community/areas/3,2019,http://docs.dos.ny.gov/opd/boa/NorthBrooklynBOA.pdf,,644,0,0,644,24272.44376018453477,71.98149161569459,1003497.505,199068.083
1003504.35567689,199069.782480264,5,5,5,64192.2783649,43575028.3143,North Brooklyn,"Evergreen, WXY, HR&A, Pratt Community Center, Langan, and St. Nicks Alliance",https://a002-epic.nyc.gov/community/areas/3,2019,http://docs.dos.ny.gov/opd/boa/NorthBrooklynBOA.pdf,,645,0,0,645,24279.50181302303099,72.20798910458085,1003504.356,199069.782
1003509.70311452,199071.905192255,5,5,5,64192.2783649,43575028.3143,North Brooklyn,"Evergreen, WXY, HR&A, Pratt Community Center, Langan, and St. Nicks Alliance",https://a002-epic.nyc.gov/community/areas/3,2019,http://docs.dos.ny.gov/opd/boa/NorthBrooklynBOA.pdf,,646,0,0,646,24285.25515947141685,64.40504783054251,1003509.703,199071.905
1003511.93736454,199073.171271786,5,5,5,64192.2783649,43575028.3143,North Brooklyn,"Evergreen, WXY, HR&A, Pratt Community Center, Langan, and St. Nicks Alliance",https://a002-epic.nyc.gov/community/areas/3,2019,http://docs.dos.ny.gov/opd/boa/NorthBrooklynBOA.pdf,,647,0,0,647,24287.82319968772208,57.29438896643034,1003511.937,199073.171
1003513.87961964,199074.575802164,5,5,5,64192.2783649,43575028.3143,North Brooklyn,"Evergreen, WXY, HR&A, Pratt Community Center, Langan, and St. Nicks Alliance",https://a002-epic.nyc.gov/community/areas/3,2019,http://docs.dos.ny.gov/opd/boa/NorthBrooklynBOA.pdf,,648,0,0,648,24290.22008526026184,50.50382523480590,1003513.880,199074.576
1003515.53644146,199076.127313603,5,5,5,64192.2783649,43575028.3143,North Brooklyn,"Evergreen, WXY, HR&A, Pratt Community Center, Langan, and St. Nicks Alliance",https://a002-epic.nyc.gov/community/areas/3,2019,http://docs.dos.ny.gov/opd/boa/NorthBrooklynBOA.pdf,,649,0,0,649,24292.48994126787147,42.88502528187144,1003515.536,199076.127
1003516.90487727,199077.823837578,5,5,5,64192.2783649,43575028.3143,North Brooklyn,"Evergreen, WXY, HR&A, Pratt Community Center, Langan, and St. Nicks Alliance",https://a002-epic.nyc.gov/community/areas/3,2019,http://docs.dos.ny.gov/opd/boa/NorthBrooklynBOA.pdf,,650,0,0,650,24294.66957659321997,34.48812829613473,1003516.905,199077.824
1003519.57186524,199082.427186699,5,5,5,64192.2783649,43575028.3143,North Brooklyn,"Evergreen, WXY, HR&A, Pratt Community Center, Langan, and St. Nicks Alliance",https://a002-epic.nyc.gov/community/areas/3,2019,http://docs.dos.ny.gov/opd/boa/NorthBrooklynBOA.pdf,,651,0,0,651,24299.98969388294790,27.38942455290186,1003519.572,199082.427
1003524.52263685,199093.194579048,5,5,5,64192.2783649,43575028.3143,North Brooklyn,"Evergreen, WXY, HR&A, Pratt Community Center, Langan, and St. Nicks Alliance",https://a002-epic.nyc.gov/community/areas/3,2019,http://docs.dos.ny.gov/opd/boa/NorthBrooklynBOA.pdf,,652,0,0,652,24311.84072242540060,28.07718141403688,1003524.523,199093.195
1003527.1341791,199097.462626376,5,5,5,64192.2783649,43575028.3143,North Brooklyn,"Evergreen, WXY, HR&A, Pratt Community Center, Langan, and St. Nicks Alliance",https://a002-epic.nyc.gov/community/areas/3,2019,http://docs.dos.ny.gov/opd/boa/NorthBrooklynBOA.pdf,,653,0,0,653,24316.84435919897442,36.33596444587748,1003527.134,199097.463
1003534.92944146,199106.363882926,5,5,5,64192.2783649,43575028.3143,North Brooklyn,"Evergreen, WXY, HR&A, Pratt Community Center, Langan, and St. Nicks Alliance",https://a002-epic.nyc.gov/community/areas/3,2019,http://docs.dos.ny.gov/opd/boa/NorthBrooklynBOA.pdf,,654,0,0,654,24328.67645467205148,39.18522227695118,1003534.929,199106.364
1003536.43862485,199108.355026431,5,5,5,64192.2783649,43575028.3143,North Brooklyn,"Evergreen, WXY, HR&A, Pratt Community Center, Langan, and St. Nicks Alliance",https://a002-epic.nyc.gov/community/areas/3,2019,http://docs.dos.ny.gov/opd/boa/NorthBrooklynBOA.pdf,,655,0,0,655,24331.17491159385099,34.48302031594854,1003536.439,199108.355
1003537.62300525,199110.264804567,5,5,5,64192.2783649,43575028.3143,North Brooklyn,"Evergreen, WXY, HR&A, Pratt Community Center, Langan, and St. Nicks Alliance",https://a002-epic.nyc.gov/community/areas/3,2019,http://docs.dos.ny.gov/opd/boa/NorthBrooklynBOA.pdf,,656,0,0,656,24333.42213420164262,29.07830062557329,1003537.623,199110.265
1003538.12825309,199111.284818126,5,5,5,64192.2783649,43575028.3143,North Brooklyn,"Evergreen, WXY, HR&A, Pratt Community Center, Langan, and St. Nicks Alliance",https://a002-epic.nyc.gov/community/areas/3,2019,http://docs.dos.ny.gov/opd/boa/NorthBrooklynBOA.pdf,,657,0,0,657,24334.56042372589218,23.93063058878666,1003538.128,199111.285
1003538.55508878,199112.367823651,5,5,5,64192.2783649,43575028.3143,North Brooklyn,"Evergreen, WXY, HR&A, Pratt Community Center, Langan, and St. Nicks Alliance",https://a002-epic.nyc.gov/community/areas/3,2019,http://docs.dos.ny.gov/opd/boa/NorthBrooklynBOA.pdf,,658,0,0,658,24335.72450691496852,11.07979811838133,1003538.555,199112.368
1003538.6338189,199119.3166395,5,5,5,64192.2783649,43575028.3143,North Brooklyn,"Evergreen, WXY, HR&A, Pratt Community Center, Langan, and St. Nicks Alliance",https://a002-epic.nyc.gov/community/areas/3,2019,http://docs.dos.ny.gov/opd/boa/NorthBrooklynBOA.pdf,,659,0,0,659,24342.67376875531772,350.40382377868758,1003538.634,199119.317
1003441.66165009,199388.05650093,5,5,5,64192.2783649,43575028.3143,North Brooklyn,"Evergreen, WXY, HR&A, Pratt Community Center, Langan, and St. Nicks Alliance",https://a002-epic.nyc.gov/community/areas/3,2019,http://docs.dos.ny.gov/opd/boa/NorthBrooklynBOA.pdf,,660,0,0,660,24628.37416190414297,341.34825666633782,1003441.662,199388.057
1003391.89403481,199546.265001648,5,5,5,64192.2783649,43575028.3143,North Brooklyn,"Evergreen, WXY, HR&A, Pratt Community Center, Langan, and St. Nicks Alliance",https://a002-epic.nyc.gov/community/areas/3,2019,http://docs.dos.ny.gov/opd/boa/NorthBrooklynBOA.pdf,,661,0,0,661,24794.22573780814491,342.53840281371856,1003391.894,199546.265
1003363.66260677,199636.015566814,5,5,5,64192.2783649,43575028.3143,North Brooklyn,"Evergreen, WXY, HR&A, Pratt Community Center, Langan, and St. Nicks Alliance",https://a002-epic.nyc.gov/community/areas/3,2019,http://docs.dos.ny.gov/opd/boa/NorthBrooklynBOA.pdf,,662,0,0,662,24888.31174886622102,5.00409808532728,1003363.663,199636.016
1003419.13784401,199742.721653202,5,5,5,64192.2783649,43575028.3143,North Brooklyn,"Evergreen, WXY, HR&A, Pratt Community Center, Langan, and St. Nicks Alliance",https://a002-epic.nyc.gov/community/areas/3,2019,http://docs.dos.ny.gov/opd/boa/NorthBrooklynBOA.pdf,,663,0,0,663,25008.57683448416356,49.14721682364520,1003419.138,199742.722
1003678.33389901,199832.856256811,5,5,5,64192.2783649,43575028.3143,North Brooklyn,"Evergreen, WXY, HR&A, Pratt Community Center, Langan, and St. Nicks Alliance",https://a002-epic.nyc.gov/community/areas/3,2019,http://docs.dos.ny.gov/opd/boa/NorthBrooklynBOA.pdf,,664,0,0,664,25282.99775514725479,113.89599108013782,1003678.334,199832.856
1003682.18233712,199823.80443053,5,5,5,64192.2783649,43575028.3143,North Brooklyn,"Evergreen, WXY, HR&A, Pratt Community Center, Langan, and St. Nicks Alliance",https://a002-epic.nyc.gov/community/areas/3,2019,http://docs.dos.ny.gov/opd/boa/NorthBrooklynBOA.pdf,,665,0,0,665,25292.83371137219001,113.92386543444044,1003682.182,199823.804
1003845.32857565,199880.360138869,5,5,5,64192.2783649,43575028.3143,North Brooklyn,"Evergreen, WXY, HR&A, Pratt Community Center, Langan, and St. Nicks Alliance",https://a002-epic.nyc.gov/community/areas/3,2019,http://docs.dos.ny.gov/opd/boa/NorthBrooklynBOA.pdf,,666,0,0,666,25465.50462175576467,57.02378238248616,1003845.329,199880.360
1003857.0870874,199892.896243047,5,5,5,64192.2783649,43575028.3143,North Brooklyn,"Evergreen, WXY, HR&A, Pratt Community Center, Langan, and St. Nicks Alliance",https://a002-epic.nyc.gov/community/areas/3,2019,http://docs.dos.ny.gov/opd/boa/NorthBrooklynBOA.pdf,,667,0,0,667,25482.69230649223027,43.16248080368728,1003857.087,199892.896
1003862.07395623,199898.214490836,5,5,5,64192.2783649,43575028.3143,North Brooklyn,"Evergreen, WXY, HR&A, Pratt Community Center, Langan, and St. Nicks Alliance",https://a002-epic.nyc.gov/community/areas/3,2019,http://docs.dos.ny.gov/opd/boa/NorthBrooklynBOA.pdf,,668,0,0,668,25489.98289085075885,57.52686484577722,1003862.074,199898.214
1004087.90389546,199972.046547882,5,5,5,64192.2783649,43575028.3143,North Brooklyn,"Evergreen, WXY, HR&A, Pratt Community Center, Langan, and St. Nicks Alliance",https://a002-epic.nyc.gov/community/areas/3,2019,http://docs.dos.ny.gov/opd/boa/NorthBrooklynBOA.pdf,,669,0,0,669,25727.57568135706242,26.57183083065956,1004087.904,199972.047
1003959.07461438,200351.524488641,5,5,5,64192.2783649,43575028.3143,North Brooklyn,"Evergreen, WXY, HR&A, Pratt Community Center, Langan, and St. Nicks Alliance",https://a002-epic.nyc.gov/community/areas/3,2019,http://docs.dos.ny.gov/opd/boa/NorthBrooklynBOA.pdf,,670,0,0,670,26128.32559238439353,347.31819661461844,1003959.075,200351.524
1003958.0805076,200360.100926437,5,5,5,64192.2783649,43575028.3143,North Brooklyn,"Evergreen, WXY, HR&A, Pratt Community Center, Langan, and St. Nicks Alliance",https://a002-epic.nyc.gov/community/areas/3,2019,http://docs.dos.ny.gov/opd/boa/NorthBrooklynBOA.pdf,,671,0,0,671,26136.95945209700221,356.64844089466521,1003958.081,200360.101
1003958.06737241,200368.335830679,5,5,5,64192.2783649,43575028.3143,North Brooklyn,"Evergreen, WXY, HR&A, Pratt Community Center, Langan, and St. Nicks Alliance",https://a002-epic.nyc.gov/community/areas/3,2019,http://docs.dos.ny.gov/opd/boa/NorthBrooklynBOA.pdf,,672,0,0,672,26145.19436681502702,3.52127627034271,1003958.067,200368.336
1003959.03192825,200376.042521668,5,5,5,64192.2783649,43575028.3143,North Brooklyn,"Evergreen, WXY, HR&A, Pratt Community Center, Langan, and St. Nicks Alliance",https://a002-epic.nyc.gov/community/areas/3,2019,http://docs.dos.ny.gov/opd/boa/NorthBrooklynBOA.pdf,,673,0,0,673,26152.96118430718343,11.20775703975350,1003959.032,200376.043
1003960.96466083,200383.116340633,5,5,5,64192.2783649,43575028.3143,North Brooklyn,"Evergreen, WXY, HR&A, Pratt Community Center, Langan, and St. Nicks Alliance",https://a002-epic.nyc.gov/community/areas/3,2019,http://docs.dos.ny.gov/opd/boa/NorthBrooklynBOA.pdf,,674,0,0,674,26160.29428528598874,18.61731505606595,1003960.965,200383.116
1003964.03518788,200390.734124591,5,5,5,64192.2783649,43575028.3143,North Brooklyn,"Evergreen, WXY, HR&A, Pratt Community Center, Langan, and St. Nicks Alliance",https://a002-epic.nyc.gov/community/areas/3,2019,http://docs.dos.ny.gov/opd/boa/NorthBrooklynBOA.pdf,,675,0,0,675,26168.50761401409181,24.13119153580907,1003964.035,200390.734
1003967.82454687,200398.398169631,5,5,5,64192.2783649,43575028.3143,North Brooklyn,"Evergreen, WXY, HR&A, Pratt Community Center, Langan, and St. Nicks Alliance",https://a002-epic.nyc.gov/community/areas/3,2019,http://docs.dos.ny.gov/opd/boa/NorthBrooklynBOA.pdf,,676,0,0,676,26177.05728230946261,28.30939105640121,1003967.825,200398.398
1003972.32584804,200406.098305152,5,5,5,64192.2783649,43575028.3143,North Brooklyn,"Evergreen, WXY, HR&A, Pratt Community Center, Langan, and St. Nicks Alliance",https://a002-epic.nyc.gov/community/areas/3,2019,http://docs.dos.ny.gov/opd/boa/NorthBrooklynBOA.pdf,,677,0,0,677,26185.97657596088175,32.13734492569295,1003972.326,200406.098
1003977.53252974,200413.827641363,5,5,5,64192.2783649,43575028.3143,North Brooklyn,"Evergreen, WXY, HR&A, Pratt Community Center, Langan, and St. Nicks Alliance",https://a002-epic.nyc.gov/community/areas/3,2019,http://docs.dos.ny.gov/opd/boa/NorthBrooklynBOA.pdf,,678,0,0,678,26195.29602726315352,35.87806850732300,1003977.533,200413.828
1003990.01643021,200429.927065145,5,5,5,64192.2783649,43575028.3143,North Brooklyn,"Evergreen, WXY, HR&A, Pratt Community Center, Langan, and St. Nicks Alliance",https://a002-epic.nyc.gov/community/areas/3,2019,http://docs.dos.ny.gov/opd/boa/NorthBrooklynBOA.pdf,,679,0,0,679,26215.66853857595561,39.61045595307938,1003990.016,200429.927
1003996.25624933,200436.997282726,5,5,5,64192.2783649,43575028.3143,North Brooklyn,"Evergreen, WXY, HR&A, Pratt Community Center, Langan, and St. Nicks Alliance",https://a002-epic.nyc.gov/community/areas/3,2019,http://docs.dos.ny.gov/opd/boa/NorthBrooklynBOA.pdf,,680,0,0,680,26225.09845476357805,42.78199648385579,1003996.256,200436.997
1004002.55217163,200443.48646394,5,5,5,64192.2783649,43575028.3143,North Brooklyn,"Evergreen, WXY, HR&A, Pratt Community Center, Langan, and St. Nicks Alliance",https://a002-epic.nyc.gov/community/areas/3,2019,http://docs.dos.ny.gov/opd/boa/NorthBrooklynBOA.pdf,,681,0,0,681,26234.13992092912304,45.34050967255218,1004002.552,200443.486
1004012.02722417,200452.463182368,5,5,5,64192.2783649,43575028.3143,North Brooklyn,"Evergreen, WXY, HR&A, Pratt Community Center, Langan, and St. Nicks Alliance",https://a002-epic.nyc.gov/community/areas/3,2019,http://docs.dos.ny.gov/opd/boa/NorthBrooklynBOA.pdf,,682,0,0,682,26247.19205080878237,47.56728476763914,1004012.027,200452.463
1004021.39729084,200460.727630605,5,5,5,64192.2783649,43575028.3143,North Brooklyn,"Evergreen, WXY, HR&A, Pratt Community Center, Langan, and St. Nicks Alliance",https://a002-epic.nyc.gov/community/areas/3,2019,http://docs.dos.ny.gov/opd/boa/NorthBrooklynBOA.pdf,,683,0,0,683,26259.68601951509117,49.69522715389968,1004021.397,200460.728
1004030.71486503,200468.326068544,5,5,5,64192.2783649,43575028.3143,North Brooklyn,"Evergreen, WXY, HR&A, Pratt Community Center, Langan, and St. Nicks Alliance",https://a002-epic.nyc.gov/community/areas/3,2019,http://docs.dos.ny.gov/opd/boa/NorthBrooklynBOA.pdf,,684,0,0,684,26271.70905773052073,51.98961117869928,1004030.715,200468.326
1004040.0130832,200475.28802382,5,5,5,64192.2783649,43575028.3143,North Brooklyn,"Evergreen, WXY, HR&A, Pratt Community Center, Langan, and St. Nicks Alliance",https://a002-epic.nyc.gov/community/areas/3,2019,http://docs.dos.ny.gov/opd/boa/NorthBrooklynBOA.pdf,,685,0,0,685,26283.32480920360103,54.63396655530442,1004040.013,200475.288
1004049.51077723,200481.672223815,5,5,5,64192.2783649,43575028.3143,North Brooklyn,"Evergreen, WXY, HR&A, Pratt Community Center, Langan, and St. Nicks Alliance",https://a002-epic.nyc.gov/community/areas/3,2019,http://docs.dos.ny.gov/opd/boa/NorthBrooklynBOA.pdf,,686,0,0,686,26294.76876837698001,57.02662764812124,1004049.511,200481.672
1004073.53306489,200496.705395307,5,5,5,64192.2783649,43575028.3143,North Brooklyn,"Evergreen, WXY, HR&A, Pratt Community Center, Langan, and St. Nicks Alliance",https://a002-epic.nyc.gov/community/areas/3,2019,http://docs.dos.ny.gov/opd/boa/NorthBrooklynBOA.pdf,,687,0,0,687,26323.10719722273279,56.64163618305806,1004073.533,200496.705
1004088.18528102,200506.842883372,5,5,5,64192.2783649,43575028.3143,North Brooklyn,"Evergreen, WXY, HR&A, Pratt Community Center, Langan, and St. Nicks Alliance",https://a002-epic.nyc.gov/community/areas/3,2019,http://docs.dos.ny.gov/opd/boa/NorthBrooklynBOA.pdf,,688,0,0,688,26340.92449504275282,54.48417061434732,1004088.185,200506.843
1004119.71411848,200530.04830821,5,5,5,64192.2783649,43575028.3143,North Brooklyn,"Evergreen, WXY, HR&A, Pratt Community Center, Langan, and St. Nicks Alliance",https://a002-epic.nyc.gov/community/areas/3,2019,http://docs.dos.ny.gov/opd/boa/NorthBrooklynBOA.pdf,,689,0,0,689,26380.07241113065538,54.24126138653804,1004119.714,200530.048
1004133.83483884,200539.996162866,5,5,5,64192.2783649,43575028.3143,North Brooklyn,"Evergreen, WXY, HR&A, Pratt Community Center, Langan, and St. Nicks Alliance",https://a002-epic.nyc.gov/community/areas/3,2019,http://docs.dos.ny.gov/opd/boa/NorthBrooklynBOA.pdf,,690,0,0,690,26397.34535401167523,56.50854679797978,1004133.835,200539.996
1004139.04841678,200543.231078609,5,5,5,64192.2783649,43575028.3143,North Brooklyn,"Evergreen, WXY, HR&A, Pratt Community Center, Langan, and St. Nicks Alliance",https://a002-epic.nyc.gov/community/areas/3,2019,http://docs.dos.ny.gov/opd/boa/NorthBrooklynBOA.pdf,,691,0,0,691,26403.48099373075820,60.47262454098450,1004139.048,200543.231
1004144.61927871,200546.09854107,5,5,5,64192.2783649,43575028.3143,North Brooklyn,"Evergreen, WXY, HR&A, Pratt Community Center, Langan, and St. Nicks Alliance",https://a002-epic.nyc.gov/community/areas/3,2019,http://docs.dos.ny.gov/opd/boa/NorthBrooklynBOA.pdf,,692,0,0,692,26409.74652192694339,64.94093031749784,1004144.619,200546.099
1004150.48836953,200548.575584298,5,5,5,64192.2783649,43575028.3143,North Brooklyn,"Evergreen, WXY, HR&A, Pratt Community Center, Langan, and St. Nicks Alliance",https://a002-epic.nyc.gov/community/areas/3,2019,http://docs.dos.ny.gov/opd/boa/NorthBrooklynBOA.pdf,,693,0,0,693,26416.11691988784150,69.25533167533030,1004150.488,200548.576
1004156.60713285,200550.635633405,5,5,5,64192.2783649,43575028.3143,North Brooklyn,"Evergreen, WXY, HR&A, Pratt Community Center, Langan, and St. Nicks Alliance",https://a002-epic.nyc.gov/community/areas/3,2019,http://docs.dos.ny.gov/opd/boa/NorthBrooklynBOA.pdf,,694,0,0,694,26422.57316236679617,73.46119929933562,1004156.607,200550.636
1004162.91290468,200552.26294026,5,5,5,64192.2783649,43575028.3143,North Brooklyn,"Evergreen, WXY, HR&A, Pratt Community Center, Langan, and St. Nicks Alliance",https://a002-epic.nyc.gov/community/areas/3,2019,http://docs.dos.ny.gov/opd/boa/NorthBrooklynBOA.pdf,,695,0,0,695,26429.08552644756492,77.60576275753093,1004162.913,200552.263
1004169.33022571,200553.431258036,5,5,5,64192.2783649,43575028.3143,North Brooklyn,"Evergreen, WXY, HR&A, Pratt Community Center, Langan, and St. Nicks Alliance",https://a002-epic.nyc.gov/community/areas/3,2019,http://docs.dos.ny.gov/opd/boa/NorthBrooklynBOA.pdf,,696,0,0,696,26435.60833072300375,81.74093422245764,1004169.330,200553.431
1004175.79019833,200554.133040662,5,5,5,64192.2783649,43575028.3143,North Brooklyn,"Evergreen, WXY, HR&A, Pratt Community Center, Langan, and St. Nicks Alliance",https://a002-epic.nyc.gov/community/areas/3,2019,http://docs.dos.ny.gov/opd/boa/NorthBrooklynBOA.pdf,,697,0,0,697,26442.10631080175153,85.90540637206456,1004175.790,200554.133
1004182.21408239,200554.356148921,5,5,5,64192.2783649,43575028.3143,North Brooklyn,"Evergreen, WXY, HR&A, Pratt Community Center, Langan, and St. Nicks Alliance",https://a002-epic.nyc.gov/community/areas/3,2019,http://docs.dos.ny.gov/opd/boa/NorthBrooklynBOA.pdf,,698,0,0,698,26448.53406808884392,79.48142985429052,1004182.214,200554.356
1004776.72493376,200759.619884767,5,5,5,64192.2783649,43575028.3143,North Brooklyn,"Evergreen, WXY, HR&A, Pratt Community Center, Langan, and St. Nicks Alliance",https://a002-epic.nyc.gov/community/areas/3,2019,http://docs.dos.ny.gov/opd/boa/NorthBrooklynBOA.pdf,,699,0,0,699,27077.48267779412345,112.57482872594979,1004776.725,200759.620
1004779.70394509,200753.458147589,5,5,5,64192.2783649,43575028.3143,North Brooklyn,"Evergreen, WXY, HR&A, Pratt Community Center, Langan, and St. Nicks Alliance",https://a002-epic.nyc.gov/community/areas/3,2019,http://docs.dos.ny.gov/opd/boa/NorthBrooklynBOA.pdf,,700,0,0,700,27084.32676382151112,113.72357775719453,1004779.704,200753.458
1004999.98632795,200819.757712059,5,5,5,64192.2783649,43575028.3143,North Brooklyn,"Evergreen, WXY, HR&A, Pratt Community Center, Langan, and St. Nicks Alliance",https://a002-epic.nyc.gov/community/areas/3,2019,http://docs.dos.ny.gov/opd/boa/NorthBrooklynBOA.pdf,,701,0,0,701,27314.37015200741735,73.24802727649178,1004999.986,200819.758
1005041.18348825,200832.159352579,5,5,5,64192.2783649,43575028.3143,North Brooklyn,"Evergreen, WXY, HR&A, Pratt Community Center, Langan, and St. Nicks Alliance",https://a002-epic.nyc.gov/community/areas/3,2019,http://docs.dos.ny.gov/opd/boa/NorthBrooklynBOA.pdf,,702,0,0,702,27357.39347945242116,74.52983185577078,1005041.183,200832.159
1005047.46629431,200833.747617357,5,5,5,64192.2783649,43575028.3143,North Brooklyn,"Evergreen, WXY, HR&A, Pratt Community Center, Langan, and St. Nicks Alliance",https://a002-epic.nyc.gov/community/areas/3,2019,http://docs.dos.ny.gov/opd/boa/NorthBrooklynBOA.pdf,,703,0,0,703,27363.87392982388701,75.02645692031810,1005047.466,200833.748
1005052.9649797,200835.299463454,5,5,5,64192.2783649,43575028.3143,North Brooklyn,"Evergreen, WXY, HR&A, Pratt Community Center, Langan, and St. Nicks Alliance",https://a002-epic.nyc.gov/community/areas/3,2019,http://docs.dos.ny.gov/opd/boa/NorthBrooklynBOA.pdf,,704,0,0,704,27369.58740226732698,73.98522802713154,1005052.965,200835.299
1005056.39378401,200836.300125098,5,5,5,64192.2783649,43575028.3143,North Brooklyn,"Evergreen, WXY, HR&A, Pratt Community Center, Langan, and St. Nicks Alliance",https://a002-epic.nyc.gov/community/areas/3,2019,http://docs.dos.ny.gov/opd/boa/NorthBrooklynBOA.pdf,,705,0,0,705,27373.15923970358199,72.97333691081148,1005056.394,200836.300
1005060.91477926,200837.750263493,5,5,5,64192.2783649,43575028.3143,North Brooklyn,"Evergreen, WXY, HR&A, Pratt Community Center, Langan, and St. Nicks Alliance",https://a002-epic.nyc.gov/community/areas/3,2019,http://docs.dos.ny.gov/opd/boa/NorthBrooklynBOA.pdf,,706,0,0,706,27377.90711285591897,74.00915514672307,1005060.915,200837.750
1005067.51549859,200839.420221692,5,5,5,64192.2783649,43575028.3143,North Brooklyn,"Evergreen, WXY, HR&A, Pratt Community Center, Langan, and St. Nicks Alliance",https://a002-epic.nyc.gov/community/areas/3,2019,http://docs.dos.ny.gov/opd/boa/NorthBrooklynBOA.pdf,,707,0,0,707,27384.71580260061819,76.93746928668298,1005067.515,200839.420
1005071.19659979,200840.197786785,5,5,5,64192.2783649,43575028.3143,North Brooklyn,"Evergreen, WXY, HR&A, Pratt Community Center, Langan, and St. Nicks Alliance",https://a002-epic.nyc.gov/community/areas/3,2019,http://docs.dos.ny.gov/opd/boa/NorthBrooklynBOA.pdf,,708,0,0,708,27388.47813080247943,77.01357397020098,1005071.197,200840.198
1005078.43445802,200842.008494042,5,5,5,64192.2783649,43575028.3143,North Brooklyn,"Evergreen, WXY, HR&A, Pratt Community Center, Langan, and St. Nicks Alliance",https://a002-epic.nyc.gov/community/areas/3,2019,http://docs.dos.ny.gov/opd/boa/NorthBrooklynBOA.pdf,,709,0,0,709,27395.93904579666923,75.19860405117184,1005078.434,200842.008
1005085.55354959,200843.99046085,5,5,5,64192.2783649,43575028.3143,North Brooklyn,"Evergreen, WXY, HR&A, Pratt Community Center, Langan, and St. Nicks Alliance",https://a002-epic.nyc.gov/community/areas/3,2019,http://docs.dos.ny.gov/opd/boa/NorthBrooklynBOA.pdf,,710,0,0,710,27403.32888052108319,74.51868481118134,1005085.554,200843.990
1005089.75663189,200845.148604082,5,5,5,64192.2783649,43575028.3143,North Brooklyn,"Evergreen, WXY, HR&A, Pratt Community Center, Langan, and St. Nicks Alliance",https://a002-epic.nyc.gov/community/areas/3,2019,http://docs.dos.ny.gov/opd/boa/NorthBrooklynBOA.pdf,,711,0,0,711,27407.68860489153667,73.42606665162781,1005089.757,200845.149
1005097.38458108,200847.589232982,5,5,5,64192.2783649,43575028.3143,North Brooklyn,"Evergreen, WXY, HR&A, Pratt Community Center, Langan, and St. Nicks Alliance",https://a002-epic.nyc.gov/community/areas/3,2019,http://docs.dos.ny.gov/opd/boa/NorthBrooklynBOA.pdf,,712,0,0,712,27415.69749233809853,72.82899787542986,1005097.385,200847.589
1005103.72611375,200849.47966305,5,5,5,64192.2783649,43575028.3143,North Brooklyn,"Evergreen, WXY, HR&A, Pratt Community Center, Langan, and St. Nicks Alliance",https://a002-epic.nyc.gov/community/areas/3,2019,http://docs.dos.ny.gov/opd/boa/NorthBrooklynBOA.pdf,,713,0,0,713,27422.31480013976034,75.49372798893128,1005103.726,200849.480
1005109.53647933,200850.758543939,5,5,5,64192.2783649,43575028.3143,North Brooklyn,"Evergreen, WXY, HR&A, Pratt Community Center, Langan, and St. Nicks Alliance",https://a002-epic.nyc.gov/community/areas/3,2019,http://docs.dos.ny.gov/opd/boa/NorthBrooklynBOA.pdf,,714,0,0,714,27428.26424418172246,77.61027532957408,1005109.536,200850.759
1005115.55353773,200852.07777949,5,5,5,64192.2783649,43575028.3143,North Brooklyn,"Evergreen, WXY, HR&A, Pratt Community Center, Langan, and St. Nicks Alliance",https://a002-epic.nyc.gov/community/areas/3,2019,http://docs.dos.ny.gov/opd/boa/NorthBrooklynBOA.pdf,,715,0,0,715,27434.42422586416797,79.11213896081044,1005115.554,200852.078
1005120.20609562,200852.848784603,5,5,5,64192.2783649,43575028.3143,North Brooklyn,"Evergreen, WXY, HR&A, Pratt Community Center, Langan, and St. Nicks Alliance",https://a002-epic.nyc.gov/community/areas/3,2019,http://docs.dos.ny.gov/opd/boa/NorthBrooklynBOA.pdf,,716,0,0,716,27439.14023517152600,81.32188818669754,1005120.206,200852.849
1005125.37669821,200853.570578026,5,5,5,64192.2783649,43575028.3143,North Brooklyn,"Evergreen, WXY, HR&A, Pratt Community Center, Langan, and St. Nicks Alliance",https://a002-epic.nyc.gov/community/areas/3,2019,http://docs.dos.ny.gov/opd/boa/NorthBrooklynBOA.pdf,,717,0,0,717,27444.36097428399080,82.20197024676234,1005125.377,200853.571
1005130.2845056,200854.229707012,5,5,5,64192.2783649,43575028.3143,North Brooklyn,"Evergreen, WXY, HR&A, Pratt Community Center, Langan, and St. Nicks Alliance",https://a002-epic.nyc.gov/community/areas/3,2019,http://docs.dos.ny.gov/opd/boa/NorthBrooklynBOA.pdf,,718,0,0,718,27449.31284508580211,82.56317714170102,1005130.285,200854.230
1005134.68443913,200854.787457175,5,5,5,64192.2783649,43575028.3143,North Brooklyn,"Evergreen, WXY, HR&A, Pratt Community Center, Langan, and St. Nicks Alliance",https://a002-epic.nyc.gov/community/areas/3,2019,http://docs.dos.ny.gov/opd/boa/NorthBrooklynBOA.pdf,,719,0,0,719,27453.74798885704877,82.18322220645140,1005134.684,200854.787
1005138.81468757,200855.398028379,5,5,5,64192.2783649,43575028.3143,North Brooklyn,"Evergreen, WXY, HR&A, Pratt Community Center, Langan, and St. Nicks Alliance",https://a002-epic.nyc.gov/community/areas/3,2019,http://docs.dos.ny.gov/opd/boa/NorthBrooklynBOA.pdf,,720,0,0,720,27457.92312350602879,84.35988912430390,1005138.815,200855.398
1005144.24447712,200855.670347428,5,5,5,64192.2783649,43575028.3143,North Brooklyn,"Evergreen, WXY, HR&A, Pratt Community Center, Langan, and St. Nicks Alliance",https://a002-epic.nyc.gov/community/areas/3,2019,http://docs.dos.ny.gov/opd/boa/NorthBrooklynBOA.pdf,,721,0,0,721,27463.35973754899896,89.45322093745546,1005144.244,200855.670
1005150.38620958,200855.479741445,5,5,5,64192.2783649,43575028.3143,North Brooklyn,"Evergreen, WXY, HR&A, Pratt Community Center, Langan, and St. Nicks Alliance",https://a002-epic.nyc.gov/community/areas/3,2019,http://docs.dos.ny.gov/opd/boa/NorthBrooklynBOA.pdf,,722,0,0,722,27469.50442698550250,96.73553294458344,1005150.386,200855.480
1005154.94985916,200854.535196055,5,5,5,64192.2783649,43575028.3143,North Brooklyn,"Evergreen, WXY, HR&A, Pratt Community Center, Langan, and St. Nicks Alliance",https://a002-epic.nyc.gov/community/areas/3,2019,http://docs.dos.ny.gov/opd/boa/NorthBrooklynBOA.pdf,,723,0,0,723,27474.16479858792809,101.80831985338055,1005154.950,200854.535
1005155.74382263,200854.3675466,5,5,5,64192.2783649,43575028.3143,North Brooklyn,"Evergreen, WXY, HR&A, Pratt Community Center, Langan, and St. Nicks Alliance",https://a002-epic.nyc.gov/community/areas/3,2019,http://docs.dos.ny.gov/opd/boa/NorthBrooklynBOA.pdf,,724,0,0,724,27474.97626906083678,107.92826301630802,1005155.744,200854.368
1005160.13391719,200852.419064419,5,5,5,64192.2783649,43575028.3143,North Brooklyn,"Evergreen, WXY, HR&A, Pratt Community Center, Langan, and St. Nicks Alliance",https://a002-epic.nyc.gov/community/areas/3,2019,http://docs.dos.ny.gov/opd/boa/NorthBrooklynBOA.pdf,,725,0,0,725,27479.77934235711655,115.05663179141725,1005160.134,200852.419
1005164.3855605,200850.328849784,5,5,5,64192.2783649,43575028.3143,North Brooklyn,"Evergreen, WXY, HR&A, Pratt Community Center, Langan, and St. Nicks Alliance",https://a002-epic.nyc.gov/community/areas/3,2019,http://docs.dos.ny.gov/opd/boa/NorthBrooklynBOA.pdf,,726,0,0,726,27484.51700718389111,118.47957065287488,1005164.386,200850.329
1005168.51614133,200847.868556385,5,5,5,64192.2783649,43575028.3143,North Brooklyn,"Evergreen, WXY, HR&A, Pratt Community Center, Langan, and St. Nicks Alliance",https://a002-epic.nyc.gov/community/areas/3,2019,http://docs.dos.ny.gov/opd/boa/NorthBrooklynBOA.pdf,,727,0,0,727,27489.32478647035896,120.90908762511599,1005168.516,200847.869
1005173.28648653,200844.997831228,5,5,5,64192.2783649,43575028.3143,North Brooklyn,"Evergreen, WXY, HR&A, Pratt Community Center, Langan, and St. Nicks Alliance",https://a002-epic.nyc.gov/community/areas/3,2019,http://docs.dos.ny.gov/opd/boa/NorthBrooklynBOA.pdf,,728,0,0,728,27494.89230442683765,122.57161548791125,1005173.286,200844.998
1005176.96431151,200842.50735332,5,5,5,64192.2783649,43575028.3143,North Brooklyn,"Evergreen, WXY, HR&A, Pratt Community Center, Langan, and St. Nicks Alliance",https://a002-epic.nyc.gov/community/areas/3,2019,http://docs.dos.ny.gov/opd/boa/NorthBrooklynBOA.pdf,,729,0,0,729,27499.33402445592947,124.57405511964662,1005176.964,200842.507
1005181.09489297,200839.610380346,5,5,5,64192.2783649,43575028.3143,North Brooklyn,"Evergreen, WXY, HR&A, Pratt Community Center, Langan, and St. Nicks Alliance",https://a002-epic.nyc.gov/community/areas/3,2019,http://docs.dos.ny.gov/opd/boa/NorthBrooklynBOA.pdf,,730,0,0,730,27504.37923560937998,126.27381963109838,1005181.095,200839.610
1005185.21563228,200836.447987538,5,5,5,64192.2783649,43575028.3143,North Brooklyn,"Evergreen, WXY, HR&A, Pratt Community Center, Langan, and St. Nicks Alliance",https://a002-epic.nyc.gov/community/areas/3,2019,http://docs.dos.ny.gov/opd/boa/NorthBrooklynBOA.pdf,,731,0,0,731,27509.57358068753820,127.56755619045748,1005185.216,200836.448
1005189.98597862,200832.770176177,5,5,5,64192.2783649,43575028.3143,North Brooklyn,"Evergreen, WXY, HR&A, Pratt Community Center, Langan, and St. Nicks Alliance",https://a002-epic.nyc.gov/community/areas/3,2019,http://docs.dos.ny.gov/opd/boa/NorthBrooklynBOA.pdf,,732,0,0,732,27515.59707639459884,126.74494153019342,1005189.986,200832.770
1005192.75533834,200830.76854159,5,5,5,64192.2783649,43575028.3143,North Brooklyn,"Evergreen, WXY, HR&A, Pratt Community Center, Langan, and St. Nicks Alliance",https://a002-epic.nyc.gov/community/areas/3,2019,http://docs.dos.ny.gov/opd/boa/NorthBrooklynBOA.pdf,,733,0,0,733,27519.01407717348411,127.30431614853994,1005192.755,200830.769
1005198.68677544,200826.008055626,5,5,5,64192.2783649,43575028.3143,North Brooklyn,"Evergreen, WXY, HR&A, Pratt Community Center, Langan, and St. Nicks Alliance",https://a002-epic.nyc.gov/community/areas/3,2019,http://docs.dos.ny.gov/opd/boa/NorthBrooklynBOA.pdf,,734,0,0,734,27526.61961282934135,129.70692553653714,1005198.687,200826.008
1005204.36591609,200821.129459057,5,5,5,64192.2783649,43575028.3143,North Brooklyn,"Evergreen, WXY, HR&A, Pratt Community Center, Langan, and St. Nicks Alliance",https://a002-epic.nyc.gov/community/areas/3,2019,http://docs.dos.ny.gov/opd/boa/NorthBrooklynBOA.pdf,,735,0,0,735,27534.10649088839637,128.79510492448637,1005204.366,200821.129
1005209.5171682,200817.258078887,5,5,5,64192.2783649,43575028.3143,North Brooklyn,"Evergreen, WXY, HR&A, Pratt Community Center, Langan, and St. Nicks Alliance",https://a002-epic.nyc.gov/community/areas/3,2019,http://docs.dos.ny.gov/opd/boa/NorthBrooklynBOA.pdf,,736,0,0,736,27540.55032380695411,126.74702761164239,1005209.517,200817.258
1005215.32393273,200812.95067649,5,5,5,64192.2783649,43575028.3143,North Brooklyn,"Evergreen, WXY, HR&A, Pratt Community Center, Langan, and St. Nicks Alliance",https://a002-epic.nyc.gov/community/areas/3,2019,http://docs.dos.ny.gov/opd/boa/NorthBrooklynBOA.pdf,,737,0,0,737,27547.78027744923020,127.44624826389474,1005215.324,200812.951
1005220.47518511,200808.878837121,5,5,5,64192.2783649,43575028.3143,North Brooklyn,"Evergreen, WXY, HR&A, Pratt Community Center, Langan, and St. Nicks Alliance",https://a002-epic.nyc.gov/community/areas/3,2019,http://docs.dos.ny.gov/opd/boa/NorthBrooklynBOA.pdf,,738,0,0,738,27554.34649987409284,129.08776385251821,1005220.475,200808.879
1005225.37676561,200804.787640373,5,5,5,64192.2783649,43575028.3143,North Brooklyn,"Evergreen, WXY, HR&A, Pratt Community Center, Langan, and St. Nicks Alliance",https://a002-epic.nyc.gov/community/areas/3,2019,http://docs.dos.ny.gov/opd/boa/NorthBrooklynBOA.pdf,,739,0,0,739,27560.73112063608278,128.86372953793281,1005225.377,200804.788
1005230.91450128,200800.480237492,5,5,5,64192.2783649,43575028.3143,North Brooklyn,"Evergreen, WXY, HR&A, Pratt Community Center, Langan, and St. Nicks Alliance",https://a002-epic.nyc.gov/community/areas/3,2019,http://docs.dos.ny.gov/opd/boa/NorthBrooklynBOA.pdf,,740,0,0,740,27567.74683413553794,128.13767384629239,1005230.915,200800.480
1005236.46568849,200796.080643089,5,5,5,64192.2783649,43575028.3143,North Brooklyn,"Evergreen, WXY, HR&A, Pratt Community Center, Langan, and St. Nicks Alliance",https://a002-epic.nyc.gov/community/areas/3,2019,http://docs.dos.ny.gov/opd/boa/NorthBrooklynBOA.pdf,,741,0,0,741,27574.83006153378301,127.10497144005926,1005236.466,200796.081
1005241.23603448,200792.638724006,5,5,5,64192.2783649,43575028.3143,North Brooklyn,"Evergreen, WXY, HR&A, Pratt Community Center, Langan, and St. Nicks Alliance",https://a002-epic.nyc.gov/community/areas/3,2019,http://docs.dos.ny.gov/opd/boa/NorthBrooklynBOA.pdf,,742,0,0,742,27580.71249366961638,127.37758484837735,1005241.236,200792.639
1005245.61596068,200789.09903526,5,5,5,64192.2783649,43575028.3143,North Brooklyn,"Evergreen, WXY, HR&A, Pratt Community Center, Langan, and St. Nicks Alliance",https://a002-epic.nyc.gov/community/areas/3,2019,http://docs.dos.ny.gov/opd/boa/NorthBrooklynBOA.pdf,,743,0,0,743,27586.34393663614901,129.36446724613032,1005245.616,200789.099
1005249.61530914,200785.768663333,5,5,5,64192.2783649,43575028.3143,North Brooklyn,"Evergreen, WXY, HR&A, Pratt Community Center, Langan, and St. Nicks Alliance",https://a002-epic.nyc.gov/community/areas/3,2019,http://docs.dos.ny.gov/opd/boa/NorthBrooklynBOA.pdf,,744,0,0,744,27591.54837371411850,128.84553098051899,1005249.615,200785.769
1005252.9650503,200783.160402768,5,5,5,64192.2783649,43575028.3143,North Brooklyn,"Evergreen, WXY, HR&A, Pratt Community Center, Langan, and St. Nicks Alliance",https://a002-epic.nyc.gov/community/areas/3,2019,http://docs.dos.ny.gov/opd/boa/NorthBrooklynBOA.pdf,,745,0,0,745,27595.79381703883337,127.74849055467487,1005252.965,200783.160
1005256.18683852,200780.680094674,5,5,5,64192.2783649,43575028.3143,North Brooklyn,"Evergreen, WXY, HR&A, Pratt Community Center, Langan, and St. Nicks Alliance",https://a002-epic.nyc.gov/community/areas/3,2019,http://docs.dos.ny.gov/opd/boa/NorthBrooklynBOA.pdf,,746,0,0,746,27599.85975452014463,129.30258971649496,1005256.187,200780.680
1005260.694718,200776.759500835,5,5,5,64192.2783649,43575028.3143,North Brooklyn,"Evergreen, WXY, HR&A, Pratt Community Center, Langan, and St. Nicks Alliance",https://a002-epic.nyc.gov/community/areas/3,2019,http://docs.dos.ny.gov/opd/boa/NorthBrooklynBOA.pdf,,747,0,0,747,27605.83403551438460,131.20755887039880,1005260.695,200776.760
1005264.8253005,200773.117777604,5,5,5,64192.2783649,43575028.3143,North Brooklyn,"Evergreen, WXY, HR&A, Pratt Community Center, Langan, and St. Nicks Alliance",https://a002-epic.nyc.gov/community/areas/3,2019,http://docs.dos.ny.gov/opd/boa/NorthBrooklynBOA.pdf,,748,0,0,748,27611.34074596097707,131.43504096906346,1005264.825,200773.118
1005267.59433278,200770.670605173,5,5,5,64192.2783649,43575028.3143,North Brooklyn,"Evergreen, WXY, HR&A, Pratt Community Center, Langan, and St. Nicks Alliance",https://a002-epic.nyc.gov/community/areas/3,2019,http://docs.dos.ny.gov/opd/boa/NorthBrooklynBOA.pdf,,749,0,0,749,27615.03617457532528,131.84862350219595,1005267.594,200770.671
1005271.71507289,200766.930456772,5,5,5,64192.2783649,43575028.3143,North Brooklyn,"Evergreen, WXY, HR&A, Pratt Community Center, Langan, and St. Nicks Alliance",https://a002-epic.nyc.gov/community/areas/3,2019,http://docs.dos.ny.gov/opd/boa/NorthBrooklynBOA.pdf,,750,0,0,750,27620.60117314668969,131.33273542890478,1005271.715,200766.930
1005275.97688898,200763.298576271,5,5,5,64192.2783649,43575028.3143,North Brooklyn,"Evergreen, WXY, HR&A, Pratt Community Center, Langan, and St. Nicks Alliance",https://a002-epic.nyc.gov/community/areas/3,2019,http://docs.dos.ny.gov/opd/boa/NorthBrooklynBOA.pdf,,751,0,0,751,27626.20060457989166,131.08336894565917,1005275.977,200763.299
1005280.22558191,200759.509215506,5,5,5,64192.2783649,43575028.3143,North Brooklyn,"Evergreen, WXY, HR&A, Pratt Community Center, Langan, and St. Nicks Alliance",https://a002-epic.nyc.gov/community/areas/3,2019,http://docs.dos.ny.gov/opd/boa/NorthBrooklynBOA.pdf,,752,0,0,752,27631.89363950076586,131.46622413707101,1005280.226,200759.509
1005284.47460284,200755.789080443,5,5,5,64192.2783649,43575028.3143,North Brooklyn,"Evergreen, WXY, HR&A, Pratt Community Center, Langan, and St. Nicks Alliance",https://a002-epic.nyc.gov/community/areas/3,2019,http://docs.dos.ny.gov/opd/boa/NorthBrooklynBOA.pdf,,753,0,0,753,27637.54107996153834,132.10487252935422,1005284.475,200755.789
1005289.24495024,200751.339615933,5,5,5,64192.2783649,43575028.3143,North Brooklyn,"Evergreen, WXY, HR&A, Pratt Community Center, Langan, and St. Nicks Alliance",https://a002-epic.nyc.gov/community/areas/3,2019,http://docs.dos.ny.gov/opd/boa/NorthBrooklynBOA.pdf,,754,0,0,754,27644.06441873485892,134.78322719154662,1005289.245,200751.340
1005294.39587647,200745.900323205,5,5,5,64192.2783649,43575028.3143,North Brooklyn,"Evergreen, WXY, HR&A, Pratt Community Center, Langan, and St. Nicks Alliance",https://a002-epic.nyc.gov/community/areas/3,2019,http://docs.dos.ny.gov/opd/boa/NorthBrooklynBOA.pdf,,755,0,0,755,27651.55560998740475,135.86723940041355,1005294.396,200745.900
1005299.32665765,200740.939376313,5,5,5,64192.2783649,43575028.3143,North Brooklyn,"Evergreen, WXY, HR&A, Pratt Community Center, Langan, and St. Nicks Alliance",https://a002-epic.nyc.gov/community/areas/3,2019,http://docs.dos.ny.gov/opd/boa/NorthBrooklynBOA.pdf,,756,0,0,756,27658.55015051029113,135.45483161193181,1005299.327,200740.939
1005304.37554938,200735.759269628,5,5,5,64192.2783649,43575028.3143,North Brooklyn,"Evergreen, WXY, HR&A, Pratt Community Center, Langan, and St. Nicks Alliance",https://a002-epic.nyc.gov/community/areas/3,2019,http://docs.dos.ny.gov/opd/boa/NorthBrooklynBOA.pdf,,757,0,0,757,27665.78373973130874,136.71415456583077,1005304.376,200735.759
1005309.32667245,200730.319320379,5,5,5,64192.2783649,43575028.3143,North Brooklyn,"Evergreen, WXY, HR&A, Pratt Community Center, Langan, and St. Nicks Alliance",https://a002-epic.nyc.gov/community/areas/3,2019,http://docs.dos.ny.gov/opd/boa/NorthBrooklynBOA.pdf,,758,0,0,758,27673.13946318165836,139.05539472744877,1005309.327,200730.319
1005313.72628618,200724.997808426,5,5,5,64192.2783649,43575028.3143,North Brooklyn,"Evergreen, WXY, HR&A, Pratt Community Center, Langan, and St. Nicks Alliance",https://a002-epic.nyc.gov/community/areas/3,2019,http://docs.dos.ny.gov/opd/boa/NorthBrooklynBOA.pdf,,759,0,0,759,27680.04417826751887,139.31204808163477,1005313.726,200724.998
1005317.42707935,200720.857725092,5,5,5,64192.2783649,43575028.3143,North Brooklyn,"Evergreen, WXY, HR&A, Pratt Community Center, Langan, and St. Nicks Alliance",https://a002-epic.nyc.gov/community/areas/3,2019,http://docs.dos.ny.gov/opd/boa/NorthBrooklynBOA.pdf,,760,0,0,760,27685.59720988235131,139.59625482726219,1005317.427,200720.858
1005320.7866652,200716.711079515,5,5,5,64192.2783649,43575028.3143,North Brooklyn,"Evergreen, WXY, HR&A, Pratt Community Center, Langan, and St. Nicks Alliance",https://a002-epic.nyc.gov/community/areas/3,2019,http://docs.dos.ny.gov/opd/boa/NorthBrooklynBOA.pdf,,761,0,0,761,27690.93401478820306,142.12051727445709,1005320.787,200716.711
1005324.07407292,200712.307872267,5,5,5,64192.2783649,43575028.3143,North Brooklyn,"Evergreen, WXY, HR&A, Pratt Community Center, Langan, and St. Nicks Alliance",https://a002-epic.nyc.gov/community/areas/3,2019,http://docs.dos.ny.gov/opd/boa/NorthBrooklynBOA.pdf,,762,0,0,762,27696.42903831877629,144.97212329145361,1005324.074,200712.308
1005327.30570709,200707.390229462,5,5,5,64192.2783649,43575028.3143,North Brooklyn,"Evergreen, WXY, HR&A, Pratt Community Center, Langan, and St. Nicks Alliance",https://a002-epic.nyc.gov/community/areas/3,2019,http://docs.dos.ny.gov/opd/boa/NorthBrooklynBOA.pdf,,763,0,0,763,27702.31348138331668,146.57586103083710,1005327.306,200707.390
1005330.39626479,200702.727507549,5,5,5,64192.2783649,43575028.3143,North Brooklyn,"Evergreen, WXY, HR&A, Pratt Community Center, Langan, and St. Nicks Alliance",https://a002-epic.nyc.gov/community/areas/3,2019,http://docs.dos.ny.gov/opd/boa/NorthBrooklynBOA.pdf,,764,0,0,764,27707.90745336361942,143.19015692850414,1005330.396,200702.728
1005334.31687497,200698.068724088,5,5,5,64192.2783649,43575028.3143,North Brooklyn,"Evergreen, WXY, HR&A, Pratt Community Center, Langan, and St. Nicks Alliance",https://a002-epic.nyc.gov/community/areas/3,2019,http://docs.dos.ny.gov/opd/boa/NorthBrooklynBOA.pdf,,765,0,0,765,27713.99641448446346,137.00033043049714,1005334.317,200698.069
1005336.82672086,200695.637955429,5,5,5,64192.2783649,43575028.3143,North Brooklyn,"Evergreen, WXY, HR&A, Pratt Community Center, Langan, and St. Nicks Alliance",https://a002-epic.nyc.gov/community/areas/3,2019,http://docs.dos.ny.gov/opd/boa/NorthBrooklynBOA.pdf,,766,0,0,766,27717.49040399165096,132.69226910796473,1005336.827,200695.638
1005344.4973339,200688.898798998,5,5,5,64192.2783649,43575028.3143,North Brooklyn,"Evergreen, WXY, HR&A, Pratt Community Center, Langan, and St. Nicks Alliance",https://a002-epic.nyc.gov/community/areas/3,2019,http://docs.dos.ny.gov/opd/boa/NorthBrooklynBOA.pdf,,767,0,0,767,27727.70091493286236,131.72873386388247,1005344.497,200688.899
1005347.1351325,200686.510681438,5,5,5,64192.2783649,43575028.3143,North Brooklyn,"Evergreen, WXY, HR&A, Pratt Community Center, Langan, and St. Nicks Alliance",https://a002-epic.nyc.gov/community/areas/3,2019,http://docs.dos.ny.gov/opd/boa/NorthBrooklynBOA.pdf,,768,0,0,768,27731.25915705081206,132.23902659272210,1005347.135,200686.511
1005352.93599287,200681.228213931,5,5,5,64192.2783649,43575028.3143,North Brooklyn,"Evergreen, WXY, HR&A, Pratt Community Center, Langan, and St. Nicks Alliance",https://a002-epic.nyc.gov/community/areas/3,2019,http://docs.dos.ny.gov/opd/boa/NorthBrooklynBOA.pdf,,769,0,0,769,27739.10482107130520,131.28826894072944,1005352.936,200681.228
1005358.86414944,200676.208869874,5,5,5,64192.2783649,43575028.3143,North Brooklyn,"Evergreen, WXY, HR&A, Pratt Community Center, Langan, and St. Nicks Alliance",https://a002-epic.nyc.gov/community/areas/3,2019,http://docs.dos.ny.gov/opd/boa/NorthBrooklynBOA.pdf,,770,0,0,770,27746.87250123460763,129.90475720960129,1005358.864,200676.209
1005364.27426061,200671.740377652,5,5,5,64192.2783649,43575028.3143,North Brooklyn,"Evergreen, WXY, HR&A, Pratt Community Center, Langan, and St. Nicks Alliance",https://a002-epic.nyc.gov/community/areas/3,2019,http://docs.dos.ny.gov/opd/boa/NorthBrooklynBOA.pdf,,771,0,0,771,27753.88938983228945,130.44467046774574,1005364.274,200671.740
1005369.1758414,200667.429036682,5,5,5,64192.2783649,43575028.3143,North Brooklyn,"Evergreen, WXY, HR&A, Pratt Community Center, Langan, and St. Nicks Alliance",https://a002-epic.nyc.gov/community/areas/3,2019,http://docs.dos.ny.gov/opd/boa/NorthBrooklynBOA.pdf,,772,0,0,772,27760.41726507568819,130.46280863850129,1005369.176,200667.429
1005371.43667077,200665.559290909,5,5,5,64192.2783649,43575028.3143,North Brooklyn,"Evergreen, WXY, HR&A, Pratt Community Center, Langan, and St. Nicks Alliance",https://a002-epic.nyc.gov/community/areas/3,2019,http://docs.dos.ny.gov/opd/boa/NorthBrooklynBOA.pdf,,773,0,0,773,27763.35108488901460,131.06705257155176,1005371.437,200665.559
1005374.58628108,200662.668877933,5,5,5,64192.2783649,43575028.3143,North Brooklyn,"Evergreen, WXY, HR&A, Pratt Community Center, Langan, and St. Nicks Alliance",https://a002-epic.nyc.gov/community/areas/3,2019,http://docs.dos.ny.gov/opd/boa/NorthBrooklynBOA.pdf,,774,0,0,774,27767.62595708249501,132.56044580840211,1005374.586,200662.669
1005378.13582629,200659.407402853,5,5,5,64192.2783649,43575028.3143,North Brooklyn,"Evergreen, WXY, HR&A, Pratt Community Center, Langan, and St. Nicks Alliance",https://a002-epic.nyc.gov/community/areas/3,2019,http://docs.dos.ny.gov/opd/boa/NorthBrooklynBOA.pdf,,775,0,0,775,27772.44638143549309,132.56794320778573,1005378.136,200659.407
1005381.5446233,200656.277489135,5,5,5,64192.2783649,43575028.3143,North Brooklyn,"Evergreen, WXY, HR&A, Pratt Community Center, Langan, and St. Nicks Alliance",https://a002-epic.nyc.gov/community/areas/3,2019,http://docs.dos.ny.gov/opd/boa/NorthBrooklynBOA.pdf,,776,0,0,776,27777.07415162280085,131.42517731590121,1005381.545,200656.277
1005387.4763888,200651.248302563,5,5,5,64192.2783649,43575028.3143,North Brooklyn,"Evergreen, WXY, HR&A, Pratt Community Center, Langan, and St. Nicks Alliance",https://a002-epic.nyc.gov/community/areas/3,2019,http://docs.dos.ny.gov/opd/boa/NorthBrooklynBOA.pdf,,777,0,0,777,27784.85094784586181,131.01848988789126,1005387.476,200651.248
1005393.14568715,200646.189259918,5,5,5,64192.2783649,43575028.3143,North Brooklyn,"Evergreen, WXY, HR&A, Pratt Community Center, Langan, and St. Nicks Alliance",https://a002-epic.nyc.gov/community/areas/3,2019,http://docs.dos.ny.gov/opd/boa/NorthBrooklynBOA.pdf,,778,0,0,778,27792.44929347360085,129.72521475245807,1005393.146,200646.189
1005398.30678192,200642.19944157,5,5,5,64192.2783649,43575028.3143,North Brooklyn,"Evergreen, WXY, HR&A, Pratt Community Center, Langan, and St. Nicks Alliance",https://a002-epic.nyc.gov/community/areas/3,2019,http://docs.dos.ny.gov/opd/boa/NorthBrooklynBOA.pdf,,779,0,0,779,27798.97275495306894,128.78783642048228,1005398.307,200642.199
1005404.49740587,200637.028851328,5,5,5,64192.2783649,43575028.3143,North Brooklyn,"Evergreen, WXY, HR&A, Pratt Community Center, Langan, and St. Nicks Alliance",https://a002-epic.nyc.gov/community/areas/3,2019,http://docs.dos.ny.gov/opd/boa/NorthBrooklynBOA.pdf,,780,0,0,780,27807.03866025446041,130.42582037539302,1005404.497,200637.029
1005408.29662305,200633.728334706,5,5,5,64192.2783649,43575028.3143,North Brooklyn,"Evergreen, WXY, HR&A, Pratt Community Center, Langan, and St. Nicks Alliance",https://a002-epic.nyc.gov/community/areas/3,2019,http://docs.dos.ny.gov/opd/boa/NorthBrooklynBOA.pdf,,781,0,0,781,27812.07129983720006,130.09924916423802,1005408.297,200633.728
1005412.09583995,200630.627949214,5,5,5,64192.2783649,43575028.3143,North Brooklyn,"Evergreen, WXY, HR&A, Pratt Community Center, Langan, and St. Nicks Alliance",https://a002-epic.nyc.gov/community/areas/3,2019,http://docs.dos.ny.gov/opd/boa/NorthBrooklynBOA.pdf,,782,0,0,782,27816.97501671703503,131.66267023396614,1005412.096,200630.628
1005417.67655611,200625.218184808,5,5,5,64192.2783649,43575028.3143,North Brooklyn,"Evergreen, WXY, HR&A, Pratt Community Center, Langan, and St. Nicks Alliance",https://a002-epic.nyc.gov/community/areas/3,2019,http://docs.dos.ny.gov/opd/boa/NorthBrooklynBOA.pdf,,783,0,0,783,27824.74740012146140,137.48896276783898,1005417.677,200625.218
1005421.25595856,200620.818586995,5,5,5,64192.2783649,43575028.3143,North Brooklyn,"Evergreen, WXY, HR&A, Pratt Community Center, Langan, and St. Nicks Alliance",https://a002-epic.nyc.gov/community/areas/3,2019,http://docs.dos.ny.gov/opd/boa/NorthBrooklynBOA.pdf,,784,0,0,784,27830.41913555662904,141.48497709131243,1005421.256,200620.819
1005424.58634509,200616.540379772,5,5,5,64192.2783649,43575028.3143,North Brooklyn,"Evergreen, WXY, HR&A, Pratt Community Center, Langan, and St. Nicks Alliance",https://a002-epic.nyc.gov/community/areas/3,2019,http://docs.dos.ny.gov/opd/boa/NorthBrooklynBOA.pdf,,785,0,0,785,27835.84080794616966,140.90475297599369,1005424.586,200616.540
1005428.3163381,200612.140782205,5,5,5,64192.2783649,43575028.3143,North Brooklyn,"Evergreen, WXY, HR&A, Pratt Community Center, Langan, and St. Nicks Alliance",https://a002-epic.nyc.gov/community/areas/3,2019,http://docs.dos.ny.gov/opd/boa/NorthBrooklynBOA.pdf,,786,0,0,786,27841.60876309406740,140.64535321030795,1005428.316,200612.141
1005432.11555736,200607.350436954,5,5,5,64192.2783649,43575028.3143,North Brooklyn,"Evergreen, WXY, HR&A, Pratt Community Center, Langan, and St. Nicks Alliance",https://a002-epic.nyc.gov/community/areas/3,2019,http://docs.dos.ny.gov/opd/boa/NorthBrooklynBOA.pdf,,787,0,0,787,27847.72280223285270,143.58584514212927,1005432.116,200607.350
1005435.39640393,200602.560746951,5,5,5,64192.2783649,43575028.3143,North Brooklyn,"Evergreen, WXY, HR&A, Pratt Community Center, Langan, and St. Nicks Alliance",https://a002-epic.nyc.gov/community/areas/3,2019,http://docs.dos.ny.gov/opd/boa/NorthBrooklynBOA.pdf,,788,0,0,788,27853.52841025897942,147.77902919944381,1005435.396,200602.561
1005438.1654395,200597.770727971,5,5,5,64192.2783649,43575028.3143,North Brooklyn,"Evergreen, WXY, HR&A, Pratt Community Center, Langan, and St. Nicks Alliance",https://a002-epic.nyc.gov/community/areas/3,2019,http://docs.dos.ny.gov/opd/boa/NorthBrooklynBOA.pdf,,789,0,0,789,27859.06120700269457,150.99264678868954,1005438.165,200597.771
1005440.19628472,200593.948554999,5,5,5,64192.2783649,43575028.3143,North Brooklyn,"Evergreen, WXY, HR&A, Pratt Community Center, Langan, and St. Nicks Alliance",https://a002-epic.nyc.gov/community/areas/3,2019,http://docs.dos.ny.gov/opd/boa/NorthBrooklynBOA.pdf,,790,0,0,790,27863.38940969507894,152.81888628944532,1005440.196,200593.949
1005442.76551769,200588.768115909,5,5,5,64192.2783649,43575028.3143,North Brooklyn,"Evergreen, WXY, HR&A, Pratt Community Center, Langan, and St. Nicks Alliance",https://a002-epic.nyc.gov/community/areas/3,2019,http://docs.dos.ny.gov/opd/boa/NorthBrooklynBOA.pdf,,791,0,0,791,27869.17196165863061,149.79575304498718,1005442.766,200588.768
1005446.69564391,200582.94791575,5,5,5,64192.2783649,43575028.3143,North Brooklyn,"Evergreen, WXY, HR&A, Pratt Community Center, Langan, and St. Nicks Alliance",https://a002-epic.nyc.gov/community/areas/3,2019,http://docs.dos.ny.gov/opd/boa/NorthBrooklynBOA.pdf,,792,0,0,792,27876.19482589031395,146.40114886427881,1005446.696,200582.948
1005448.93646235,200579.51944373,5,5,5,64192.2783649,43575028.3143,North Brooklyn,"Evergreen, WXY, HR&A, Pratt Community Center, Langan, and St. Nicks Alliance",https://a002-epic.nyc.gov/community/areas/3,2019,http://docs.dos.ny.gov/opd/boa/NorthBrooklynBOA.pdf,,793,0,0,793,27880.29063932007557,147.50716453561481,1005448.936,200579.519
1005451.22649374,200575.828504715,5,5,5,64192.2783649,43575028.3143,North Brooklyn,"Evergreen, WXY, HR&A, Pratt Community Center, Langan, and St. Nicks Alliance",https://a002-epic.nyc.gov/community/areas/3,2019,http://docs.dos.ny.gov/opd/boa/NorthBrooklynBOA.pdf,,794,0,0,794,27884.63428693444439,149.06713545424566,1005451.226,200575.829
1005453.58575139,200571.750098843,5,5,5,64192.2783649,43575028.3143,North Brooklyn,"Evergreen, WXY, HR&A, Pratt Community Center, Langan, and St. Nicks Alliance",https://a002-epic.nyc.gov/community/areas/3,2019,http://docs.dos.ny.gov/opd/boa/NorthBrooklynBOA.pdf,,795,0,0,795,27889.34592052916560,150.09032057004117,1005453.586,200571.750
1005457.58510499,200564.758639568,5,5,5,64192.2783649,43575028.3143,North Brooklyn,"Evergreen, WXY, HR&A, Pratt Community Center, Langan, and St. Nicks Alliance",https://a002-epic.nyc.gov/community/areas/3,2019,http://docs.dos.ny.gov/opd/boa/NorthBrooklynBOA.pdf,,796,0,0,796,27897.40044298181601,147.96661918329750,1005457.585,200564.759
1005460.6753344,200560.227807374,5,5,5,64192.2783649,43575028.3143,North Brooklyn,"Evergreen, WXY, HR&A, Pratt Community Center, Langan, and St. Nicks Alliance",https://a002-epic.nyc.gov/community/areas/3,2019,http://docs.dos.ny.gov/opd/boa/NorthBrooklynBOA.pdf,,797,0,0,797,27902.88478051803759,145.71569155853535,1005460.675,200560.228
1005463.49686247,200556.087394479,5,5,5,64192.2783649,43575028.3143,North Brooklyn,"Evergreen, WXY, HR&A, Pratt Community Center, Langan, and St. Nicks Alliance",https://a002-epic.nyc.gov/community/areas/3,2019,http://docs.dos.ny.gov/opd/boa/NorthBrooklynBOA.pdf,,798,0,0,798,27907.89517367623557,145.41931976565243,1005463.497,200556.087
1005466.83676416,200551.297704578,5,5,5,64192.2783649,43575028.3143,North Brooklyn,"Evergreen, WXY, HR&A, Pratt Community Center, Langan, and St. Nicks Alliance",https://a002-epic.nyc.gov/community/areas/3,2019,http://docs.dos.ny.gov/opd/boa/NorthBrooklynBOA.pdf,,799,0,0,799,27913.73435791794691,145.48876368418638,1005466.837,200551.298
1005469.73703258,200547.019496607,5,5,5,64192.2783649,43575028.3143,North Brooklyn,"Evergreen, WXY, HR&A, Pratt Community Center, Langan, and St. Nicks Alliance",https://a002-epic.nyc.gov/community/areas/3,2019,http://docs.dos.ny.gov/opd/boa/NorthBrooklynBOA.pdf,,800,0,0,800,27918.90297672361339,144.97723305486568,1005469.737,200547.019
1005473.1560024,200542.29837638,5,5,5,64192.2783649,43575028.3143,North Brooklyn,"Evergreen, WXY, HR&A, Pratt Community Center, Langan, and St. Nicks Alliance",https://a002-epic.nyc.gov/community/areas/3,2019,http://docs.dos.ny.gov/opd/boa/NorthBrooklynBOA.pdf,,801,0,0,801,27924.73207020691552,143.17368503893607,1005473.156,200542.298
1005476.23638852,200538.318724984,5,5,5,64192.2783649,43575028.3143,North Brooklyn,"Evergreen, WXY, HR&A, Pratt Community Center, Langan, and St. Nicks Alliance",https://a002-epic.nyc.gov/community/areas/3,2019,http://docs.dos.ny.gov/opd/boa/NorthBrooklynBOA.pdf,,802,0,0,802,27929.76460474446867,145.53959653247014,1005476.236,200538.319
1005479.09728749,200533.591042106,5,5,5,64192.2783649,43575028.3143,North Brooklyn,"Evergreen, WXY, HR&A, Pratt Community Center, Langan, and St. Nicks Alliance",https://a002-epic.nyc.gov/community/areas/3,2019,http://docs.dos.ny.gov/opd/boa/NorthBrooklynBOA.pdf,,803,0,0,803,27935.29051899783008,151.14550646500294,1005479.097,200533.591
1005481.29545637,200529.187832967,5,5,5,64192.2783649,43575028.3143,North Brooklyn,"Evergreen, WXY, HR&A, Pratt Community Center, Langan, and St. Nicks Alliance",https://a002-epic.nyc.gov/community/areas/3,2019,http://docs.dos.ny.gov/opd/boa/NorthBrooklynBOA.pdf,,804,0,0,804,27940.21192094812795,157.44317401092241,1005481.295,200529.188
1005482.81777242,200524.660278877,5,5,5,64192.2783649,43575028.3143,North Brooklyn,"Evergreen, WXY, HR&A, Pratt Community Center, Langan, and St. Nicks Alliance",https://a002-epic.nyc.gov/community/areas/3,2019,http://docs.dos.ny.gov/opd/boa/NorthBrooklynBOA.pdf,,805,0,0,805,27944.98855074097082,163.93230655192741,1005482.818,200524.660
1005483.90734569,200520.139613779,5,5,5,64192.2783649,43575028.3143,North Brooklyn,"Evergreen, WXY, HR&A, Pratt Community Center, Langan, and St. Nicks Alliance",https://a002-epic.nyc.gov/community/areas/3,2019,http://docs.dos.ny.gov/opd/boa/NorthBrooklynBOA.pdf,,806,0,0,806,27949.63866717352357,162.82480891536125,1005483.907,200520.140
1005486.21673739,200514.059896511,5,5,5,64192.2783649,43575028.3143,North Brooklyn,"Evergreen, WXY, HR&A, Pratt Community Center, Langan, and St. Nicks Alliance",https://a002-epic.nyc.gov/community/areas/3,2019,http://docs.dos.ny.gov/opd/boa/NorthBrooklynBOA.pdf,,807,0,0,807,27956.14222405510009,157.11681399808248,1005486.217,200514.060
1005488.32632377,200509.529062612,5,5,5,64192.2783649,43575028.3143,North Brooklyn,"Evergreen, WXY, HR&A, Pratt Community Center, Langan, and St. Nicks Alliance",https://a002-epic.nyc.gov/community/areas/3,2019,http://docs.dos.ny.gov/opd/boa/NorthBrooklynBOA.pdf,,808,0,0,808,27961.14010465648244,151.65601491441322,1005488.326,200509.529
1005490.28531768,200506.359776295,5,5,5,64192.2783649,43575028.3143,North Brooklyn,"Evergreen, WXY, HR&A, Pratt Community Center, Langan, and St. Nicks Alliance",https://a002-epic.nyc.gov/community/areas/3,2019,http://docs.dos.ny.gov/opd/boa/NorthBrooklynBOA.pdf,,809,0,0,809,27964.86596467788331,151.65067369616457,1005490.285,200506.360
1005492.45691212,200501.698037067,5,5,5,64192.2783649,43575028.3143,North Brooklyn,"Evergreen, WXY, HR&A, Pratt Community Center, Langan, and St. Nicks Alliance",https://a002-epic.nyc.gov/community/areas/3,2019,http://docs.dos.ny.gov/opd/boa/NorthBrooklynBOA.pdf,,810,0,0,810,27970.00869109813357,152.46652789458693,1005492.457,200501.698
1005493.91688938,200499.178355867,5,5,5,64192.2783649,43575028.3143,North Brooklyn,"Evergreen, WXY, HR&A, Pratt Community Center, Langan, and St. Nicks Alliance",https://a002-epic.nyc.gov/community/areas/3,2019,http://docs.dos.ny.gov/opd/boa/NorthBrooklynBOA.pdf,,811,0,0,811,27972.92079119278424,141.97130156957004,1005493.917,200499.178
1005497.16492523,200496.038271281,5,5,5,64192.2783649,43575028.3143,North Brooklyn,"Evergreen, WXY, HR&A, Pratt Community Center, Langan, and St. Nicks Alliance",https://a002-epic.nyc.gov/community/areas/3,2019,http://docs.dos.ny.gov/opd/boa/NorthBrooklynBOA.pdf,,812,0,0,812,27977.43851938709486,146.42136076346569,1005497.165,200496.038
1005515.78703961,200448.000598651,5,5,5,64192.2783649,43575028.3143,North Brooklyn,"Evergreen, WXY, HR&A, Pratt Community Center, Langan, and St. Nicks Alliance",https://a002-epic.nyc.gov/community/areas/3,2019,http://docs.dos.ny.gov/opd/boa/NorthBrooklynBOA.pdf,,813,0,0,813,28028.95939996738161,160.74835703416602,1005515.787,200448.001
1005531.06597954,200398.988183156,5,5,5,64192.2783649,43575028.3143,North Brooklyn,"Evergreen, WXY, HR&A, Pratt Community Center, Langan, and St. Nicks Alliance",https://a002-epic.nyc.gov/community/areas/3,2019,http://docs.dos.ny.gov/opd/boa/NorthBrooklynBOA.pdf,,814,0,0,814,28080.29810737337175,165.10958499677773,1005531.066,200398.988
1005548.82527835,200318.660171176,5,5,5,64192.2783649,43575028.3143,North Brooklyn,"Evergreen, WXY, HR&A, Pratt Community Center, Langan, and St. Nicks Alliance",https://a002-epic.nyc.gov/community/areas/3,2019,http://docs.dos.ny.gov/opd/boa/NorthBrooklynBOA.pdf,,815,0,0,815,28162.56585441216157,128.11618489676263,1005548.825,200318.660
1005558.0575613,200318.86983295,5,5,5,64192.2783649,43575028.3143,North Brooklyn,"Evergreen, WXY, HR&A, Pratt Community Center, Langan, and St. Nicks Alliance",https://a002-epic.nyc.gov/community/areas/3,2019,http://docs.dos.ny.gov/opd/boa/NorthBrooklynBOA.pdf,,816,0,0,816,28171.80051772150910,96.33065024553056,1005558.058,200318.870
1005562.8475891,200317.678897101,5,5,5,64192.2783649,43575028.3143,North Brooklyn,"Evergreen, WXY, HR&A, Pratt Community Center, Langan, and St. Nicks Alliance",https://a002-epic.nyc.gov/community/areas/3,2019,http://docs.dos.ny.gov/opd/boa/NorthBrooklynBOA.pdf,,817,0,0,817,28176.73637575947942,126.09968204960504,1005562.848,200317.679
1005564.42567663,200315.130016652,5,5,5,64192.2783649,43575028.3143,North Brooklyn,"Evergreen, WXY, HR&A, Pratt Community Center, Langan, and St. Nicks Alliance",https://a002-epic.nyc.gov/community/areas/3,2019,http://docs.dos.ny.gov/opd/boa/NorthBrooklynBOA.pdf,,818,0,0,818,28179.73423362838003,154.70898715540929,1005564.426,200315.130
1005566.61728665,200308.699249502,5,5,5,64192.2783649,43575028.3143,North Brooklyn,"Evergreen, WXY, HR&A, Pratt Community Center, Langan, and St. Nicks Alliance",https://a002-epic.nyc.gov/community/areas/3,2019,http://docs.dos.ny.gov/opd/boa/NorthBrooklynBOA.pdf,,819,0,0,819,28186.52819569807252,161.18443648661463,1005566.617,200308.699
1005574.34697712,200286.008985922,5,5,5,64192.2783649,43575028.3143,North Brooklyn,"Evergreen, WXY, HR&A, Pratt Community Center, Langan, and St. Nicks Alliance",https://a002-epic.nyc.gov/community/areas/3,2019,http://docs.dos.ny.gov/opd/boa/NorthBrooklynBOA.pdf,,820,0,0,820,28210.49893152471486,161.18392228141093,1005574.347,200286.009
1005580.1278407,200269.047390532,5,5,5,64192.2783649,43575028.3143,North Brooklyn,"Evergreen, WXY, HR&A, Pratt Community Center, Langan, and St. Nicks Alliance",https://a002-epic.nyc.gov/community/areas/3,2019,http://docs.dos.ny.gov/opd/boa/NorthBrooklynBOA.pdf,,821,0,0,821,28228.41858838341068,200.19631929451009,1005580.128,200269.047
1005523.21844101,200235.139827374,5,5,5,64192.2783649,43575028.3143,North Brooklyn,"Evergreen, WXY, HR&A, Pratt Community Center, Langan, and St. Nicks Alliance",https://a002-epic.nyc.gov/community/areas/3,2019,http://docs.dos.ny.gov/opd/boa/NorthBrooklynBOA.pdf,,822,0,0,822,28294.66360791814805,240.67959539865575,1005523.218,200235.140
1005508.79587993,200227.518414805,5,5,5,64192.2783649,43575028.3143,North Brooklyn,"Evergreen, WXY, HR&A, Pratt Community Center, Langan, and St. Nicks Alliance",https://a002-epic.nyc.gov/community/areas/3,2019,http://docs.dos.ny.gov/opd/boa/NorthBrooklynBOA.pdf,,823,0,0,823,28310.97606320418345,250.18923948961097,1005508.796,200227.518
1005502.60821787,200226.229362577,5,5,5,64192.2783649,43575028.3143,North Brooklyn,"Evergreen, WXY, HR&A, Pratt Community Center, Langan, and St. Nicks Alliance",https://a002-epic.nyc.gov/community/areas/3,2019,http://docs.dos.ny.gov/opd/boa/NorthBrooklynBOA.pdf,,824,0,0,824,28317.29657089666944,254.83914280343629,1005502.608,200226.229
1005493.87823534,200223.299230593,5,5,5,64192.2783649,43575028.3143,North Brooklyn,"Evergreen, WXY, HR&A, Pratt Community Center, Langan, and St. Nicks Alliance",https://a002-epic.nyc.gov/community/areas/3,2019,http://docs.dos.ny.gov/opd/boa/NorthBrooklynBOA.pdf,,825,0,0,825,28326.50516842323123,252.24180383721151,1005493.878,200223.299
1005488.46780474,200221.648959446,5,5,5,64192.2783649,43575028.3143,North Brooklyn,"Evergreen, WXY, HR&A, Pratt Community Center, Langan, and St. Nicks Alliance",https://a002-epic.nyc.gov/community/areas/3,2019,http://docs.dos.ny.gov/opd/boa/NorthBrooklynBOA.pdf,,826,0,0,826,28332.16168272881259,234.24619583726465,1005488.468,200221.649
1005483.17582059,200214.217523461,5,5,5,64192.2783649,43575028.3143,North Brooklyn,"Evergreen, WXY, HR&A, Pratt Community Center, Langan, and St. Nicks Alliance",https://a002-epic.nyc.gov/community/areas/3,2019,http://docs.dos.ny.gov/opd/boa/NorthBrooklynBOA.pdf,,827,0,0,827,28341.28480374586434,220.55486112153559,1005483.176,200214.218
1005475.75785197,200206.967185996,5,5,5,64192.2783649,43575028.3143,North Brooklyn,"Evergreen, WXY, HR&A, Pratt Community Center, Langan, and St. Nicks Alliance",https://a002-epic.nyc.gov/community/areas/3,2019,http://docs.dos.ny.gov/opd/boa/NorthBrooklynBOA.pdf,,828,0,0,828,28351.65753972790844,227.53885674065856,1005475.758,200206.967
1005464.74736685,200197.537709447,5,5,5,64192.2783649,43575028.3143,North Brooklyn,"Evergreen, WXY, HR&A, Pratt Community Center, Langan, and St. Nicks Alliance",https://a002-epic.nyc.gov/community/areas/3,2019,http://docs.dos.ny.gov/opd/boa/NorthBrooklynBOA.pdf,,829,0,0,829,28366.15394654701231,238.65944026800844,1005464.747,200197.538
1005425.94817749,200181.779775105,5,5,5,64192.2783649,43575028.3143,North Brooklyn,"Evergreen, WXY, HR&A, Pratt Community Center, Langan, and St. Nicks Alliance",https://a002-epic.nyc.gov/community/areas/3,2019,http://docs.dos.ny.gov/opd/boa/NorthBrooklynBOA.pdf,,830,0,0,830,28408.03102368578038,207.81517492787407,1005425.948,200181.780
1005431.91606372,200154.329340175,5,5,5,64192.2783649,43575028.3143,North Brooklyn,"Evergreen, WXY, HR&A, Pratt Community Center, Langan, and St. Nicks Alliance",https://a002-epic.nyc.gov/community/areas/3,2019,http://docs.dos.ny.gov/opd/boa/NorthBrooklynBOA.pdf,,831,0,0,831,28436.12269583197849,209.73530512826113,1005431.916,200154.329
1005231.46668764,200088.177445504,5,5,5,64192.2783649,43575028.3143,North Brooklyn,"Evergreen, WXY, HR&A, Pratt Community Center, Langan, and St. Nicks Alliance",https://a002-epic.nyc.gov/community/areas/3,2019,http://docs.dos.ny.gov/opd/boa/NorthBrooklynBOA.pdf,,832,0,0,832,28647.20567842056698,233.01516332653213,1005231.467,200088.177
1005153.72734966,199974.190816783,5,5,5,64192.2783649,43575028.3143,North Brooklyn,"Evergreen, WXY, HR&A, Pratt Community Center, Langan, and St. Nicks Alliance",https://a002-epic.nyc.gov/community/areas/3,2019,http://docs.dos.ny.gov/opd/boa/NorthBrooklynBOA.pdf,,833,0,0,833,28785.17798070232675,215.04741654983545,1005153.727,199974.191
1005087.60904307,199882.517845377,5,5,5,64192.2783649,43575028.3143,North Brooklyn,"Evergreen, WXY, HR&A, Pratt Community Center, Langan, and St. Nicks Alliance",https://a002-epic.nyc.gov/community/areas/3,2019,http://docs.dos.ny.gov/opd/boa/NorthBrooklynBOA.pdf,,834,0,0,834,28898.20702189678923,232.16208682666675,1005087.609,199882.518
1005073.01587582,199876.776352623,5,5,5,64192.2783649,43575028.3143,North Brooklyn,"Evergreen, WXY, HR&A, Pratt Community Center, Langan, and St. Nicks Alliance",https://a002-epic.nyc.gov/community/areas/3,2019,http://docs.dos.ny.gov/opd/boa/NorthBrooklynBOA.pdf,,835,0,0,835,28913.88902653114928,204.12031627517592,1005073.016,199876.776
1005082.24786622,199851.796066399,5,5,5,64192.2783649,43575028.3143,North Brooklyn,"Evergreen, WXY, HR&A, Pratt Community Center, Langan, and St. Nicks Alliance",https://a002-epic.nyc.gov/community/areas/3,2019,http://docs.dos.ny.gov/opd/boa/NorthBrooklynBOA.pdf,,836,0,0,836,28940.52066836237645,158.90360547366208,1005082.248,199851.796
1005100.26630167,199806.996251783,5,5,5,64192.2783649,43575028.3143,North Brooklyn,"Evergreen, WXY, HR&A, Pratt Community Center, Langan, and St. Nicks Alliance",https://a002-epic.nyc.gov/community/areas/3,2019,http://docs.dos.ny.gov/opd/boa/NorthBrooklynBOA.pdf,,837,0,0,837,28988.80821753908094,158.87492552969471,1005100.266,199806.996
1005106.14558898,199791.136690029,5,5,5,64192.2783649,43575028.3143,North Brooklyn,"Evergreen, WXY, HR&A, Pratt Community Center, Langan, and St. Nicks Alliance",https://a002-epic.nyc.gov/community/areas/3,2019,http://docs.dos.ny.gov/opd/boa/NorthBrooklynBOA.pdf,,838,0,0,838,29005.72246355710013,161.38111886946683,1005106.146,199791.137
1005107.5369996,199786.556314182,5,5,5,64192.2783649,43575028.3143,North Brooklyn,"Evergreen, WXY, HR&A, Pratt Community Center, Langan, and St. Nicks Alliance",https://a002-epic.nyc.gov/community/areas/3,2019,http://docs.dos.ny.gov/opd/boa/NorthBrooklynBOA.pdf,,839,0,0,839,29010.50951551190155,173.34143860592539,1005107.537,199786.556
1005107.18595768,199780.946080141,5,5,5,64192.2783649,43575028.3143,North Brooklyn,"Evergreen, WXY, HR&A, Pratt Community Center, Langan, and St. Nicks Alliance",https://a002-epic.nyc.gov/community/areas/3,2019,http://docs.dos.ny.gov/opd/boa/NorthBrooklynBOA.pdf,,840,0,0,840,29016.13072146986451,185.08870068629909,1005107.186,199780.946
1005106.53603126,199775.326331125,5,5,5,64192.2783649,43575028.3143,North Brooklyn,"Evergreen, WXY, HR&A, Pratt Community Center, Langan, and St. Nicks Alliance",https://a002-epic.nyc.gov/community/areas/3,2019,http://docs.dos.ny.gov/opd/boa/NorthBrooklynBOA.pdf,,841,0,0,841,29021.78792779128707,177.53791044767104,1005106.536,199775.326
1005107.47763881,199770.706912518,5,5,5,64192.2783649,43575028.3143,North Brooklyn,"Evergreen, WXY, HR&A, Pratt Community Center, Langan, and St. Nicks Alliance",https://a002-epic.nyc.gov/community/areas/3,2019,http://docs.dos.ny.gov/opd/boa/NorthBrooklynBOA.pdf,,842,0,0,842,29026.50233687988657,157.99964706499821,1005107.478,199770.707
1005116.28704127,199756.868024238,5,5,5,64192.2783649,43575028.3143,North Brooklyn,"Evergreen, WXY, HR&A, Pratt Community Center, Langan, and St. Nicks Alliance",https://a002-epic.nyc.gov/community/areas/3,2019,http://docs.dos.ny.gov/opd/boa/NorthBrooklynBOA.pdf,,843,0,0,843,29042.90722640962485,149.76972124230690,1005116.287,199756.868
1005127.31692587,199736.107227356,5,5,5,64192.2783649,43575028.3143,North Brooklyn,"Evergreen, WXY, HR&A, Pratt Community Center, Langan, and St. Nicks Alliance",https://a002-epic.nyc.gov/community/areas/3,2019,http://docs.dos.ny.gov/opd/boa/NorthBrooklynBOA.pdf,,844,0,0,844,29066.41614049290365,136.83148719282840,1005127.317,199736.107
1005135.62730025,199730.985853535,5,5,5,64192.2783649,43575028.3143,North Brooklyn,"Evergreen, WXY, HR&A, Pratt Community Center, Langan, and St. Nicks Alliance",https://a002-epic.nyc.gov/community/areas/3,2019,http://docs.dos.ny.gov/opd/boa/NorthBrooklynBOA.pdf,,845,0,0,845,29076.17784076215685,130.40661215248167,1005135.627,199730.986
1005148.14700532,199716.497365876,5,5,5,64192.2783649,43575028.3143,North Brooklyn,"Evergreen, WXY, HR&A, Pratt Community Center, Langan, and St. Nicks Alliance",https://a002-epic.nyc.gov/community/areas/3,2019,http://docs.dos.ny.gov/opd/boa/NorthBrooklynBOA.pdf,,846,0,0,846,29095.32619029142370,143.76890080017196,1005148.147,199716.497
1005164.61685876,199689.758891331,5,5,5,64192.2783649,43575028.3143,North Brooklyn,"Evergreen, WXY, HR&A, Pratt Community Center, Langan, and St. Nicks Alliance",https://a002-epic.nyc.gov/community/areas/3,2019,http://docs.dos.ny.gov/opd/boa/NorthBrooklynBOA.pdf,,847,0,0,847,29126.73004504884739,154.27468016807029,1005164.617,199689.759
1005172.91741591,199666.72742149,5,5,5,64192.2783649,43575028.3143,North Brooklyn,"Evergreen, WXY, HR&A, Pratt Community Center, Langan, and St. Nicks Alliance",https://a002-epic.nyc.gov/community/areas/3,2019,http://docs.dos.ny.gov/opd/boa/NorthBrooklynBOA.pdf,,848,0,0,848,29151.21162694041050,165.85383831811174,1005172.917,199666.727
1005176.69697917,199641.356377862,5,5,5,64192.2783649,43575028.3143,North Brooklyn,"Evergreen, WXY, HR&A, Pratt Community Center, Langan, and St. Nicks Alliance",https://a002-epic.nyc.gov/community/areas/3,2019,http://docs.dos.ny.gov/opd/boa/NorthBrooklynBOA.pdf,,849,0,0,849,29176.86264939968896,169.12894741606794,1005176.697,199641.356
1005185.05660898,199605.90693534,5,5,5,64192.2783649,43575028.3143,North Brooklyn,"Evergreen, WXY, HR&A, Pratt Community Center, Langan, and St. Nicks Alliance",https://a002-epic.nyc.gov/community/areas/3,2019,http://docs.dos.ny.gov/opd/boa/NorthBrooklynBOA.pdf,,850,0,0,850,29213.28443389305176,166.51034284735434,1005185.057,199605.907
1005199.15741183,199548.108432806,5,5,5,64192.2783649,43575028.3143,North Brooklyn,"Evergreen, WXY, HR&A, Pratt Community Center, Langan, and St. Nicks Alliance",https://a002-epic.nyc.gov/community/areas/3,2019,http://docs.dos.ny.gov/opd/boa/NorthBrooklynBOA.pdf,,851,0,0,851,29272.77812714009997,157.15035495264047,1005199.157,199548.108
1005202.60623838,199542.586788163,5,5,5,64192.2783649,43575028.3143,North Brooklyn,"Evergreen, WXY, HR&A, Pratt Community Center, Langan, and St. Nicks Alliance",https://a002-epic.nyc.gov/community/areas/3,2019,http://docs.dos.ny.gov/opd/boa/NorthBrooklynBOA.pdf,,852,0,0,852,29279.28834711548552,127.54694707307308,1005202.606,199542.587
1005203.87559584,199542.196698728,5,5,5,64192.2783649,43575028.3143,North Brooklyn,"Evergreen, WXY, HR&A, Pratt Community Center, Langan, and St. Nicks Alliance",https://a002-epic.nyc.gov/community/areas/3,2019,http://docs.dos.ny.gov/opd/boa/NorthBrooklynBOA.pdf,,853,0,0,853,29280.61629219724637,89.30702212844480,1005203.876,199542.197
1005205.37854783,199542.698669665,5,5,5,64192.2783649,43575028.3143,North Brooklyn,"Evergreen, WXY, HR&A, Pratt Community Center, Langan, and St. Nicks Alliance",https://a002-epic.nyc.gov/community/areas/3,2019,http://docs.dos.ny.gov/opd/boa/NorthBrooklynBOA.pdf,,854,0,0,854,29282.20085506977193,82.20662764180182,1005205.379,199542.699
1005210.59836426,199542.435883787,5,5,5,64192.2783649,43575028.3143,North Brooklyn,"Evergreen, WXY, HR&A, Pratt Community Center, Langan, and St. Nicks Alliance",https://a002-epic.nyc.gov/community/areas/3,2019,http://docs.dos.ny.gov/opd/boa/NorthBrooklynBOA.pdf,,855,0,0,855,29287.42728214818635,114.53697456001954,1005210.598,199542.436
1005217.00585376,199535.75610848,5,5,5,64192.2783649,43575028.3143,North Brooklyn,"Evergreen, WXY, HR&A, Pratt Community Center, Langan, and St. Nicks Alliance",https://a002-epic.nyc.gov/community/areas/3,2019,http://docs.dos.ny.gov/opd/boa/NorthBrooklynBOA.pdf,,856,0,0,856,29296.68337850965327,141.97184208408729,1005217.006,199535.756
1005222.4681361,199527.098314129,5,5,5,64192.2783649,43575028.3143,North Brooklyn,"Evergreen, WXY, HR&A, Pratt Community Center, Langan, and St. Nicks Alliance",https://a002-epic.nyc.gov/community/areas/3,2019,http://docs.dos.ny.gov/opd/boa/NorthBrooklynBOA.pdf,,857,0,0,857,29306.92026921671277,159.90639172362242,1005222.468,199527.098
1005225.17813717,199507.665585861,5,5,5,64192.2783649,43575028.3143,North Brooklyn,"Evergreen, WXY, HR&A, Pratt Community Center, Langan, and St. Nicks Alliance",https://a002-epic.nyc.gov/community/areas/3,2019,http://docs.dos.ny.gov/opd/boa/NorthBrooklynBOA.pdf,,858,0,0,858,29326.54104987714527,175.66915100688982,1005225.178,199507.666
1005225.41766528,199488.676422574,5,5,5,64192.2783649,43575028.3143,North Brooklyn,"Evergreen, WXY, HR&A, Pratt Community Center, Langan, and St. Nicks Alliance",https://a002-epic.nyc.gov/community/areas/3,2019,http://docs.dos.ny.gov/opd/boa/NorthBrooklynBOA.pdf,,859,0,0,859,29345.53172380071919,179.39534540680361,1005225.418,199488.676
1005225.60798562,199466.268297637,5,5,5,64192.2783649,43575028.3143,North Brooklyn,"Evergreen, WXY, HR&A, Pratt Community Center, Langan, and St. Nicks Alliance",https://a002-epic.nyc.gov/community/areas/3,2019,http://docs.dos.ny.gov/opd/boa/NorthBrooklynBOA.pdf,,860,0,0,860,29367.94065695276004,179.13717146835526,1005225.608,199466.268
1005225.74578988,199459.896909999,5,5,5,64192.2783649,43575028.3143,North Brooklyn,"Evergreen, WXY, HR&A, Pratt Community Center, Langan, and St. Nicks Alliance",https://a002-epic.nyc.gov/community/areas/3,2019,http://docs.dos.ny.gov/opd/boa/NorthBrooklynBOA.pdf,,861,0,0,861,29374.31353467375448,135.85479364587150,1005225.746,199459.897
1005280.33043724,199457.085328678,5,5,5,64192.2783649,43575028.3143,North Brooklyn,"Evergreen, WXY, HR&A, Pratt Community Center, Langan, and St. Nicks Alliance",https://a002-epic.nyc.gov/community/areas/3,2019,http://docs.dos.ny.gov/opd/boa/NorthBrooklynBOA.pdf,,862,0,0,862,29428.97054444778041,118.81914547506295,1005280.330,199457.085
1005307.77996581,199418.331788029,5,5,5,64192.2783649,43575028.3143,North Brooklyn,"Evergreen, WXY, HR&A, Pratt Community Center, Langan, and St. Nicks Alliance",https://a002-epic.nyc.gov/community/areas/3,2019,http://docs.dos.ny.gov/opd/boa/NorthBrooklynBOA.pdf,,863,0,0,863,29476.46068586266119,137.80954497750506,1005307.780,199418.332
1005634.86335532,199134.709155067,5,5,5,64192.2783649,43575028.3143,North Brooklyn,"Evergreen, WXY, HR&A, Pratt Community Center, Langan, and St. Nicks Alliance",https://a002-epic.nyc.gov/community/areas/3,2019,http://docs.dos.ny.gov/opd/boa/NorthBrooklynBOA.pdf,,864,0,0,864,29909.38717109950449,129.23862379241913,1005634.863,199134.709
1005634.90731861,199134.675362508,5,5,5,64192.2783649,43575028.3143,North Brooklyn,"Evergreen, WXY, HR&A, Pratt Community Center, Langan, and St. Nicks Alliance",https://a002-epic.nyc.gov/community/areas/3,2019,http://docs.dos.ny.gov/opd/boa/NorthBrooklynBOA.pdf,,865,0,0,865,29909.44262114604135,127.54898615191853,1005634.907,199134.675
1005998.79122202,198854.951091969,5,5,5,64192.2783649,43575028.3143,North Brooklyn,"Evergreen, WXY, HR&A, Pratt Community Center, Langan, and St. Nicks Alliance",https://a002-epic.nyc.gov/community/areas/3,2019,http://docs.dos.ny.gov/opd/boa/NorthBrooklynBOA.pdf,,866,0,0,866,30368.41665384516455,127.74379855396712,1005998.791,198854.951
1006467.58107413,198489.515774566,5,5,5,64192.2783649,43575028.3143,North Brooklyn,"Evergreen, WXY, HR&A, Pratt Community Center, Langan, and St. Nicks Alliance",https://a002-epic.nyc.gov/community/areas/3,2019,http://docs.dos.ny.gov/opd/boa/NorthBrooklynBOA.pdf,,867,0,0,867,30962.81289932701839,172.13423092423835,1006467.581,198489.516
1006220.66423374,198153.760256523,5,5,5,64192.2783649,43575028.3143,North Brooklyn,"Evergreen, WXY, HR&A, Pratt Community Center, Langan, and St. Nicks Alliance",https://a002-epic.nyc.gov/community/areas/3,2019,http://docs.dos.ny.gov/opd/boa/NorthBrooklynBOA.pdf,,868,0,0,868,31379.58585185743868,216.33104771795749,1006220.664,198153.760
1006189.61442587,198111.539093859,5,5,5,64192.2783649,43575028.3143,North Brooklyn,"Evergreen, WXY, HR&A, Pratt Community Center, Langan, and St. Nicks Alliance",https://a002-epic.nyc.gov/community/areas/3,2019,http://docs.dos.ny.gov/opd/boa/NorthBrooklynBOA.pdf,,869,0,0,869,31431.99498413145193,216.84436267751281,1006189.614,198111.539
1005904.82953388,197738.484637184,5,5,5,64192.2783649,43575028.3143,North Brooklyn,"Evergreen, WXY, HR&A, Pratt Community Center, Langan, and St. Nicks Alliance",https://a002-epic.nyc.gov/community/areas/3,2019,http://docs.dos.ny.gov/opd/boa/NorthBrooklynBOA.pdf,,870,0,0,870,31901.32648994783813,219.10139361336147,1005904.830,197738.485
1005274.38179118,197009.266336084,5,5,5,64192.2783649,43575028.3143,North Brooklyn,"Evergreen, WXY, HR&A, Pratt Community Center, Langan, and St. Nicks Alliance",https://a002-epic.nyc.gov/community/areas/3,2019,http://docs.dos.ny.gov/opd/boa/NorthBrooklynBOA.pdf,,871,0,0,871,32865.28898244028096,220.61009996259372,1005274.382,197009.266
1004742.26264937,196383.476622242,5,5,5,64192.2783649,43575028.3143,North Brooklyn,"Evergreen, WXY, HR&A, Pratt Community Center, Langan, and St. Nicks Alliance",https://a002-epic.nyc.gov/community/areas/3,2019,http://docs.dos.ny.gov/opd/boa/NorthBrooklynBOA.pdf,,872,0,0,872,33686.72890540218941,232.39737692241317,1004742.263,196383.477
1004008.25076096,196032.10731777,5,5,5,64192.2783649,43575028.3143,North Brooklyn,"Evergreen, WXY, HR&A, Pratt Community Center, Langan, and St. Nicks Alliance",https://a002-epic.nyc.gov/community/areas/3,2019,http://docs.dos.ny.gov/opd/boa/NorthBrooklynBOA.pdf,,873,0,0,873,34500.50641827273648,243.59705342988187,1004008.251,196032.107
1003592.76226934,195818.34056701,5,5,5,64192.2783649,43575028.3143,North Brooklyn,"Evergreen, WXY, HR&A, Pratt Community Center, Langan, and St. Nicks Alliance",https://a002-epic.nyc.gov/community/areas/3,2019,http://docs.dos.ny.gov/opd/boa/NorthBrooklynBOA.pdf,,874,0,0,874,34967.76107089732977,242.77819104020503,1003592.762,195818.341
1003338.21196261,195687.418235525,5,5,5,64192.2783649,43575028.3143,North Brooklyn,"Evergreen, WXY, HR&A, Pratt Community Center, Langan, and St. Nicks Alliance",https://a002-epic.nyc.gov/community/areas/3,2019,http://docs.dos.ny.gov/opd/boa/NorthBrooklynBOA.pdf,,875,0,0,875,35254.00662201455270,242.66035537016617,1003338.212,195687.418
1003179.29805875,195604.829393043,5,5,5,64192.2783649,43575028.3143,North Brooklyn,"Evergreen, WXY, HR&A, Pratt Community Center, Langan, and St. Nicks Alliance",https://a002-epic.nyc.gov/community/areas/3,2019,http://docs.dos.ny.gov/opd/boa/NorthBrooklynBOA.pdf,,876,0,0,876,35433.10030069725326,242.75317039902728,1003179.298,195604.829
1002910.69592746,195467.778426393,5,5,5,64192.2783649,43575028.3143,North Brooklyn,"Evergreen, WXY, HR&A, Pratt Community Center, Langan, and St. Nicks Alliance",https://a002-epic.nyc.gov/community/areas/3,2019,http://docs.dos.ny.gov/opd/boa/NorthBrooklynBOA.pdf,,877,0,0,877,35734.64643712428369,242.90444910013252,1002910.696,195467.778
1002682.1003255,195350.504427312,5,5,5,64192.2783649,43575028.3143,North Brooklyn,"Evergreen, WXY, HR&A, Pratt Community Center, Langan, and St. Nicks Alliance",https://a002-epic.nyc.gov/community/areas/3,2019,http://docs.dos.ny.gov/opd/boa/NorthBrooklynBOA.pdf,,878,0,0,878,35991.56887696273043,242.32528413327836,1002682.100,195350.504
1002563.39308394,195286.878904115,5,5,5,64192.2783649,43575028.3143,North Brooklyn,"Evergreen, WXY, HR&A, Pratt Community Center, Langan, and St. Nicks Alliance",https://a002-epic.nyc.gov/community/areas/3,2019,http://docs.dos.ny.gov/opd/boa/NorthBrooklynBOA.pdf,,879,0,0,879,36126.25227015762357,246.46410001058993,1002563.393,195286.879
1002179.30441344,195155.517674229,5,5,5,64192.2783649,43575028.3143,North Brooklyn,"Evergreen, WXY, HR&A, Pratt Community Center, Langan, and St. Nicks Alliance",https://a002-epic.nyc.gov/community/areas/3,2019,http://docs.dos.ny.gov/opd/boa/NorthBrooklynBOA.pdf,,880,0,0,880,36532.18315038196306,251.58060771248924,1002179.304,195155.518
1001723.51761551,195007.795421155,5,5,5,64192.2783649,43575028.3143,North Brooklyn,"Evergreen, WXY, HR&A, Pratt Community Center, Langan, and St. Nicks Alliance",https://a002-epic.nyc.gov/community/areas/3,2019,http://docs.dos.ny.gov/opd/boa/NorthBrooklynBOA.pdf,,881,0,0,881,37011.31097176233015,297.14311931728446,1001723.518,195007.795
1001629.80721998,195300.440136708,5,5,5,64192.2783649,43575028.3143,North Brooklyn,"Evergreen, WXY, HR&A, Pratt Community Center, Langan, and St. Nicks Alliance",https://a002-epic.nyc.gov/community/areas/3,2019,http://docs.dos.ny.gov/opd/boa/NorthBrooklynBOA.pdf,,882,0,0,882,37318.59352540407417,341.16584369113002,1001629.807,195300.440
1001542.75634909,195540.754835061,5,5,5,64192.2783649,43575028.3143,North Brooklyn,"Evergreen, WXY, HR&A, Pratt Community Center, Langan, and St. Nicks Alliance",https://a002-epic.nyc.gov/community/areas/3,2019,http://docs.dos.ny.gov/opd/boa/NorthBrooklynBOA.pdf,,883,0,0,883,37574.18892514079198,331.27947127994565,1001542.756,195540.755
1001500.47674477,195595.79738424,5,5,5,64192.2783649,43575028.3143,North Brooklyn,"Evergreen, WXY, HR&A, Pratt Community Center, Langan, and St. Nicks Alliance",https://a002-epic.nyc.gov/community/areas/3,2019,http://docs.dos.ny.gov/opd/boa/NorthBrooklynBOA.pdf,,884,0,0,884,37643.59531649790733,315.58023855829805,1001500.477,195595.797
1001305.05921172,195752.296299005,5,5,5,64192.2783649,43575028.3143,North Brooklyn,"Evergreen, WXY, HR&A, Pratt Community Center, Langan, and St. Nicks Alliance",https://a002-epic.nyc.gov/community/areas/3,2019,http://docs.dos.ny.gov/opd/boa/NorthBrooklynBOA.pdf,,885,0,0,885,37893.95490299195080,315.81919669842222,1001305.059,195752.296
1001274.25206782,195793.103311591,5,5,5,64192.2783649,43575028.3143,North Brooklyn,"Evergreen, WXY, HR&A, Pratt Community Center, Langan, and St. Nicks Alliance",https://a002-epic.nyc.gov/community/areas/3,2019,http://docs.dos.ny.gov/opd/boa/NorthBrooklynBOA.pdf,,886,0,0,886,37945.08505447756761,321.57585675196805,1001274.252,195793.103
1001214.62926447,195864.671412948,5,5,5,64192.2783649,43575028.3143,North Brooklyn,"Evergreen, WXY, HR&A, Pratt Community Center, Langan, and St. Nicks Alliance",https://a002-epic.nyc.gov/community/areas/3,2019,http://docs.dos.ny.gov/opd/boa/NorthBrooklynBOA.pdf,,887,0,0,887,38038.23478239637916,320.97483510821644,1001214.629,195864.671
1001127.71966084,195974.90414634,5,5,5,64192.2783649,43575028.3143,North Brooklyn,"Evergreen, WXY, HR&A, Pratt Community Center, Langan, and St. Nicks Alliance",https://a002-epic.nyc.gov/community/areas/3,2019,http://docs.dos.ny.gov/opd/boa/NorthBrooklynBOA.pdf,,888,0,0,888,38178.60762419326784,18.47104558427228,1001127.720,195974.904
1001482.06659608,196068.559623385,5,5,5,64192.2783649,43575028.3143,North Brooklyn,"Evergreen, WXY, HR&A, Pratt Community Center, Langan, and St. Nicks Alliance",https://a002-epic.nyc.gov/community/areas/3,2019,http://docs.dos.ny.gov/opd/boa/NorthBrooklynBOA.pdf,,889,0,0,889,38545.12242456963577,75.53735841709597,1001482.067,196068.560
1002202.51244663,196249.794481597,5,5,5,64192.2783649,43575028.3143,North Brooklyn,"Evergreen, WXY, HR&A, Pratt Community Center, Langan, and St. Nicks Alliance",https://a002-epic.nyc.gov/community/areas/3,2019,http://docs.dos.ny.gov/opd/boa/NorthBrooklynBOA.pdf,,890,0,0,890,39288.01427228134708,30.82107130140247,1002202.512,196249.794
1002138.48649127,196502.126932613,5,5,5,64192.2783649,43575028.3143,North Brooklyn,"Evergreen, WXY, HR&A, Pratt Community Center, Langan, and St. Nicks Alliance",https://a002-epic.nyc.gov/community/areas/3,2019,http://docs.dos.ny.gov/opd/boa/NorthBrooklynBOA.pdf,,891,0,0,891,39548.34288921693224,300.81367762158311,1002138.486,196502.127
1001042.81476724,196226.199819779,5,5,5,64192.2783649,43575028.3143,North Brooklyn,"Evergreen, WXY, HR&A, Pratt Community Center, Langan, and St. Nicks Alliance",https://a002-epic.nyc.gov/community/areas/3,2019,http://docs.dos.ny.gov/opd/boa/NorthBrooklynBOA.pdf,,892,0,0,892,40678.22443098785152,304.16964406790834,1001042.815,196226.200
1000996.87232323,196573.96534422,5,5,5,64192.2783649,43575028.3143,North Brooklyn,"Evergreen, WXY, HR&A, Pratt Community Center, Langan, and St. Nicks Alliance",https://a002-epic.nyc.gov/community/areas/3,2019,http://docs.dos.ny.gov/opd/boa/NorthBrooklynBOA.pdf,,893,0,0,893,41029.01150051953300,352.63005295960573,1000996.872,196573.965
1000964.23086482,196831.832635622,5,5,5,64192.2783649,43575028.3143,North Brooklyn,"Evergreen, WXY, HR&A, Pratt Community Center, Langan, and St. Nicks Alliance",https://a002-epic.nyc.gov/community/areas/3,2019,http://docs.dos.ny.gov/opd/boa/NorthBrooklynBOA.pdf,,894,0,0,894,41288.93649889979133,37.78985034148141,1000964.231,196831.833
1001244.40138993,196867.256365488,5,5,5,64192.2783649,43575028.3143,North Brooklyn,"Evergreen, WXY, HR&A, Pratt Community Center, Langan, and St. Nicks Alliance",https://a002-epic.nyc.gov/community/areas/3,2019,http://docs.dos.ny.gov/opd/boa/NorthBrooklynBOA.pdf,,895,0,0,895,41571.33756791255291,46.34937669014838,1001244.401,196867.256
1001293.19362049,197146.68547596,5,5,5,64192.2783649,43575028.3143,North Brooklyn,"Evergreen, WXY, HR&A, Pratt Community Center, Langan, and St. Nicks Alliance",https://a002-epic.nyc.gov/community/areas/3,2019,http://docs.dos.ny.gov/opd/boa/NorthBrooklynBOA.pdf,,896,0,0,896,41854.99459592790663,355.05471220029688,1001293.194,197146.685
1001199.61056393,197406.688480523,5,5,5,64192.2783649,43575028.3143,North Brooklyn,"Evergreen, WXY, HR&A, Pratt Community Center, Langan, and St. Nicks Alliance",https://a002-epic.nyc.gov/community/areas/3,2019,http://docs.dos.ny.gov/opd/boa/NorthBrooklynBOA.pdf,,897,0,0,897,42131.32655364617676,31.46624262879340,1001199.611,197406.688
1001343.31656177,197425.026662136,5,5,5,64192.2783649,43575028.3143,North Brooklyn,"Evergreen, WXY, HR&A, Pratt Community Center, Langan, and St. Nicks Alliance",https://a002-epic.nyc.gov/community/areas/3,2019,http://docs.dos.ny.gov/opd/boa/NorthBrooklynBOA.pdf,,898,0,0,898,42276.19788524228352,37.89965258821683,1001343.317,197425.027
1001339.95825321,197452.662799643,5,5,5,64192.2783649,43575028.3143,North Brooklyn,"Evergreen, WXY, HR&A, Pratt Community Center, Langan, and St. Nicks Alliance",https://a002-epic.nyc.gov/community/areas/3,2019,http://docs.dos.ny.gov/opd/boa/NorthBrooklynBOA.pdf,,899,0,0,899,42304.03732368319470,352.80983345075623,1001339.958,197452.663
1001313.38282179,197655.844099171,5,5,5,64192.2783649,43575028.3143,North Brooklyn,"Evergreen, WXY, HR&A, Pratt Community Center, Langan, and St. Nicks Alliance",https://a002-epic.nyc.gov/community/areas/3,2019,http://docs.dos.ny.gov/opd/boa/NorthBrooklynBOA.pdf,,900,0,0,900,42508.94924142555101,352.71655367747098,1001313.383,197655.844
1001310.0054852,197682.90084058,5,5,5,64192.2783649,43575028.3143,North Brooklyn,"Evergreen, WXY, HR&A, Pratt Community Center, Langan, and St. Nicks Alliance",https://a002-epic.nyc.gov/community/areas/3,2019,http://docs.dos.ny.gov/opd/boa/NorthBrooklynBOA.pdf,,901,0,0,901,42536.21595479736425,37.91175803614476,1001310.005,197682.901
1001689.21962581,197729.874936656,5,5,5,64192.2783649,43575028.3143,North Brooklyn,"Evergreen, WXY, HR&A, Pratt Community Center, Langan, and St. Nicks Alliance",https://a002-epic.nyc.gov/community/areas/3,2019,http://docs.dos.ny.gov/opd/boa/NorthBrooklynBOA.pdf,,902,0,0,902,42918.32841225341690,38.00196913928291,1001689.220,197729.875
1001657.62803611,197989.61558532,5,5,5,64192.2783649,43575028.3143,North Brooklyn,"Evergreen, WXY, HR&A, Pratt Community Center, Langan, and St. Nicks Alliance",https://a002-epic.nyc.gov/community/areas/3,2019,http://docs.dos.ny.gov/opd/boa/NorthBrooklynBOA.pdf,,903,0,0,903,43179.98320985538885,349.01637537703294,1001657.628,197989.616
1001622.56222828,198120.186005872,5,5,5,64192.2783649,43575028.3143,North Brooklyn,"Evergreen, WXY, HR&A, Pratt Community Center, Langan, and St. Nicks Alliance",https://a002-epic.nyc.gov/community/areas/3,2019,http://docs.dos.ny.gov/opd/boa/NorthBrooklynBOA.pdf,,904,0,0,904,43315.18027196193725,342.57070685814222,1001622.562,198120.186
1001526.9187965,198385.467876071,5,5,5,64192.2783649,43575028.3143,North Brooklyn,"Evergreen, WXY, HR&A, Pratt Community Center, Langan, and St. Nicks Alliance",https://a002-epic.nyc.gov/community/areas/3,2019,http://docs.dos.ny.gov/opd/boa/NorthBrooklynBOA.pdf,,905,0,0,905,43597.17696821811842,340.17521908919269,1001526.919,198385.468
1001443.74916764,198616.182854877,5,5,5,64192.2783649,43575028.3143,North Brooklyn,"Evergreen, WXY, HR&A, Pratt Community Center, Langan, and St. Nicks Alliance",https://a002-epic.nyc.gov/community/areas/3,2019,http://docs.dos.ny.gov/opd/boa/NorthBrooklynBOA.pdf,,906,0,0,906,43842.42498270458600,340.05386136368401,1001443.749,198616.183
1001349.44432726,198874.319391459,5,5,5,64192.2783649,43575028.3143,North Brooklyn,"Evergreen, WXY, HR&A, Pratt Community Center, Langan, and St. Nicks Alliance",https://a002-epic.nyc.gov/community/areas/3,2019,http://docs.dos.ny.gov/opd/boa/NorthBrooklynBOA.pdf,,907,0,0,907,44117.24833403695084,26.13560321802152,1001349.444,198874.319
1001646.56031329,198968.913060466,5,5,5,64192.2783649,43575028.3143,North Brooklyn,"Evergreen, WXY, HR&A, Pratt Community Center, Langan, and St. Nicks Alliance",https://a002-epic.nyc.gov/community/areas/3,2019,http://docs.dos.ny.gov/opd/boa/NorthBrooklynBOA.pdf,,908,0,0,908,44429.05896787250094,28.62513026215748,1001646.560,198968.913
1001608.91247048,199108.542200575,5,5,5,64192.2783649,43575028.3143,North Brooklyn,"Evergreen, WXY, HR&A, Pratt Community Center, Langan, and St. Nicks Alliance",https://a002-epic.nyc.gov/community/areas/3,2019,http://docs.dos.ny.gov/opd/boa/NorthBrooklynBOA.pdf,,909,0,0,909,44573.67451626284310,353.70156755040034,1001608.912,199108.542
1001619.22051811,199345.317055596,5,5,5,64192.2783649,43575028.3143,North Brooklyn,"Evergreen, WXY, HR&A, Pratt Community Center, Langan, and St. Nicks Alliance",https://a002-epic.nyc.gov/community/areas/3,2019,http://docs.dos.ny.gov/opd/boa/NorthBrooklynBOA.pdf,,910,0,0,910,44810.67364667504444,2.76660534471115,1001619.221,199345.317
1001633.16697891,199607.888822276,5,5,5,64192.2783649,43575028.3143,North Brooklyn,"Evergreen, WXY, HR&A, Pratt Community Center, Langan, and St. Nicks Alliance",https://a002-epic.nyc.gov/community/areas/3,2019,http://docs.dos.ny.gov/opd/boa/NorthBrooklynBOA.pdf,,911,0,0,911,45073.61553460131836,1.88005420794579,1001633.167,199607.889
1001633.55932109,199639.121421623,5,5,5,64192.2783649,43575028.3143,North Brooklyn,"Evergreen, WXY, HR&A, Pratt Community Center, Langan, and St. Nicks Alliance",https://a002-epic.nyc.gov/community/areas/3,2019,http://docs.dos.ny.gov/opd/boa/NorthBrooklynBOA.pdf,,912,0,0,912,45104.85059814190026,1.81646243242208,1001633.559,199639.121
1001638.76750262,199741.465220549,5,5,5,64192.2783649,43575028.3143,North Brooklyn,"Evergreen, WXY, HR&A, Pratt Community Center, Langan, and St. Nicks Alliance",https://a002-epic.nyc.gov/community/areas/3,2019,http://docs.dos.ny.gov/opd/boa/NorthBrooklynBOA.pdf,,913,0,0,913,45207.32683116004773,47.88371188105524,1001638.768,199741.465
1001786.19959486,199734.114762878,5,5,5,64192.2783649,43575028.3143,North Brooklyn,"Evergreen, WXY, HR&A, Pratt Community Center, Langan, and St. Nicks Alliance",https://a002-epic.nyc.gov/community/areas/3,2019,http://docs.dos.ny.gov/opd/boa/NorthBrooklynBOA.pdf,,914,0,0,914,45354.94204395132692,92.88595462232026,1001786.200,199734.115
1001787.24880748,199734.061287063,5,5,5,64192.2783649,43575028.3143,North Brooklyn,"Evergreen, WXY, HR&A, Pratt Community Center, Langan, and St. Nicks Alliance",https://a002-epic.nyc.gov/community/areas/3,2019,http://docs.dos.ny.gov/opd/boa/NorthBrooklynBOA.pdf,,915,0,0,915,45355.99261846032459,47.96032560179152,1001787.249,199734.061
1001792.63448231,199836.724967683,5,5,5,64192.2783649,43575028.3143,North Brooklyn,"Evergreen, WXY, HR&A, Pratt Community Center, Langan, and St. Nicks Alliance",https://a002-epic.nyc.gov/community/areas/3,2019,http://docs.dos.ny.gov/opd/boa/NorthBrooklynBOA.pdf,,916,0,0,916,45458.79746665198763,4.08092120230479,1001792.634,199836.725
1001795.06029553,199863.593727164,5,5,5,64192.2783649,43575028.3143,North Brooklyn,"Evergreen, WXY, HR&A, Pratt Community Center, Langan, and St. Nicks Alliance",https://a002-epic.nyc.gov/community/areas/3,2019,http://docs.dos.ny.gov/opd/boa/NorthBrooklynBOA.pdf,,917,0,0,917,45485.77550968377182,49.17773015406766,1001795.060,199863.594
1002098.98681957,199846.619862137,5,5,5,64192.2783649,43575028.3143,North Brooklyn,"Evergreen, WXY, HR&A, Pratt Community Center, Langan, and St. Nicks Alliance",https://a002-epic.nyc.gov/community/areas/3,2019,http://docs.dos.ny.gov/opd/boa/NorthBrooklynBOA.pdf,,918,0,0,918,45790.17564784485148,36.99622910745878,1002098.987,199846.620
1001897.44069662,200425.247871858,5,5,5,64192.2783649,43575028.3143,North Brooklyn,"Evergreen, WXY, HR&A, Pratt Community Center, Langan, and St. Nicks Alliance",https://a002-epic.nyc.gov/community/areas/3,2019,http://docs.dos.ny.gov/opd/boa/NorthBrooklynBOA.pdf,,919,0,0,919,46402.90006657740014,341.00880872014272,1001897.441,200425.248
1001565.95041351,201400.205878522,5,5,5,64192.2783649,43575028.3143,North Brooklyn,"Evergreen, WXY, HR&A, Pratt Community Center, Langan, and St. Nicks Alliance",https://a002-epic.nyc.gov/community/areas/3,2019,http://docs.dos.ny.gov/opd/boa/NorthBrooklynBOA.pdf,,920,0,0,920,47432.67136281380954,296.06159765290528,1001565.950,201400.206
1001135.15929876,201251.043447605,5,5,5,64192.2783649,43575028.3143,North Brooklyn,"Evergreen, WXY, HR&A, Pratt Community Center, Langan, and St. Nicks Alliance",https://a002-epic.nyc.gov/community/areas/3,2019,http://docs.dos.ny.gov/opd/boa/NorthBrooklynBOA.pdf,,921,0,0,921,47888.55557546836644,250.90047759975121,1001135.159,201251.043
1000745.77630112,201116.203586505,5,5,5,64192.2783649,43575028.3143,North Brooklyn,"Evergreen, WXY, HR&A, Pratt Community Center, Langan, and St. Nicks Alliance",https://a002-epic.nyc.gov/community/areas/3,2019,http://docs.dos.ny.gov/opd/boa/NorthBrooklynBOA.pdf,,922,0,0,922,48300.62463156747981,301.65706837812598,1000745.776,201116.204
1000709.07641324,201391.79396619,5,5,5,64192.2783649,43575028.3143,North Brooklyn,"Evergreen, WXY, HR&A, Pratt Community Center, Langan, and St. Nicks Alliance",https://a002-epic.nyc.gov/community/areas/3,2019,http://docs.dos.ny.gov/opd/boa/NorthBrooklynBOA.pdf,,923,0,0,923,48578.64790243648167,33.31185270704022,1000709.076,201391.794
1000850.89426613,201431.900166912,5,5,5,64192.2783649,43575028.3143,North Brooklyn,"Evergreen, WXY, HR&A, Pratt Community Center, Langan, and St. Nicks Alliance",https://a002-epic.nyc.gov/community/areas/3,2019,http://docs.dos.ny.gov/opd/boa/NorthBrooklynBOA.pdf,,924,0,0,924,48726.02772036914394,32.05513061530906,1000850.894,201431.900
1000844.81613109,201466.026783355,5,5,5,64192.2783649,43575028.3143,North Brooklyn,"Evergreen, WXY, HR&A, Pratt Community Center, Langan, and St. Nicks Alliance",https://a002-epic.nyc.gov/community/areas/3,2019,http://docs.dos.ny.gov/opd/boa/NorthBrooklynBOA.pdf,,925,0,0,925,48760.69138542980363,345.21879829832051,1000844.816,201466.027
1000811.19722233,201561.155624819,5,5,5,64192.2783649,43575028.3143,North Brooklyn,"Evergreen, WXY, HR&A, Pratt Community Center, Langan, and St. Nicks Alliance",https://a002-epic.nyc.gov/community/areas/3,2019,http://docs.dos.ny.gov/opd/boa/NorthBrooklynBOA.pdf,,926,0,0,926,48861.58602108844934,343.95075338440523,1000811.197,201561.156
1000796.35132264,201627.382935359,5,5,5,64192.2783649,43575028.3143,North Brooklyn,"Evergreen, WXY, HR&A, Pratt Community Center, Langan, and St. Nicks Alliance",https://a002-epic.nyc.gov/community/areas/3,2019,http://docs.dos.ny.gov/opd/boa/NorthBrooklynBOA.pdf,,927,0,0,927,48929.45690880141046,29.21537614420539,1000796.351,201627.383
1000809.17743156,201631.782890143,5,5,5,64192.2783649,43575028.3143,North Brooklyn,"Evergreen, WXY, HR&A, Pratt Community Center, Langan, and St. Nicks Alliance",https://a002-epic.nyc.gov/community/areas/3,2019,http://docs.dos.ny.gov/opd/boa/NorthBrooklynBOA.pdf,,928,0,0,928,48943.01672709655395,26.12320611309223,1000809.177,201631.783
1000797.88702761,201664.911794655,5,5,5,64192.2783649,43575028.3143,North Brooklyn,"Evergreen, WXY, HR&A, Pratt Community Center, Langan, and St. Nicks Alliance",https://a002-epic.nyc.gov/community/areas/3,2019,http://docs.dos.ny.gov/opd/boa/NorthBrooklynBOA.pdf,,929,0,0,929,48978.01669188959931,354.95313236598429,1000797.887,201664.912
1000807.73174787,201729.056471437,5,5,5,64192.2783649,43575028.3143,North Brooklyn,"Evergreen, WXY, HR&A, Pratt Community Center, Langan, and St. Nicks Alliance",https://a002-epic.nyc.gov/community/areas/3,2019,http://docs.dos.ny.gov/opd/boa/NorthBrooklynBOA.pdf,,930,0,0,930,49042.91243964200839,354.72611298079920,1000807.732,201729.056
1000774.45634277,201824.218450259,5,5,5,64192.2783649,43575028.3143,North Brooklyn,"Evergreen, WXY, HR&A, Pratt Community Center, Langan, and St. Nicks Alliance",https://a002-epic.nyc.gov/community/areas/3,2019,http://docs.dos.ny.gov/opd/boa/NorthBrooklynBOA.pdf,,931,0,0,931,49143.72441709303530,26.00463027286483,1000774.456,201824.218
1000800.0711593,201832.897296678,5,5,5,64192.2783649,43575028.3143,North Brooklyn,"Evergreen, WXY, HR&A, Pratt Community Center, Langan, and St. Nicks Alliance",https://a002-epic.nyc.gov/community/areas/3,2019,http://docs.dos.ny.gov/opd/boa/NorthBrooklynBOA.pdf,,932,0,0,932,49170.76958673358604,26.00447668167833,1000800.071,201832.897
1000766.10775904,201930.025152931,5,5,5,64192.2783649,43575028.3143,North Brooklyn,"Evergreen, WXY, HR&A, Pratt Community Center, Langan, and St. Nicks Alliance",https://a002-epic.nyc.gov/community/areas/3,2019,http://docs.dos.ny.gov/opd/boa/NorthBrooklynBOA.pdf,,933,0,0,933,49273.66435344826459,340.97571079079245,1000766.108,201930.025
1000756.77700921,201957.47328886,5,5,5,64192.2783649,43575028.3143,North Brooklyn,"Evergreen, WXY, HR&A, Pratt Community Center, Langan, and St. Nicks Alliance",https://a002-epic.nyc.gov/community/areas/3,2019,http://docs.dos.ny.gov/opd/boa/NorthBrooklynBOA.pdf,,934,0,0,934,49302.65509435864806,26.79275237599877,1000756.777,201957.473
1000880.74545511,201996.892449356,5,5,5,64192.2783649,43575028.3143,North Brooklyn,"Evergreen, WXY, HR&A, Pratt Community Center, Langan, and St. Nicks Alliance",https://a002-epic.nyc.gov/community/areas/3,2019,http://docs.dos.ny.gov/opd/boa/NorthBrooklynBOA.pdf,,935,0,0,935,49432.73985824063129,71.70685443993490,1000880.745,201996.892
1000899.86158719,202003.454815508,5,5,5,64192.2783649,43575028.3143,North Brooklyn,"Evergreen, WXY, HR&A, Pratt Community Center, Langan, and St. Nicks Alliance",https://a002-epic.nyc.gov/community/areas/3,2019,http://docs.dos.ny.gov/opd/boa/NorthBrooklynBOA.pdf,,936,0,0,936,49452.95102236533421,26.67818369572293,1000899.862,202003.455
1000890.89271305,202031.563384803,5,5,5,64192.2783649,43575028.3143,North Brooklyn,"Evergreen, WXY, HR&A, Pratt Community Center, Langan, and St. Nicks Alliance",https://a002-epic.nyc.gov/community/areas/3,2019,http://docs.dos.ny.gov/opd/boa/NorthBrooklynBOA.pdf,,937,0,0,937,49482.45580792961118,341.90002572997076,1000890.893,202031.563
1000858.63731923,202127.947149722,5,5,5,64192.2783649,43575028.3143,North Brooklyn,"Evergreen, WXY, HR&A, Pratt Community Center, Langan, and St. Nicks Alliance",https://a002-epic.nyc.gov/community/areas/3,2019,http://docs.dos.ny.gov/opd/boa/NorthBrooklynBOA.pdf,,938,0,0,938,49584.09359898550611,26.35909417713254,1000858.637,202127.947
1000869.31513543,202131.577744011,5,5,5,64192.2783649,43575028.3143,North Brooklyn,"Evergreen, WXY, HR&A, Pratt Community Center, Langan, and St. Nicks Alliance",https://a002-epic.nyc.gov/community/areas/3,2019,http://docs.dos.ny.gov/opd/boa/NorthBrooklynBOA.pdf,,939,0,0,939,49595.37176256722159,23.55873541903780,1000869.315,202131.578
1000827.10042683,202225.932949524,5,5,5,64192.2783649,43575028.3143,North Brooklyn,"Evergreen, WXY, HR&A, Pratt Community Center, Langan, and St. Nicks Alliance",https://a002-epic.nyc.gov/community/areas/3,2019,http://docs.dos.ny.gov/opd/boa/NorthBrooklynBOA.pdf,,940,0,0,940,49698.73997059013345,337.78889335339778,1000827.100,202225.933
1000817.20406123,202252.659956213,5,5,5,64192.2783649,43575028.3143,North Brooklyn,"Evergreen, WXY, HR&A, Pratt Community Center, Langan, and St. Nicks Alliance",https://a002-epic.nyc.gov/community/areas/3,2019,http://docs.dos.ny.gov/opd/boa/NorthBrooklynBOA.pdf,,941,0,0,941,49727.24033793287526,295.50630663395839,1000817.204,202252.660
1000606.52273483,202181.475240523,5,5,5,64192.2783649,43575028.3143,North Brooklyn,"Evergreen, WXY, HR&A, Pratt Community Center, Langan, and St. Nicks Alliance",https://a002-epic.nyc.gov/community/areas/3,2019,http://docs.dos.ny.gov/opd/boa/NorthBrooklynBOA.pdf,,942,0,0,942,49949.62263272761629,302.79494786744993,1000606.523,202181.475
1000595.57112762,202290.405625676,5,5,5,64192.2783649,43575028.3143,North Brooklyn,"Evergreen, WXY, HR&A, Pratt Community Center, Langan, and St. Nicks Alliance",https://a002-epic.nyc.gov/community/areas/3,2019,http://docs.dos.ny.gov/opd/boa/NorthBrooklynBOA.pdf,,943,0,0,943,50059.10215825711202,20.43513625528283,1000595.571,202290.406
1000835.31488633,202517.02996173,5,5,5,64192.2783649,43575028.3143,North Brooklyn,"Evergreen, WXY, HR&A, Pratt Community Center, Langan, and St. Nicks Alliance",https://a002-epic.nyc.gov/community/areas/3,2019,http://docs.dos.ny.gov/opd/boa/NorthBrooklynBOA.pdf,,944,0,0,944,50389.00465829741734,50.56673031244870,1000835.315,202517.030
1001119.53374964,202719.595981341,5,5,5,64192.2783649,43575028.3143,North Brooklyn,"Evergreen, WXY, HR&A, Pratt Community Center, Langan, and St. Nicks Alliance",https://a002-epic.nyc.gov/community/areas/3,2019,http://docs.dos.ny.gov/opd/boa/NorthBrooklynBOA.pdf,,945,0,0,945,50738.02235779701005,54.00239095125458,1001119.534,202719.596
1001320.76089478,202868.590357067,5,5,5,64192.2783649,43575028.3143,North Brooklyn,"Evergreen, WXY, HR&A, Pratt Community Center, Langan, and St. Nicks Alliance",https://a002-epic.nyc.gov/community/areas/3,2019,http://docs.dos.ny.gov/opd/boa/NorthBrooklynBOA.pdf,,946,0,0,946,50988.40544016900822,54.31518309692860,1001320.761,202868.590
1001438.33787592,202950.467819437,5,5,5,64192.2783649,43575028.3143,North Brooklyn,"Evergreen, WXY, HR&A, Pratt Community Center, Langan, and St. Nicks Alliance",https://a002-epic.nyc.gov/community/areas/3,2019,http://docs.dos.ny.gov/opd/boa/NorthBrooklynBOA.pdf,,947,0,0,947,51131.68232364255528,54.12954175189168,1001438.338,202950.468
1001551.23112603,203035.195337867,5,5,5,64192.2783649,43575028.3143,North Brooklyn,"Evergreen, WXY, HR&A, Pratt Community Center, Langan, and St. Nicks Alliance",https://a002-epic.nyc.gov/community/areas/3,2019,http://docs.dos.ny.gov/opd/boa/NorthBrooklynBOA.pdf,,948,0,0,948,51272.83344230653165,59.87003726081940,1001551.231,203035.195
1001804.74540705,203144.750182631,5,5,5,64192.2783649,43575028.3143,North Brooklyn,"Evergreen, WXY, HR&A, Pratt Community Center, Langan, and St. Nicks Alliance",https://a002-epic.nyc.gov/community/areas/3,2019,http://docs.dos.ny.gov/opd/boa/NorthBrooklynBOA.pdf,,949,0,0,949,51549.00685647588398,29.74690946688476,1001804.745,203144.750
1001777.62008594,203361.450505811,5,5,5,64192.2783649,43575028.3143,North Brooklyn,"Evergreen, WXY, HR&A, Pratt Community Center, Langan, and St. Nicks Alliance",https://a002-epic.nyc.gov/community/areas/3,2019,http://docs.dos.ny.gov/opd/boa/NorthBrooklynBOA.pdf,,950,0,0,950,51767.39827826680994,352.81201563778859,1001777.620,203361.451
1001725.42820362,203772.220916528,5,5,5,64192.2783649,43575028.3143,North Brooklyn,"Evergreen, WXY, HR&A, Pratt Community Center, Langan, and St. Nicks Alliance",https://a002-epic.nyc.gov/community/areas/3,2019,http://docs.dos.ny.gov/opd/boa/NorthBrooklynBOA.pdf,,951,0,0,951,52181.47112560191454,308.38993414552965,1001725.428,203772.221
1001595.61030484,203758.624576394,5,5,5,64192.2783649,43575028.3143,North Brooklyn,"Evergreen, WXY, HR&A, Pratt Community Center, Langan, and St. Nicks Alliance",https://a002-epic.nyc.gov/community/areas/3,2019,http://docs.dos.ny.gov/opd/boa/NorthBrooklynBOA.pdf,,952,0,0,952,52311.99908165065426,218.44465709725239,1001595.610,203758.625
1001614.30114369,203609.238842585,5,5,5,64192.2783649,43575028.3143,North Brooklyn,"Evergreen, WXY, HR&A, Pratt Community Center, Langan, and St. Nicks Alliance",https://a002-epic.nyc.gov/community/areas/3,2019,http://docs.dos.ny.gov/opd/boa/NorthBrooklynBOA.pdf,,953,0,0,953,52462.54955465850071,217.84414730849119,1001614.301,203609.239
1001513.47241839,203596.536907094,5,5,5,64192.2783649,43575028.3143,North Brooklyn,"Evergreen, WXY, HR&A, Pratt Community Center, Langan, and St. Nicks Alliance",https://a002-epic.nyc.gov/community/areas/3,2019,http://docs.dos.ny.gov/opd/boa/NorthBrooklynBOA.pdf,,954,0,0,954,52564.17519615812489,261.42506297984704,1001513.472,203596.537
1001481.80116556,203590.969599056,5,5,5,64192.2783649,43575028.3143,North Brooklyn,"Evergreen, WXY, HR&A, Pratt Community Center, Langan, and St. Nicks Alliance",https://a002-epic.nyc.gov/community/areas/3,2019,http://docs.dos.ny.gov/opd/boa/NorthBrooklynBOA.pdf,,955,0,0,955,52596.33204884540464,306.83713876010819,1001481.801,203590.970
1001450.56223101,203871.420219359,5,5,5,64192.2783649,43575028.3143,North Brooklyn,"Evergreen, WXY, HR&A, Pratt Community Center, Langan, and St. Nicks Alliance",https://a002-epic.nyc.gov/community/areas/3,2019,http://docs.dos.ny.gov/opd/boa/NorthBrooklynBOA.pdf,,956,0,0,956,52878.51713254163769,308.24193751928323,1001450.562,203871.420
1000934.26342035,203806.560458885,5,5,5,64192.2783649,43575028.3143,North Brooklyn,"Evergreen, WXY, HR&A, Pratt Community Center, Langan, and St. Nicks Alliance",https://a002-epic.nyc.gov/community/areas/3,2019,http://docs.dos.ny.gov/opd/boa/NorthBrooklynBOA.pdf,,957,0,0,957,53398.87398164982005,307.80302716821683,1000934.263,203806.560
1000918.05916058,203934.226391728,5,5,5,64192.2783649,43575028.3143,North Brooklyn,"Evergreen, WXY, HR&A, Pratt Community Center, Langan, and St. Nicks Alliance",https://a002-epic.nyc.gov/community/areas/3,2019,http://docs.dos.ny.gov/opd/boa/NorthBrooklynBOA.pdf,,958,0,0,958,53527.56418501969893,308.65664320944092,1000918.059,203934.226
1000889.93514756,203931.541634575,5,5,5,64192.2783649,43575028.3143,North Brooklyn,"Evergreen, WXY, HR&A, Pratt Community Center, Langan, and St. Nicks Alliance",https://a002-epic.nyc.gov/community/areas/3,2019,http://docs.dos.ny.gov/opd/boa/NorthBrooklynBOA.pdf,,959,0,0,959,53555.81605273467721,263.61216613189572,1000889.935,203931.542
1000688.50440285,203905.656794134,5,5,5,64192.2783649,43575028.3143,North Brooklyn,"Evergreen, WXY, HR&A, Pratt Community Center, Langan, and St. Nicks Alliance",https://a002-epic.nyc.gov/community/areas/3,2019,http://docs.dos.ny.gov/opd/boa/NorthBrooklynBOA.pdf,,960,0,0,960,53758.90315198470489,263.32818315651610,1000688.504,203905.657
1000630.91779516,203899.582881468,5,5,5,64192.2783649,43575028.3143,North Brooklyn,"Evergreen, WXY, HR&A, Pratt Community Center, Langan, and St. Nicks Alliance",https://a002-epic.nyc.gov/community/areas/3,2019,http://docs.dos.ny.gov/opd/boa/NorthBrooklynBOA.pdf,,961,0,0,961,53816.80919484183687,263.32784378002128,1000630.918,203899.583
1000428.11205091,203873.518904618,5,5,5,64192.2783649,43575028.3143,North Brooklyn,"Evergreen, WXY, HR&A, Pratt Community Center, Langan, and St. Nicks Alliance",https://a002-epic.nyc.gov/community/areas/3,2019,http://docs.dos.ny.gov/opd/boa/NorthBrooklynBOA.pdf,,962,0,0,962,54021.28291147290292,262.53760517206922,1000428.112,203873.519
1000396.76953612,203869.336111107,5,5,5,64192.2783649,43575028.3143,North Brooklyn,"Evergreen, WXY, HR&A, Pratt Community Center, Langan, and St. Nicks Alliance",https://a002-epic.nyc.gov/community/areas/3,2019,http://docs.dos.ny.gov/opd/boa/NorthBrooklynBOA.pdf,,963,0,0,963,54052.90330038138927,307.43949215681408,1000396.770,203869.336
1000323.90059117,204421.374164527,5,5,5,64192.2783649,43575028.3143,North Brooklyn,"Evergreen, WXY, HR&A, Pratt Community Center, Langan, and St. Nicks Alliance",https://a002-epic.nyc.gov/community/areas/3,2019,http://docs.dos.ny.gov/opd/boa/NorthBrooklynBOA.pdf,,964,0,0,964,54609.72993009816855,307.65414392644891,1000323.901,204421.374
1000064.20016684,204388.694612698,5,5,5,64192.2783649,43575028.3143,North Brooklyn,"Evergreen, WXY, HR&A, Pratt Community Center, Langan, and St. Nicks Alliance",https://a002-epic.nyc.gov/community/areas/3,2019,http://docs.dos.ny.gov/opd/boa/NorthBrooklynBOA.pdf,,965,0,0,965,54871.47840383319271,262.74854234487600,1000064.200,204388.695
999806.598168828,204355.554434206,5,5,5,64192.2783649,43575028.3143,North Brooklyn,"Evergreen, WXY, HR&A, Pratt Community Center, Langan, and St. Nicks Alliance",https://a002-epic.nyc.gov/community/areas/3,2019,http://docs.dos.ny.gov/opd/boa/NorthBrooklynBOA.pdf,,966,0,0,966,55131.20337531814585,262.85540010870795,999806.598,204355.554
999547.779633304,204323.966089972,5,5,5,64192.2783649,43575028.3143,North Brooklyn,"Evergreen, WXY, HR&A, Pratt Community Center, Langan, and St. Nicks Alliance",https://a002-epic.nyc.gov/community/areas/3,2019,http://docs.dos.ny.gov/opd/boa/NorthBrooklynBOA.pdf,,967,0,0,967,55391.94243610944250,262.36571939998618,999547.780,204323.966
999288.592997376,204286.108061955,5,5,5,64192.2783649,43575028.3143,North Brooklyn,"Evergreen, WXY, HR&A, Pratt Community Center, Langan, and St. Nicks Alliance",https://a002-epic.nyc.gov/community/areas/3,2019,http://docs.dos.ny.gov/opd/boa/NorthBrooklynBOA.pdf,,968,0,0,968,55653.87934173539543,307.30087536356046,999288.593,204286.108
999271.097702938,204426.806473615,5,5,5,64192.2783649,43575028.3143,North Brooklyn,"Evergreen, WXY, HR&A, Pratt Community Center, Langan, and St. Nicks Alliance",https://a002-epic.nyc.gov/community/areas/3,2019,http://docs.dos.ny.gov/opd/boa/NorthBrooklynBOA.pdf,,969,0,0,969,55795.66131651097385,302.08424906290611,999271.098,204426.806
999246.57966966,204418.486882154,5,5,5,64192.2783649,43575028.3143,North Brooklyn,"Evergreen, WXY, HR&A, Pratt Community Center, Langan, and St. Nicks Alliance",https://a002-epic.nyc.gov/community/areas/3,2019,http://docs.dos.ny.gov/opd/boa/NorthBrooklynBOA.pdf,,970,0,0,970,55821.55242614199233,248.86204280898687,999246.580,204418.487
999221.391364801,204407.517684227,5,5,5,64192.2783649,43575028.3143,North Brooklyn,"Evergreen, WXY, HR&A, Pratt Community Center, Langan, and St. Nicks Alliance",https://a002-epic.nyc.gov/community/areas/3,2019,http://docs.dos.ny.gov/opd/boa/NorthBrooklynBOA.pdf,,971,0,0,971,55849.02557675899880,248.86520755994985,999221.391,204407.518
999174.009825056,204391.445761011,5,5,5,64192.2783649,43575028.3143,North Brooklyn,"Evergreen, WXY, HR&A, Pratt Community Center, Langan, and St. Nicks Alliance",https://a002-epic.nyc.gov/community/areas/3,2019,http://docs.dos.ny.gov/opd/boa/NorthBrooklynBOA.pdf,,972,0,0,972,55899.05873600756604,248.91542332400795,999174.010,204391.446
999081.04465851,204351.154282521,5,5,5,64192.2783649,43575028.3143,North Brooklyn,"Evergreen, WXY, HR&A, Pratt Community Center, Langan, and St. Nicks Alliance",https://a002-epic.nyc.gov/community/areas/3,2019,http://docs.dos.ny.gov/opd/boa/NorthBrooklynBOA.pdf,,973,0,0,973,56000.37963923076313,291.40955207937242,999081.045,204351.154
998879.96520633,204808.168226383,5,5,5,64192.2783649,43575028.3143,North Brooklyn,"Evergreen, WXY, HR&A, Pratt Community Center, Langan, and St. Nicks Alliance",https://a002-epic.nyc.gov/community/areas/3,2019,http://docs.dos.ny.gov/opd/boa/NorthBrooklynBOA.pdf,,974,0,0,974,56499.67383203997451,336.26315221849057,998879.965,204808.168
998867.594099371,204836.317146381,5,5,5,64192.2783649,43575028.3143,North Brooklyn,"Evergreen, WXY, HR&A, Pratt Community Center, Langan, and St. Nicks Alliance",https://a002-epic.nyc.gov/community/areas/3,2019,http://docs.dos.ny.gov/opd/boa/NorthBrooklynBOA.pdf,,975,0,0,975,56530.42128696697182,291.39537138339995,998867.594,204836.317
998755.075466537,204787.429182652,5,5,5,64192.2783649,43575028.3143,North Brooklyn,"Evergreen, WXY, HR&A, Pratt Community Center, Langan, and St. Nicks Alliance",https://a002-epic.nyc.gov/community/areas/3,2019,http://docs.dos.ny.gov/opd/boa/NorthBrooklynBOA.pdf,,976,0,0,976,56653.10166735594248,246.51630987694807,998755.075,204787.429
998525.409923485,204687.648654261,5,5,5,64192.2783649,43575028.3143,North Brooklyn,"Evergreen, WXY, HR&A, Pratt Community Center, Langan, and St. Nicks Alliance",https://a002-epic.nyc.gov/community/areas/3,2019,http://docs.dos.ny.gov/opd/boa/NorthBrooklynBOA.pdf,,977,0,0,977,56903.50617113238695,291.51438212533009,998525.410,204687.649
998474.400881119,204805.027467569,5,5,5,64192.2783649,43575028.3143,North Brooklyn,"Evergreen, WXY, HR&A, Pratt Community Center, Langan, and St. Nicks Alliance",https://a002-epic.nyc.gov/community/areas/3,2019,http://docs.dos.ny.gov/opd/boa/NorthBrooklynBOA.pdf,,978,0,0,978,57031.48940525546641,291.23819187606455,998474.401,204805.027
998454.105290118,204795.976256093,5,5,5,64192.2783649,43575028.3143,North Brooklyn,"Evergreen, WXY, HR&A, Pratt Community Center, Langan, and St. Nicks Alliance",https://a002-epic.nyc.gov/community/areas/3,2019,http://docs.dos.ny.gov/opd/boa/NorthBrooklynBOA.pdf,,979,0,0,979,57053.71181383891962,246.18743984205261,998454.105,204795.976
998267.4393939,204714.463836509,5,5,5,64192.2783649,43575028.3143,North Brooklyn,"Evergreen, WXY, HR&A, Pratt Community Center, Langan, and St. Nicks Alliance",https://a002-epic.nyc.gov/community/areas/3,2019,http://docs.dos.ny.gov/opd/boa/NorthBrooklynBOA.pdf,,980,0,0,980,57257.39890561759967,259.49173352499037,998267.439,204714.464
998214.214321318,204716.855808315,5,5,5,64192.2783649,43575028.3143,North Brooklyn,"Evergreen, WXY, HR&A, Pratt Community Center, Langan, and St. Nicks Alliance",https://a002-epic.nyc.gov/community/areas/3,2019,http://docs.dos.ny.gov/opd/boa/NorthBrooklynBOA.pdf,,981,0,0,981,57310.67769952773233,259.40730938757264,998214.214,204716.856
998167.719271395,204696.38920294,5,5,5,64192.2783649,43575028.3143,North Brooklyn,"Evergreen, WXY, HR&A, Pratt Community Center, Langan, and St. Nicks Alliance",https://a002-epic.nyc.gov/community/areas/3,2019,http://docs.dos.ny.gov/opd/boa/NorthBrooklynBOA.pdf,,982,0,0,982,57361.47801057877223,291.33672798089560,998167.719,204696.389
998164.891833378,204702.870823448,5,5,5,64192.2783649,43575028.3143,North Brooklyn,"Evergreen, WXY, HR&A, Pratt Community Center, Langan, and St. Nicks Alliance",https://a002-epic.nyc.gov/community/areas/3,2019,http://docs.dos.ny.gov/opd/boa/NorthBrooklynBOA.pdf,,983,0,0,983,57368.54948921805044,291.33649921403639,998164.892,204702.871
998140.201888071,204692.002347954,5,5,5,64192.2783649,43575028.3143,North Brooklyn,"Evergreen, WXY, HR&A, Pratt Community Center, Langan, and St. Nicks Alliance",https://a002-epic.nyc.gov/community/areas/3,2019,http://docs.dos.ny.gov/opd/boa/NorthBrooklynBOA.pdf,,984,0,0,984,57395.52572243937175,201.33602499266104,998140.202,204692.002
998141.801303283,204688.336013222,5,5,5,64192.2783649,43575028.3143,North Brooklyn,"Evergreen, WXY, HR&A, Pratt Community Center, Langan, and St. Nicks Alliance",https://a002-epic.nyc.gov/community/areas/3,2019,http://docs.dos.ny.gov/opd/boa/NorthBrooklynBOA.pdf,,985,0,0,985,57399.52573986345669,201.33650277454507,998141.801,204688.336
998120.344295612,204678.891099038,5,5,5,64192.2783649,43575028.3143,North Brooklyn,"Evergreen, WXY, HR&A, Pratt Community Center, Langan, and St. Nicks Alliance",https://a002-epic.nyc.gov/community/areas/3,2019,http://docs.dos.ny.gov/opd/boa/NorthBrooklynBOA.pdf,,986,0,0,986,57422.96949344745371,201.33613825386101,998120.344,204678.891
998129.986062707,204656.790072325,5,5,5,64192.2783649,43575028.3143,North Brooklyn,"Evergreen, WXY, HR&A, Pratt Community Center, Langan, and St. Nicks Alliance",https://a002-epic.nyc.gov/community/areas/3,2019,http://docs.dos.ny.gov/opd/boa/NorthBrooklynBOA.pdf,,987,0,0,987,57447.08212612190255,201.33563218857384,998129.986,204656.790
998082.558270689,204635.912376204,5,5,5,64192.2783649,43575028.3143,North Brooklyn,"Evergreen, WXY, HR&A, Pratt Community Center, Langan, and St. Nicks Alliance",https://a002-epic.nyc.gov/community/areas/3,2019,http://docs.dos.ny.gov/opd/boa/NorthBrooklynBOA.pdf,,988,0,0,988,57498.90175223961705,247.44832433357973,998082.558,204635.912
998059.682298921,204626.973036887,5,5,5,64192.2783649,43575028.3143,North Brooklyn,"Evergreen, WXY, HR&A, Pratt Community Center, Langan, and St. Nicks Alliance",https://a002-epic.nyc.gov/community/areas/3,2019,http://docs.dos.ny.gov/opd/boa/NorthBrooklynBOA.pdf,,989,0,0,989,57523.46232779823913,292.66930611214957,998059.682,204626.973
997948.093635817,204885.866141437,5,5,5,64192.2783649,43575028.3143,North Brooklyn,"Evergreen, WXY, HR&A, Pratt Community Center, Langan, and St. Nicks Alliance",https://a002-epic.nyc.gov/community/areas/3,2019,http://docs.dos.ny.gov/opd/boa/NorthBrooklynBOA.pdf,,990,0,0,990,57805.38016922897077,336.57171460243910,997948.094,204885.866
997719.300152567,205411.065729048,5,5,5,64192.2783649,43575028.3143,North Brooklyn,"Evergreen, WXY, HR&A, Pratt Community Center, Langan, and St. Nicks Alliance",https://a002-epic.nyc.gov/community/areas/3,2019,http://docs.dos.ny.gov/opd/boa/NorthBrooklynBOA.pdf,,991,0,0,991,58378.25106638120633,335.88332474919952,997719.300,205411.066
997675.021455965,205507.361557963,5,5,5,64192.2783649,43575028.3143,North Brooklyn,"Evergreen, WXY, HR&A, Pratt Community Center, Langan, and St. Nicks Alliance",https://a002-epic.nyc.gov/community/areas/3,2019,http://docs.dos.ny.gov/opd/boa/NorthBrooklynBOA.pdf,,992,0,0,992,58484.23922439532907,339.27855886262154,997675.021,205507.362
997653.043978321,205580.389386146,5,5,5,64192.2783649,43575028.3143,North Brooklyn,"Evergreen, WXY, HR&A, Pratt Community Center, Langan, and St. Nicks Alliance",https://a002-epic.nyc.gov/community/areas/3,2019,http://docs.dos.ny.gov/opd/boa/NorthBrooklynBOA.pdf,,993,0,0,993,58560.50240825742367,346.19456490543371,997653.044,205580.389
997637.416553612,205661.833232575,5,5,5,64192.2783649,43575028.3143,North Brooklyn,"Evergreen, WXY, HR&A, Pratt Community Center, Langan, and St. Nicks Alliance",https://a002-epic.nyc.gov/community/areas/3,2019,http://docs.dos.ny.gov/opd/boa/NorthBrooklynBOA.pdf,,994,0,0,994,58643.43199600588559,350.95240891117180,997637.417,205661.833
997604.617263668,205920.258294506,5,5,5,64192.2783649,43575028.3143,North Brooklyn,"Evergreen, WXY, HR&A, Pratt Community Center, Langan, and St. Nicks Alliance",https://a002-epic.nyc.gov/community/areas/3,2019,http://docs.dos.ny.gov/opd/boa/NorthBrooklynBOA.pdf,,995,0,0,995,58903.93018420434964,37.81637356318695,997604.617,205920.258
997722.587395048,205935.023244684,5,5,5,64192.2783649,43575028.3143,North Brooklyn,"Evergreen, WXY, HR&A, Pratt Community Center, Langan, and St. Nicks Alliance",https://a002-epic.nyc.gov/community/areas/3,2019,http://docs.dos.ny.gov/opd/boa/NorthBrooklynBOA.pdf,,996,0,0,996,59022.82070380717778,39.47499780631498,997722.587,205935.023
997720.822262896,205960.808666686,5,5,5,64192.2783649,43575028.3143,North Brooklyn,"Evergreen, WXY, HR&A, Pratt Community Center, Langan, and St. Nicks Alliance",https://a002-epic.nyc.gov/community/areas/3,2019,http://docs.dos.ny.gov/opd/boa/NorthBrooklynBOA.pdf,,997,0,0,997,59048.66647095231747,354.54269328296255,997720.822,205960.809
997718.144079094,205982.625256461,5,5,5,64192.2783649,43575028.3143,North Brooklyn,"Evergreen, WXY, HR&A, Pratt Community Center, Langan, and St. Nicks Alliance",https://a002-epic.nyc.gov/community/areas/3,2019,http://docs.dos.ny.gov/opd/boa/NorthBrooklynBOA.pdf,,998,0,0,998,59070.64683168382180,37.90231631295450,997718.144,205982.625
997718.91835723,205982.723026705,5,5,5,64192.2783649,43575028.3143,North Brooklyn,"Evergreen, WXY, HR&A, Pratt Community Center, Langan, and St. Nicks Alliance",https://a002-epic.nyc.gov/community/areas/3,2019,http://docs.dos.ny.gov/opd/boa/NorthBrooklynBOA.pdf,,999,0,0,999,59071.42725826744572,37.90292802418784,997718.918,205982.723
997708.956943953,206063.883417825,5,5,5,64192.2783649,43575028.3143,North Brooklyn,"Evergreen, WXY, HR&A, Pratt Community Center, Langan, and St. Nicks Alliance",https://a002-epic.nyc.gov/community/areas/3,2019,http://docs.dos.ny.gov/opd/boa/NorthBrooklynBOA.pdf,,1000,0,0,1000,59153.19668312326394,37.90097321503042,997708.957,206063.883
997714.127218968,206064.536641192,5,5,5,64192.2783649,43575028.3143,North Brooklyn,"Evergreen, WXY, HR&A, Pratt Community Center, Langan, and St. Nicks Alliance",https://a002-epic.nyc.gov/community/areas/3,2019,http://docs.dos.ny.gov/opd/boa/NorthBrooklynBOA.pdf,,1001,0,0,1001,59158.40805957305565,37.90100543374358,997714.127,206064.537
997701.864595169,206164.447022662,5,5,5,64192.2783649,43575028.3143,North Brooklyn,"Evergreen, WXY, HR&A, Pratt Community Center, Langan, and St. Nicks Alliance",https://a002-epic.nyc.gov/community/areas/3,2019,http://docs.dos.ny.gov/opd/boa/NorthBrooklynBOA.pdf,,1002,0,0,1002,59259.06816223544593,354.02831122070563,997701.865,206164.447
997699.260873561,206194.533623082,5,5,5,64192.2783649,43575028.3143,North Brooklyn,"Evergreen, WXY, HR&A, Pratt Community Center, Langan, and St. Nicks Alliance",https://a002-epic.nyc.gov/community/areas/3,2019,http://docs.dos.ny.gov/opd/boa/NorthBrooklynBOA.pdf,,1003,0,0,1003,59289.26721670851839,308.97582792459025,997699.261,206194.534
997574.101765841,206178.939265965,5,5,5,64192.2783649,43575028.3143,North Brooklyn,"Evergreen, WXY, HR&A, Pratt Community Center, Langan, and St. Nicks Alliance",https://a002-epic.nyc.gov/community/areas/3,2019,http://docs.dos.ny.gov/opd/boa/NorthBrooklynBOA.pdf,,1004,0,0,1004,59415.39408228060347,307.62060088716152,997574.102,206178.939
997539.455691429,206436.658617323,5,5,5,64192.2783649,43575028.3143,North Brooklyn,"Evergreen, WXY, HR&A, Pratt Community Center, Langan, and St. Nicks Alliance",https://a002-epic.nyc.gov/community/areas/3,2019,http://docs.dos.ny.gov/opd/boa/NorthBrooklynBOA.pdf,,1005,0,0,1005,59675.43179980759305,352.78715177623633,997539.456,206436.659
997508.73710881,206695.458027508,5,5,5,64192.2783649,43575028.3143,North Brooklyn,"Evergreen, WXY, HR&A, Pratt Community Center, Langan, and St. Nicks Alliance",https://a002-epic.nyc.gov/community/areas/3,2019,http://docs.dos.ny.gov/opd/boa/NorthBrooklynBOA.pdf,,1006,0,0,1006,59936.04792753283982,37.99261092397578,997508.737,206695.458
997610.534670985,206708.400443638,5,5,5,64192.2783649,43575028.3143,North Brooklyn,"Evergreen, WXY, HR&A, Pratt Community Center, Langan, and St. Nicks Alliance",https://a002-epic.nyc.gov/community/areas/3,2019,http://docs.dos.ny.gov/opd/boa/NorthBrooklynBOA.pdf,,1007,0,0,1007,60038.66493294612155,37.60759780376970,997610.535,206708.400
997606.789547768,206736.698000885,5,5,5,64192.2783649,43575028.3143,North Brooklyn,"Evergreen, WXY, HR&A, Pratt Community Center, Langan, and St. Nicks Alliance",https://a002-epic.nyc.gov/community/areas/3,2019,http://docs.dos.ny.gov/opd/boa/NorthBrooklynBOA.pdf,,1008,0,0,1008,60067.20924400941294,352.56697077353050,997606.790,206736.698
997594.018066198,206836.02504886,5,5,5,64192.2783649,43575028.3143,North Brooklyn,"Evergreen, WXY, HR&A, Pratt Community Center, Langan, and St. Nicks Alliance",https://a002-epic.nyc.gov/community/areas/3,2019,http://docs.dos.ny.gov/opd/boa/NorthBrooklynBOA.pdf,,1009,0,0,1009,60167.35400523459248,37.71819000005192,997594.018,206836.025
997608.399298423,206837.851186749,5,5,5,64192.2783649,43575028.3143,North Brooklyn,"Evergreen, WXY, HR&A, Pratt Community Center, Langan, and St. Nicks Alliance",https://a002-epic.nyc.gov/community/areas/3,2019,http://docs.dos.ny.gov/opd/boa/NorthBrooklynBOA.pdf,,1010,0,0,1010,60181.85071589242580,37.71823664108560,997608.399,206837.851
997595.28299634,206939.861304219,5,5,5,64192.2783649,43575028.3143,North Brooklyn,"Evergreen, WXY, HR&A, Pratt Community Center, Langan, and St. Nicks Alliance",https://a002-epic.nyc.gov/community/areas/3,2019,http://docs.dos.ny.gov/opd/boa/NorthBrooklynBOA.pdf,,1011,0,0,1011,60284.70061354227801,352.44696980805031,997595.283,206939.861
997591.427636984,206968.08208969,5,5,5,64192.2783649,43575028.3143,North Brooklyn,"Evergreen, WXY, HR&A, Pratt Community Center, Langan, and St. Nicks Alliance",https://a002-epic.nyc.gov/community/areas/3,2019,http://docs.dos.ny.gov/opd/boa/NorthBrooklynBOA.pdf,,1012,0,0,1012,60313.18352997142210,307.46319981416877,997591.428,206968.082
997457.355143114,206950.920463937,5,5,5,64192.2783649,43575028.3143,North Brooklyn,"Evergreen, WXY, HR&A, Pratt Community Center, Langan, and St. Nicks Alliance",https://a002-epic.nyc.gov/community/areas/3,2019,http://docs.dos.ny.gov/opd/boa/NorthBrooklynBOA.pdf,,1013,0,0,1013,60448.34992746372154,309.05363095891897,997457.355,206950.920
997436.531245749,207209.827830382,5,5,5,64192.2783649,43575028.3143,North Brooklyn,"Evergreen, WXY, HR&A, Pratt Community Center, Langan, and St. Nicks Alliance",https://a002-epic.nyc.gov/community/areas/3,2019,http://docs.dos.ny.gov/opd/boa/NorthBrooklynBOA.pdf,,1014,0,0,1014,60708.09337608417991,354.28409332818433,997436.531,207209.828
997405.507215818,207468.718776737,5,5,5,64192.2783649,43575028.3143,North Brooklyn,"Evergreen, WXY, HR&A, Pratt Community Center, Langan, and St. Nicks Alliance",https://a002-epic.nyc.gov/community/areas/3,2019,http://docs.dos.ny.gov/opd/boa/NorthBrooklynBOA.pdf,,1015,0,0,1015,60968.83656878038164,353.11340607557446,997405.507,207468.719
997374.942843466,207719.827574359,5,5,5,64192.2783649,43575028.3143,North Brooklyn,"Evergreen, WXY, HR&A, Pratt Community Center, Langan, and St. Nicks Alliance",https://a002-epic.nyc.gov/community/areas/3,2019,http://docs.dos.ny.gov/opd/boa/NorthBrooklynBOA.pdf,,1016,0,0,1016,61221.79863925901009,353.17433151737356,997374.943,207719.828
997344.368286606,207979.643718764,5,5,5,64192.2783649,43575028.3143,North Brooklyn,"Evergreen, WXY, HR&A, Pratt Community Center, Langan, and St. Nicks Alliance",https://a002-epic.nyc.gov/community/areas/3,2019,http://docs.dos.ny.gov/opd/boa/NorthBrooklynBOA.pdf,,1017,0,0,1017,61483.40756957426493,308.94592129507743,997344.368,207979.644
996982.735749161,207945.481087851,5,5,5,64192.2783649,43575028.3143,North Brooklyn,"Evergreen, WXY, HR&A, Pratt Community Center, Langan, and St. Nicks Alliance",https://a002-epic.nyc.gov/community/areas/3,2019,http://docs.dos.ny.gov/opd/boa/NorthBrooklynBOA.pdf,,1018,0,0,1018,61846.65015723420947,263.34819182992766,996982.736,207945.481
996603.321743178,207892.78562542,5,5,5,64192.2783649,43575028.3143,North Brooklyn,"Evergreen, WXY, HR&A, Pratt Community Center, Langan, and St. Nicks Alliance",https://a002-epic.nyc.gov/community/areas/3,2019,http://docs.dos.ny.gov/opd/boa/NorthBrooklynBOA.pdf,,1019,0,0,1019,62229.70602743687050,262.66153868218998,996603.322,207892.786
996193.646572955,207844.153105393,5,5,5,64192.2783649,43575028.3143,North Brooklyn,"Evergreen, WXY, HR&A, Pratt Community Center, Langan, and St. Nicks Alliance",https://a002-epic.nyc.gov/community/areas/3,2019,http://docs.dos.ny.gov/opd/boa/NorthBrooklynBOA.pdf,,1020,0,0,1020,62642.25768129564676,337.68092182994820,996193.647,207844.153
996465.86510372,208055.82735714,5,5,5,64192.2783649,43575028.3143,North Brooklyn,"Evergreen, WXY, HR&A, Pratt Community Center, Langan, and St. Nicks Alliance",https://a002-epic.nyc.gov/community/areas/3,2019,http://docs.dos.ny.gov/opd/boa/NorthBrooklynBOA.pdf,,1021,0,0,1021,62987.08940452324168,9.54890625634002,996465.865,208055.827
996196.369333705,208470.276949177,5,5,5,64192.2783649,43575028.3143,North Brooklyn,"Evergreen, WXY, HR&A, Pratt Community Center, Langan, and St. Nicks Alliance",https://a002-epic.nyc.gov/community/areas/3,2019,http://docs.dos.ny.gov/opd/boa/NorthBrooklynBOA.pdf,,1022,0,0,1022,63481.45408205959393,330.11116300213843,996196.369,208470.277
996192.83192053,208477.296954791,5,5,5,64192.2783649,43575028.3143,North Brooklyn,"Evergreen, WXY, HR&A, Pratt Community Center, Langan, and St. Nicks Alliance",https://a002-epic.nyc.gov/community/areas/3,2019,http://docs.dos.ny.gov/opd/boa/NorthBrooklynBOA.pdf,,1023,0,0,1023,63489.31498345827276,26.95727014785126,996192.832,208477.297
996227.54648309,208483.007637192,5,5,5,64192.2783649,43575028.3143,North Brooklyn,"Evergreen, WXY, HR&A, Pratt Community Center, Langan, and St. Nicks Alliance",https://a002-epic.nyc.gov/community/areas/3,2019,http://docs.dos.ny.gov/opd/boa/NorthBrooklynBOA.pdf,,1024,0,0,1024,63524.49612538430665,80.76272223909258,996227.546,208483.008
996542.917180429,208533.707260657,5,5,5,64192.2783649,43575028.3143,North Brooklyn,"Evergreen, WXY, HR&A, Pratt Community Center, Langan, and St. Nicks Alliance",https://a002-epic.nyc.gov/community/areas/3,2019,http://docs.dos.ny.gov/opd/boa/NorthBrooklynBOA.pdf,,1025,0,0,1025,63843.91611311083398,82.46153397597659,996542.917,208533.707
996544.272167261,208533.848338844,5,5,5,64192.2783649,43575028.3143,North Brooklyn,"Evergreen, WXY, HR&A, Pratt Community Center, Langan, and St. Nicks Alliance",https://a002-epic.nyc.gov/community/areas/3,2019,http://docs.dos.ny.gov/opd/boa/NorthBrooklynBOA.pdf,,1026,0,0,1026,63845.27842451883043,87.02791013628048,996544.272,208533.848
996545.689490289,208533.848341046,5,5,5,64192.2783649,43575028.3143,North Brooklyn,"Evergreen, WXY, HR&A, Pratt Community Center, Langan, and St. Nicks Alliance",https://a002-epic.nyc.gov/community/areas/3,2019,http://docs.dos.ny.gov/opd/boa/NorthBrooklynBOA.pdf,,1027,0,0,1027,63846.69574754621135,87.29420589134442,996545.689,208533.848
996549.984109643,208534.255171742,5,5,5,64192.2783649,43575028.3143,North Brooklyn,"Evergreen, WXY, HR&A, Pratt Community Center, Langan, and St. Nicks Alliance",https://a002-epic.nyc.gov/community/areas/3,2019,http://docs.dos.ny.gov/opd/boa/NorthBrooklynBOA.pdf,,1028,0,0,1028,63851.00959346481977,94.08179459532512,996549.984,208534.255
996558.625518323,208532.168571644,5,5,5,64192.2783649,43575028.3143,North Brooklyn,"Evergreen, WXY, HR&A, Pratt Community Center, Langan, and St. Nicks Alliance",https://a002-epic.nyc.gov/community/areas/3,2019,http://docs.dos.ny.gov/opd/boa/NorthBrooklynBOA.pdf,,1029,0,0,1029,63859.89935408849124,101.98793502432694,996558.626,208532.169
996573.228870983,208529.488148943,5,5,5,64192.2783649,43575028.3143,North Brooklyn,"Evergreen, WXY, HR&A, Pratt Community Center, Langan, and St. Nicks Alliance",https://a002-epic.nyc.gov/community/areas/3,2019,http://docs.dos.ny.gov/opd/boa/NorthBrooklynBOA.pdf,,1030,0,0,1030,63874.74666275987693,89.41933300237523,996573.229,208529.488
996665.794142404,208548.425295348,5,5,5,64192.2783649,43575028.3143,North Brooklyn,"Evergreen, WXY, HR&A, Pratt Community Center, Langan, and St. Nicks Alliance",https://a002-epic.nyc.gov/community/areas/3,2019,http://docs.dos.ny.gov/opd/boa/NorthBrooklynBOA.pdf,,1031,0,0,1031,63969.22917430090456,81.63074275109526,996665.794,208548.425
996741.667173383,208555.298770939,5,5,5,64192.2783649,43575028.3143,North Brooklyn,"Evergreen, WXY, HR&A, Pratt Community Center, Langan, and St. Nicks Alliance",https://a002-epic.nyc.gov/community/areas/3,2019,http://docs.dos.ny.gov/opd/boa/NorthBrooklynBOA.pdf,,1032,0,0,1032,64045.41290941990155,82.36870079290949,996741.667,208555.299
996773.596302639,208560.978280891,5,5,5,64192.2783649,43575028.3143,North Brooklyn,"Evergreen, WXY, HR&A, Pratt Community Center, Langan, and St. Nicks Alliance",https://a002-epic.nyc.gov/community/areas/3,2019,http://docs.dos.ny.gov/opd/boa/NorthBrooklynBOA.pdf,,1033,0,0,1033,64077.84323671349557,80.99017131070438,996773.596,208560.978
996785.909293747,208562.694178793,5,5,5,64192.2783649,43575028.3143,North Brooklyn,"Evergreen, WXY, HR&A, Pratt Community Center, Langan, and St. Nicks Alliance",https://a002-epic.nyc.gov/community/areas/3,2019,http://docs.dos.ny.gov/opd/boa/NorthBrooklynBOA.pdf,,1034,0,0,1034,64090.27521385405271,83.65557552119486,996785.909,208562.694
996799.156997223,208563.796233203,5,5,5,64192.2783649,43575028.3143,North Brooklyn,"Evergreen, WXY, HR&A, Pratt Community Center, Langan, and St. Nicks Alliance",https://a002-epic.nyc.gov/community/areas/3,2019,http://docs.dos.ny.gov/opd/boa/NorthBrooklynBOA.pdf,,1035,0,0,1035,64103.56867733460967,86.58797319074746,996799.157,208563.796
996813.599583681,208564.317909068,5,5,5,64192.2783649,43575028.3143,North Brooklyn,"Evergreen, WXY, HR&A, Pratt Community Center, Langan, and St. Nicks Alliance",https://a002-epic.nyc.gov/community/areas/3,2019,http://docs.dos.ny.gov/opd/boa/NorthBrooklynBOA.pdf,,1036,0,0,1036,64118.02068236249761,89.01677094810383,996813.600,208564.318
996830.138299876,208564.288407234,5,5,5,64192.2783649,43575028.3143,North Brooklyn,"Evergreen, WXY, HR&A, Pratt Community Center, Langan, and St. Nicks Alliance",https://a002-epic.nyc.gov/community/areas/3,2019,http://docs.dos.ny.gov/opd/boa/NorthBrooklynBOA.pdf,,1037,0,0,1037,64134.55942487002903,91.96775480919725,996830.138,208564.288
996845.958513688,208563.228392787,5,5,5,64192.2783649,43575028.3143,North Brooklyn,"Evergreen, WXY, HR&A, Pratt Community Center, Langan, and St. Nicks Alliance",https://a002-epic.nyc.gov/community/areas/3,2019,http://docs.dos.ny.gov/opd/boa/NorthBrooklynBOA.pdf,,1038,0,0,1038,64150.41511141105002,94.49492568934421,996845.959,208563.228
996875.111737009,208560.597533409,5,5,5,64192.2783649,43575028.3143,North Brooklyn,"Evergreen, WXY, HR&A, Pratt Community Center, Langan, and St. Nicks Alliance",https://a002-epic.nyc.gov/community/areas/3,2019,http://docs.dos.ny.gov/opd/boa/NorthBrooklynBOA.pdf,,1039,0,0,1039,64179.68680167719140,94.93302083120685,996875.112,208560.598
996887.77578236,208559.554246344,5,5,5,64192.2783649,43575028.3143,North Brooklyn,"Evergreen, WXY, HR&A, Pratt Community Center, Langan, and St. Nicks Alliance",https://a002-epic.nyc.gov/community/areas/3,2019,http://docs.dos.ny.gov/opd/boa/NorthBrooklynBOA.pdf,,1040,0,0,1040,64192.39374830311135,94.81415117395576,996887.776,208559.554
