X,Y,fid,ENUMBER,BOROCODE,TAXBLOCK,TAXLOT,CEQR_NUM,ULURP_NUM,ZONING_MAP,DESCRIPTIO,BBL,x,y
988639.53002987,202911.413052929,450,E-216,1,"399","11","07DCP078M","C080397AZMM; N080398AZRM",,"Air Quality - #2 Fuel Oil or Natural Gas Heat and Hot Water;Exhaust stack location limitations","1,003,990,011",988639.530,202911.413
988661.361600427,202858.842443739,461,E-216,1,"399","51","07DCP078M","C080397AZMM; N080398AZRM",,"Air Quality - #2 Fuel Oil or Natural Gas Heat and Hot Water;Exhaust stack location limitations","1,003,990,051",988661.362,202858.842
1009496.60581793,204464.976328529,8052,E-553,4,"2,657","50",19DCP219Q,C200031ZSQ,,Hazardous Materials* Phase I and Phase II Testing Protocol,"4,026,570,050",1009496.606,204464.976
1009602.09499785,204992.293356602,10090,E-755,4,"2,656","64",24DCP014Q,C230276ZMQ,,Hazardous Materials* Phase I and Phase II Testing Protocol,"4,026,560,064",1009602.095,204992.293
990624.128835347,210681.155641843,1075,E-62,1,"914","36",95DCP027M,C940304ZMM,,Window Wall Attenuation & Alternate Ventilation,"1,009,140,036",990624.129,210681.156
989422.748725016,210757.008792277,1054,R-105,1,"887","84","06DCP079M","060372ZMM",,,"1,008,870,084",989422.749,210757.009
989422.748725016,210757.008792277,1053,E-195,1,"887","84","06DCP079M",C060372ZMM,,Window Wall Attenuation & Alternate Ventilation,"1,008,870,084",989422.749,210757.009
990816.148195985,210798.768401198,1076,E-62,1,"915","23",95DCP027M,C940304ZMM,,Window Wall Attenuation & Alternate Ventilation,"1,009,150,023",990816.148,210798.768
990670.275533713,210879.763851556,1606,E-62,1,"915","7,501",95DCP027M,C940304ZMM,,Window Wall Attenuation & Alternate Ventilation,"1,009,157,501",990670.276,210879.764
988631.392627746,203985.291180789,409,E-216,1,"435","42","07DCP078M","C080397AZMM; N080398AZRM",,Air Quality - HVAC fuel limited to natural gas,"1,004,350,042",988631.393,203985.291
988660.775160231,203704.703233709,587,E-216,1,"434","34","07DCP078M","C080397AZMM; N080398AZRM",,"Air Quality - #2 Fuel Oil or Natural Gas Heat and Hot Water;Window Wall Attenuation & Alternate Ventilation","1,004,340,034",988660.775,203704.703
988783.288793508,204869.0023422,419,E-216,1,"438","10","07DCP078M","C080397AZMM; N080398AZRM",,Window Wall Attenuation & Alternate Ventilation,"1,004,380,010",988783.289,204869.002
988797.202810407,204573.755840534,255,E-216,1,"437","15","07DCP078M","C080397AZMM; N080398AZRM",,"Air Quality - #2 Fuel Oil or Natural Gas Heat and Hot Water;Exhaust stack location limitations","1,004,370,015",988797.203,204573.756
988800.228155956,205413.312247423,337,E-216,1,"454","40","07DCP078M","C080397AZMM; N080398AZRM",,Window Wall Attenuation & Alternate Ventilation,"1,004,540,040",988800.228,205413.312
988804.756148437,204857.052433218,420,E-216,1,"438","11","07DCP078M","C080397AZMM; N080398AZRM",,Window Wall Attenuation & Alternate Ventilation,"1,004,380,011",988804.756,204857.052
988810.01178851,205430.960861703,336,E-216,1,"454","39","07DCP078M","C080397AZMM; N080398AZRM",,Window Wall Attenuation & Alternate Ventilation,"1,004,540,039",988810.012,205430.961
988949.232878007,204381.935773796,256,E-216,1,"437","33","07DCP078M","C080397AZMM; N080398AZRM",,Air Quality - #2 Fuel Oil or Natural Gas Heat and Hot Water,"1,004,370,033",988949.233,204381.936
989065.428147052,204447.749430942,418,E-216,1,"437","25","07DCP078M","C080397AZMM; N080398AZRM",,Window Wall Attenuation & Alternate Ventilation,"1,004,370,025",989065.428,204447.749
989112.089605108,204685.973549898,421,E-216,1,"438","25","07DCP078M","C080397AZMM; N080398AZRM",,Air Quality - HVAC fuel limited to natural gas,"1,004,380,025",989112.090,204685.974
989216.907161035,205089.25275732,428,E-216,1,"440","44","07DCP078M","C080397AZMM; N080398AZRM",,Window Wall Attenuation & Alternate Ventilation,"1,004,400,044",989216.907,205089.253
989246.066615494,204839.16178694,260,E-216,1,"439","7,501","07DCP078M","C080397AZMM; N080398AZRM",,Window Wall Attenuation & Alternate Ventilation,"1,004,397,501",989246.067,204839.162
989282.23786093,204487.705597916,512,E-216,1,"404","58","07DCP078M","C080397AZMM; N080398AZRM",,Window Wall Attenuation & Alternate Ventilation,"1,004,040,058",989282.238,204487.706
989324.455158358,204464.539131584,507,E-216,1,"404","56","07DCP078M","C080397AZMM; N080398AZRM",,Window Wall Attenuation & Alternate Ventilation,"1,004,040,056",989324.455,204464.539
989390.736870012,204428.687154383,506,E-216,1,"404","53","07DCP078M","C080397AZMM; N080398AZRM",,Window Wall Attenuation & Alternate Ventilation,"1,004,040,053",989390.737,204428.687
989413.450340828,204418.20111686,505,E-216,1,"404","52","07DCP078M","C080397AZMM; N080398AZRM",,"Air Quality - #2 Fuel Oil or Natural Gas Heat and Hot Water;Exhaust stack location limitations;Window Wall Attenuation & Alternate Ventilation","1,004,040,052",989413.450,204418.201
989439.581853577,204513.837073302,176,E-216,1,"404","9","07DCP078M","C080397AZMM; N080398AZRM",,"Air Quality - #2 Fuel Oil or Natural Gas Heat and Hot Water;Exhaust stack location limitations","1,004,040,009",989439.582,204513.837
989444.839914955,205119.358709298,427,E-216,1,"440","32","07DCP078M","C080397AZMM; N080398AZRM",,Window Wall Attenuation & Alternate Ventilation,"1,004,400,032",989444.840,205119.359
989480.586746057,204488.759684626,177,E-216,1,"404","11","07DCP078M","C080397AZMM; N080398AZRM",,Air Quality - HVAC fuel limited to natural gas,"1,004,040,011",989480.587,204488.760
989496.055749724,204361.177463718,501,E-216,1,"404","48","07DCP078M","C080397AZMM; N080398AZRM",,Air Quality - HVAC fuel limited to natural gas,"1,004,040,048",989496.056,204361.177
989517.403865478,204349.330334111,500,E-216,1,"404","47","07DCP078M","C080397AZMM; N080398AZRM",,"Air Quality - #2 Fuel Oil or Natural Gas Heat and Hot Water;Window Wall Attenuation & Alternate Ventilation","1,004,040,047",989517.404,204349.330
989539.299070062,204337.178587449,499,E-216,1,"404","46","07DCP078M","C080397AZMM; N080398AZRM",,"Air Quality - #2 Fuel Oil or Natural Gas Heat and Hot Water;Window Wall Attenuation & Alternate Ventilation","1,004,040,046",989539.299,204337.179
988649.081893843,203683.487252871,588,E-216,1,"434","35","07DCP078M","C080397AZMM; N080398AZRM",,Window Wall Attenuation & Alternate Ventilation,"1,004,340,035",988649.082,203683.487
988792.689281478,203940.307335753,594,E-216,1,"435","34","07DCP078M","C080397AZMM; N080398AZRM",,Window Wall Attenuation & Alternate Ventilation,"1,004,350,034",988792.689,203940.307
988780.720658576,203918.55789153,595,E-216,1,"435","35","07DCP078M","C080397AZMM; N080398AZRM",,Window Wall Attenuation & Alternate Ventilation,"1,004,350,035",988780.721,203918.558
988830.814403174,204272.693917662,597,E-216,1,"436","25","07DCP078M","C080397AZMM; N080398AZRM",,"Air Quality - #2 Fuel Oil or Natural Gas Heat and Hot Water;Exhaust stack location limitations","1,004,360,025",988830.814,204272.694
988751.368681102,204490.829907603,602,E-216,1,"437","43","07DCP078M","C080397AZMM; N080398AZRM",,Air Quality - HVAC fuel limited to natural gas,"1,004,370,043",988751.369,204490.830
988736.429523392,204910.904046204,621,E-216,1,"438","8","07DCP078M","C080397AZMM; N080398AZRM",,Window Wall Attenuation & Alternate Ventilation,"1,004,380,008",988736.430,204910.904
988826.231519493,204845.097312884,622,E-216,1,"438","12","07DCP078M","C080397AZMM; N080398AZRM",,Window Wall Attenuation & Alternate Ventilation,"1,004,380,012",988826.232,204845.097
988961.766195205,205327.999999992,636,E-216,1,"440","6","07DCP078M","C080397AZMM; N080398AZRM",,Window Wall Attenuation & Alternate Ventilation,"1,004,400,006",988961.766,205328.000
989298.45973578,205186.191829366,637,E-216,1,"440","26","07DCP078M","C080397AZMM; N080398AZRM",,Window Wall Attenuation & Alternate Ventilation,"1,004,400,026",989298.460,205186.192
989361.961355297,205151.086944369,638,E-216,1,"440","29","07DCP078M","C080397AZMM; N080398AZRM",,Air Quality - HVAC fuel limited to natural gas,"1,004,400,029",989361.961,205151.087
989397.447738229,208031.090111345,1056,E-8,1,"903","31",85-243M,C870362ZMM,,"Air Quality - Natural Gas Heat & Hot Water;Double Glazed Windows & Alternate Ventilation","1,009,030,031",989397.448,208031.090
989406.918890877,208047.614678669,1057,E-8,1,"903","32",85-243M,C870362ZMM,,"Air Quality - Natural Gas Heat & Hot Water;Double Glazed Windows & Alternate Ventilation","1,009,030,032",989406.919,208047.615
989431.380242824,208092.307623139,1058,E-8,1,"903","35",85-243M,C870362ZMM,,"Air Quality - Natural Gas Heat & Hot Water;Double Glazed Windows & Alternate Ventilation","1,009,030,035",989431.380,208092.308
989371.978015255,208091.282361665,1059,E-8,1,"903","36",85-243M,C870362ZMM,,"Air Quality - Natural Gas Heat & Hot Water;Double Glazed Windows & Alternate Ventilation","1,009,030,036",989371.978,208091.282
989415.995325109,208064.628725348,1088,E-8,1,"903","33",85-243M,C870362ZMM,,"Air Quality - Natural Gas Heat & Hot Water;Double Glazed Windows & Alternate Ventilation","1,009,030,033",989415.995,208064.629
989091.680239711,205956.891043334,1626,E-68,1,"921","36",95DCP053M,C950443ZMM,,Window Wall Attenuation & Alternate Ventilation,"1,009,210,036",989091.680,205956.891
989112.891527504,201314.78209235,158,E-216,1,"344","60","07DCP078M","C080397AZMM; N080398AZRM",,Window Wall Attenuation & Alternate Ventilation,"1,003,440,060",989112.892,201314.782
989123.408114282,201367.894631519,153,E-216,1,"344","56","07DCP078M","C080397AZMM; N080398AZRM",,Window Wall Attenuation & Alternate Ventilation,"1,003,440,056",989123.408,201367.895
989046.142385916,201398.056434496,151,E-216,1,"344","53","07DCP078M","C080397AZMM; N080398AZRM",,Window Wall Attenuation & Alternate Ventilation,"1,003,440,053",989046.142,201398.056
989093.872060091,201399.248502974,152,E-216,1,"344","54","07DCP078M","C080397AZMM; N080398AZRM",,Window Wall Attenuation & Alternate Ventilation,"1,003,440,054",989093.872,201399.249
989007.399333759,201670.410340141,168,E-216,1,"345","26","07DCP078M","C080397AZMM; N080398AZRM",,Window Wall Attenuation & Alternate Ventilation,"1,003,450,026",989007.399,201670.410
988903.488031077,201684.963411917,161,E-216,1,"345","2","07DCP078M","C080397AZMM; N080398AZRM",,Window Wall Attenuation & Alternate Ventilation,"1,003,450,002",988903.488,201684.963
990111.104917133,201721.487256537,201,E-216,1,"372","41","07DCP078M","C080397AZMM; N080398AZRM",,Window Wall Attenuation & Alternate Ventilation,"1,003,720,041",990111.105,201721.487
988939.823712635,201777.540922323,162,E-216,1,"345","6","07DCP078M","C080397AZMM; N080398AZRM",,Window Wall Attenuation & Alternate Ventilation,"1,003,450,006",988939.824,201777.541
988953.45719771,201812.279075868,163,E-216,1,"345","7","07DCP078M","C080397AZMM; N080398AZRM",,Window Wall Attenuation & Alternate Ventilation,"1,003,450,007",988953.457,201812.279
989075.168153823,201872.24708944,167,E-216,1,"345","17","07DCP078M","C080397AZMM; N080398AZRM",,Window Wall Attenuation & Alternate Ventilation,"1,003,450,017",989075.168,201872.247
988897.586069901,201969.372444995,181,E-216,1,"350","62","07DCP078M","C080397AZMM; N080398AZRM",,Window Wall Attenuation & Alternate Ventilation,"1,003,500,062",988897.586,201969.372
989129.043774621,202088.238354893,250,E-216,1,"384","21","07DCP078M","C080397AZMM; N080398AZRM",,Window Wall Attenuation & Alternate Ventilation,"1,003,840,021",989129.044,202088.238
990251.563280476,202230.430392026,203,E-216,1,"374","47","07DCP078M","C080397AZMM; N080398AZRM",,"Air Quality - #2 Fuel Oil or Natural Gas Heat and Hot Water;Exhaust stack location limitations","1,003,740,047",990251.563,202230.430
990437.044597633,202273.131494332,154,E-216,1,"374","34","07DCP078M","C080397AZMM; N080398AZRM",,Window Wall Attenuation & Alternate Ventilation,"1,003,740,034",990437.045,202273.131
990358.409369838,202283.232836916,202,E-216,1,"374","31","07DCP078M","C080397AZMM; N080398AZRM",,Air Quality - HVAC fuel limited to natural gas,"1,003,740,031",990358.409,202283.233
988960.36723316,202407.085284501,251,E-216,1,"385","4","07DCP078M","C080397AZMM; N080398AZRM",,Window Wall Attenuation & Alternate Ventilation,"1,003,850,004",988960.367,202407.085
988892.459566775,202563.53352211,166,E-216,1,"398","29","07DCP078M","C080397AZMM; N080398AZRM",,Window Wall Attenuation & Alternate Ventilation,"1,003,980,029",988892.460,202563.534
989065.265810496,202574.189696079,156,E-216,1,"386","1","07DCP078M","C080397AZMM; N080398AZRM",,"Air Quality - #2 Fuel Oil or Natural Gas Heat and Hot Water;Exhaust stack location limitations","1,003,860,001",989065.266,202574.190
989579.646492944,202009.150016594,281,E-216,1,"372","3","07DCP078M","C080397AZMM; N080398AZRM",,Window Wall Attenuation & Alternate Ventilation,"1,003,720,003",989579.646,202009.150
989600.093212057,202019.239824227,282,E-216,1,"372","4","07DCP078M","C080397AZMM; N080398AZRM",,Window Wall Attenuation & Alternate Ventilation,"1,003,720,004",989600.093,202019.240
989609.551286815,202036.335895157,283,E-216,1,"372","5","07DCP078M","C080397AZMM; N080398AZRM",,Window Wall Attenuation & Alternate Ventilation,"1,003,720,005",989609.551,202036.336
990060.223529038,201867.956449068,284,E-216,1,"372","30","07DCP078M","C080397AZMM; N080398AZRM",,"Air Quality - #2 Fuel Oil or Natural Gas Heat and Hot Water;Exhaust stack location limitations","1,003,720,030",990060.224,201867.956
990092.061822394,201845.698154255,285,E-216,1,"372","31","07DCP078M","C080397AZMM; N080398AZRM",,"Air Quality - #2 Fuel Oil or Natural Gas Heat and Hot Water;Exhaust stack location limitations","1,003,720,031",990092.062,201845.698
990127.733131707,201848.054815936,286,E-216,1,"372","33","07DCP078M","C080397AZMM; N080398AZRM",,"Air Quality - HVAC fuel limited to natural gas;Hazardous Materials* Phase I and Phase II Testing Protocol","1,003,720,033",990127.733,201848.055
990155.573664397,201836.671545565,287,E-216,1,"372","34","07DCP078M","C080397AZMM; N080398AZRM",,Window Wall Attenuation & Alternate Ventilation,"1,003,720,034",990155.574,201836.672
990211.274806349,201837.26121861,288,E-216,1,"372","36","07DCP078M","C080397AZMM; N080398AZRM",,Window Wall Attenuation & Alternate Ventilation,"1,003,720,036",990211.275,201837.261
990203.286539367,201822.834507921,302,E-216,1,"372","37","07DCP078M","C080397AZMM; N080398AZRM",,Window Wall Attenuation & Alternate Ventilation,"1,003,720,037",990203.287,201822.835
989781.505532616,202305.626905301,303,E-216,1,"373","2","07DCP078M","C080397AZMM; N080398AZRM",,Window Wall Attenuation & Alternate Ventilation,"1,003,730,002",989781.506,202305.627
989929.067697637,202235.329580826,304,E-216,1,"373","13","07DCP078M","C080397AZMM; N080398AZRM",,"Air Quality - #2 Fuel Oil or Natural Gas Heat and Hot Water;Exhaust stack location limitations","1,003,730,013",989929.068,202235.330
989947.92537133,202224.871640989,305,E-216,1,"373","14","07DCP078M","C080397AZMM; N080398AZRM",,Air Quality - HVAC fuel limited to natural gas,"1,003,730,014",989947.925,202224.872
989988.164443571,202202.556636017,306,E-216,1,"373","16","07DCP078M","C080397AZMM; N080398AZRM",,"Air Quality - #2 Fuel Oil or Natural Gas Heat and Hot Water;Exhaust stack location limitations","1,003,730,016",989988.164,202202.557
990008.141470033,202191.477604646,307,E-216,1,"373","17","07DCP078M","C080397AZMM; N080398AZRM",,"Air Quality - #2 Fuel Oil or Natural Gas Heat and Hot Water;Exhaust stack location limitations","1,003,730,017",990008.141,202191.478
988617.550034426,202358.570622784,316,E-216,1,"397","27","07DCP078M","C080397AZMM; N080398AZRM",,"Air Quality - #2 Fuel Oil or Natural Gas Heat and Hot Water;Exhaust stack location limitations","1,003,970,027",988617.550,202358.571
988668.478205253,202516.270638343,317,E-216,1,"398","45","07DCP078M","C080397AZMM; N080398AZRM",,Air Quality - HVAC fuel limited to natural gas,"1,003,980,045",988668.478,202516.271
990262.415773637,201971.001509622,319,E-216,1,"373","38","07DCP078M","C080397AZMM; N080398AZRM",,Window Wall Attenuation & Alternate Ventilation,"1,003,730,038",990262.416,201971.002
989871.277493602,202154.405926833,320,E-216,1,"373","61","07DCP078M","C080397AZMM; N080398AZRM",,Air Quality - HVAC fuel limited to natural gas,"1,003,730,061",989871.277,202154.406
989852.511900794,202164.807235138,321,E-216,1,"373","62","07DCP078M","C080397AZMM; N080398AZRM",,"Air Quality - #2 Fuel Oil or Natural Gas Heat and Hot Water;Exhaust stack location limitations","1,003,730,062",989852.512,202164.807
989833.625393763,202175.200648729,322,E-216,1,"373","63","07DCP078M","C080397AZMM; N080398AZRM",,Air Quality - HVAC fuel limited to natural gas,"1,003,730,063",989833.625,202175.201
990394.97935422,202196.980323297,329,E-216,1,"374","37","07DCP078M","C080397AZMM; N080398AZRM",,Window Wall Attenuation & Alternate Ventilation,"1,003,740,037",990394.979,202196.980
990377.985845864,202565.723697854,334,E-216,1,"375","29","07DCP078M","C080397AZMM; N080398AZRM",,Air Quality - HVAC fuel limited to natural gas,"1,003,750,029",990377.986,202565.724
990436.155507813,202533.312855504,335,E-216,1,"375","32","07DCP078M","C080397AZMM; N080398AZRM",,Air Quality - HVAC fuel limited to natural gas,"1,003,750,032",990436.156,202533.313
990507.243177552,202403.029188561,338,E-216,1,"375","41","07DCP078M","C080397AZMM; N080398AZRM",,Window Wall Attenuation & Alternate Ventilation,"1,003,750,041",990507.243,202403.029
989385.821095083,201964.46601407,365,E-216,1,"384","33","07DCP078M","C080397AZMM; N080398AZRM",,Window Wall Attenuation & Alternate Ventilation,"1,003,840,033",989385.821,201964.466
989385.821095083,201964.46601407,366,E-359,1,"384","33",14BSA169M,125-14BZ,,Hazardous Materials* Phase I and Phase II Testing Protocol,"1,003,840,033",989385.821,201964.466
989320.010128984,202279.63605595,367,E-216,1,"385","24","07DCP078M","C080397AZMM; N080398AZRM",,"Air Quality - #2 Fuel Oil or Natural Gas Heat and Hot Water;Exhaust stack location limitations","1,003,850,024",989320.010,202279.636
989452.965976225,202209.072583924,368,E-216,1,"385","30","07DCP078M","C080397AZMM; N080398AZRM",,"Air Quality - #2 Fuel Oil or Natural Gas Heat and Hot Water;Exhaust stack location limitations","1,003,850,030",989452.966,202209.073
989211.932990463,202520.94373875,388,E-216,1,"386","61","07DCP078M","C080397AZMM; N080398AZRM",,Air Quality - #2 Fuel Oil or Natural Gas Heat and Hot Water,"1,003,860,061",989211.933,202520.944
989191.503702083,202530.759612854,389,E-216,1,"386","62","07DCP078M","C080397AZMM; N080398AZRM",,Air Quality - HVAC fuel limited to natural gas,"1,003,860,062",989191.504,202530.760
989746.99580685,202596.041594669,390,E-216,1,"387","35","07DCP078M","C080397AZMM; N080398AZRM",,Window Wall Attenuation & Alternate Ventilation,"1,003,870,035",989746.996,202596.042
989637.46479232,202574.329079327,391,E-216,1,"387","42","07DCP078M","C080397AZMM; N080398AZRM",,Air Quality - #2 Fuel Oil or Natural Gas Heat and Hot Water,"1,003,870,042",989637.465,202574.329
989776.547626545,202649.673241391,164,E-216,1,"387","33","07DCP078M","C080397AZMM; N080398AZRM",,Window Wall Attenuation & Alternate Ventilation,"1,003,870,033",989776.548,202649.673
989106.335132425,202657.547220944,157,E-216,1,"386","5","07DCP078M","C080397AZMM; N080398AZRM",,Window Wall Attenuation & Alternate Ventilation,"1,003,860,005",989106.335,202657.547
990519.338503083,202660.458856293,214,E-216,1,"376","43","07DCP078M","C080397AZMM; N080398AZRM",,Air Quality - HVAC fuel limited to natural gas,"1,003,760,043",990519.339,202660.459
990699.792520035,202704.301611615,213,E-216,1,"376","32","07DCP078M","C080397AZMM; N080398AZRM",,Window Wall Attenuation & Alternate Ventilation,"1,003,760,032",990699.793,202704.302
990419.494915427,202715.791378258,215,E-216,1,"376","44","07DCP078M","C080397AZMM; N080398AZRM",,"Air Quality - HVAC fuel limited to natural gas;Exhaust stack location limitations","1,003,760,044",990419.495,202715.791
990529.411311363,202761.270551555,212,E-216,1,"376","27","07DCP078M","C080397AZMM; N080398AZRM",,Air Quality - #2 Fuel Oil or Natural Gas Heat and Hot Water,"1,003,760,027",990529.411,202761.271
990509.599456914,202772.251864449,211,E-216,1,"376","26","07DCP078M","C080397AZMM; N080398AZRM",,Air Quality - HVAC fuel limited to natural gas,"1,003,760,026",990509.599,202772.252
990468.832742092,202794.847651524,210,E-216,1,"376","24","07DCP078M","C080397AZMM; N080398AZRM",,"Air Quality - HVAC fuel limited to natural gas;Hazardous Materials* Phase I and Phase II Testing Protocol","1,003,760,024",990468.833,202794.848
990448.716147241,202805.997488041,209,E-216,1,"376","23","07DCP078M","C080397AZMM; N080398AZRM",,Hazardous Materials* Phase I and Phase II Testing Protocol,"1,003,760,023",990448.716,202805.997
990409.683387175,202827.632483806,208,E-216,1,"376","21","07DCP078M","C080397AZMM; N080398AZRM",,Air Quality - HVAC fuel limited to natural gas,"1,003,760,021",990409.683,202827.632
990663.389721833,202861.264675047,155,E-216,1,"377","7,504","07DCP078M","C080397AZMM; N080398AZRM",,"Air Quality - #2 Fuel Oil or Natural Gas Heat and Hot Water;Exhaust stack location limitations","1,003,777,504",990663.390,202861.265
990116.539819142,202870.949294414,216,E-216,1,"376","63","07DCP078M","C080397AZMM; N080398AZRM",,"Air Quality - HVAC fuel limited to natural gas;Exhaust stack location limitations;Window Wall Attenuation & Alternate Ventilation","1,003,760,063",990116.540,202870.949
990624.053562407,202883.00967295,226,E-216,1,"377","51","07DCP078M","C080397AZMM; N080398AZRM",,"Air Quality - #2 Fuel Oil or Natural Gas Heat and Hot Water;Exhaust stack location limitations","1,003,770,051",990624.054,202883.010
990605.152363318,202893.457645975,227,E-216,1,"377","52","07DCP078M","C080397AZMM; N080398AZRM",,"Air Quality - #2 Fuel Oil or Natural Gas Heat and Hot Water;Exhaust stack location limitations","1,003,770,052",990605.152,202893.458
990585.333224226,202904.413386088,228,E-216,1,"377","53","07DCP078M","C080397AZMM; N080398AZRM",,"Air Quality - #2 Fuel Oil or Natural Gas Heat and Hot Water;Exhaust stack location limitations","1,003,770,053",990585.333,202904.413
990565.779018536,202915.222699698,229,E-216,1,"377","54","07DCP078M","C080397AZMM; N080398AZRM",,"Air Quality - #2 Fuel Oil or Natural Gas Heat and Hot Water;Exhaust stack location limitations","1,003,770,054",990565.779,202915.223
990351.014469647,203033.940992952,230,E-216,1,"377","64","07DCP078M","C080397AZMM; N080398AZRM",,"Air Quality - #2 Fuel Oil or Natural Gas Heat and Hot Water;Exhaust stack location limitations;Hazardous Materials* Phase I and Phase II Testing Protocol","1,003,770,064",990351.014,203033.941
990329.997460454,203045.558362553,231,E-216,1,"377","65","07DCP078M","C080397AZMM; N080398AZRM",,"Air Quality - #2 Fuel Oil or Natural Gas Heat and Hot Water;Exhaust stack location limitations","1,003,770,065",990329.997,203045.558
990308.604478331,203057.384094023,232,E-216,1,"377","66","07DCP078M","C080397AZMM; N080398AZRM",,"Air Quality - #2 Fuel Oil or Natural Gas Heat and Hot Water;Exhaust stack location limitations","1,003,770,066",990308.604,203057.384
990762.850232693,203095.548924588,248,E-216,1,"378","43","07DCP078M","C080397AZMM; N080398AZRM",,"Air Quality - #2 Fuel Oil or Natural Gas Heat and Hot Water;Exhaust stack location limitations;Window Wall Attenuation & Alternate Ventilation","1,003,780,043",990762.850,203095.549
990886.217096,203096.458324192,247,E-216,1,"378","34","07DCP078M","C080397AZMM; N080398AZRM",,Window Wall Attenuation & Alternate Ventilation,"1,003,780,034",990886.217,203096.458
990221.237675347,203117.797673355,217,E-216,1,"377","1","07DCP078M","C080397AZMM; N080398AZRM",,Window Wall Attenuation & Alternate Ventilation,"1,003,770,001",990221.238,203117.798
990909.393165894,203138.338318702,246,E-216,1,"378","32","07DCP078M","C080397AZMM; N080398AZRM",,Window Wall Attenuation & Alternate Ventilation,"1,003,780,032",990909.393,203138.338
989647.577363229,203144.626220331,264,E-216,1,"389","52","07DCP078M","C080397AZMM; N080398AZRM",,Air Quality - #2 Fuel Oil or Natural Gas Heat and Hot Water,"1,003,890,052",989647.577,203144.626
990851.371170173,203158.141579763,235,E-216,1,"378","30","07DCP078M","C080397AZMM; N080398AZRM",,"Air Quality - #2 Fuel Oil or Natural Gas Heat and Hot Water;Exhaust stack location limitations;Window Wall Attenuation & Alternate Ventilation","1,003,780,030",990851.371,203158.142
990316.06469712,203167.577199513,225,E-216,1,"377","10","07DCP078M","C080397AZMM; N080398AZRM",,"Air Quality - #2 Fuel Oil or Natural Gas Heat and Hot Water;Exhaust stack location limitations;Window Wall Attenuation & Alternate Ventilation","1,003,770,010",990316.065,203167.577
990829.530099155,203170.467580712,234,E-216,1,"378","29","07DCP078M","C080397AZMM; N080398AZRM",,"Air Quality - #2 Fuel Oil or Natural Gas Heat and Hot Water;Exhaust stack location limitations;Window Wall Attenuation & Alternate Ventilation","1,003,780,029",990829.530,203170.468
990807.712711619,203182.57214338,233,E-216,1,"378","28","07DCP078M","C080397AZMM; N080398AZRM",,"Air Quality - #2 Fuel Oil or Natural Gas Heat and Hot Water;Exhaust stack location limitations;Window Wall Attenuation & Alternate Ventilation","1,003,780,028",990807.713,203182.572
990106.241796305,203215.675477765,266,E-216,1,"390","34","07DCP078M","C080397AZMM; N080398AZRM",,Window Wall Attenuation & Alternate Ventilation,"1,003,900,034",990106.242,203215.675
990857.586272293,203325.34262055,249,E-216,1,"379","44","07DCP078M","C080397AZMM; N080398AZRM",,Window Wall Attenuation & Alternate Ventilation,"1,003,790,044",990857.586,203325.343
989811.844787361,203332.476866895,267,E-216,1,"390","52","07DCP078M","C080397AZMM; N080398AZRM",,"Air Quality - HVAC fuel limited to natural gas;Exhaust stack location limitations","1,003,900,052",989811.845,203332.477
989977.819352539,203354.286828667,265,E-216,1,"390","23","07DCP078M","C080397AZMM; N080398AZRM",,"Air Quality - #2 Fuel Oil or Natural Gas Heat and Hot Water;Exhaust stack location limitations","1,003,900,023",989977.819,203354.287
989709.511941476,203373.308043993,268,E-216,1,"390","58","07DCP078M","C080397AZMM; N080398AZRM",,"Air Quality - #2 Fuel Oil or Natural Gas Heat and Hot Water;Exhaust stack location limitations","1,003,900,058",989709.512,203373.308
990237.063714365,203459.573089548,278,E-216,1,"391","33","07DCP078M","C080397AZMM; N080398AZRM",,Window Wall Attenuation & Alternate Ventilation,"1,003,910,033",990237.064,203459.573
990072.704599223,202881.532861925,339,E-216,1,"376","1","07DCP078M","C080397AZMM; N080398AZRM",,Window Wall Attenuation & Alternate Ventilation,"1,003,760,001",990072.705,202881.533
990270.570360536,202904.738563819,340,E-216,1,"376","13","07DCP078M","C080397AZMM; N080398AZRM",,Air Quality - HVAC fuel limited to natural gas,"1,003,760,013",990270.570,202904.739
990429.133015535,202816.852400186,341,E-216,1,"376","22","07DCP078M","C080397AZMM; N080398AZRM",,"Air Quality - HVAC fuel limited to natural gas;Hazardous Materials* Phase I and Phase II Testing Protocol","1,003,760,022",990429.133,202816.852
990643.492400791,202872.26442809,350,E-216,1,"377","50","07DCP078M","C080397AZMM; N080398AZRM",,Air Quality - HVAC fuel limited to natural gas,"1,003,770,050",990643.492,202872.264
990776.160926685,203477.524132076,358,E-216,1,"379","21","07DCP078M","C080397AZMM; N080398AZRM",,"Air Quality - #2 Fuel Oil or Natural Gas Heat and Hot Water;Exhaust stack location limitations;Window Wall Attenuation & Alternate Ventilation","1,003,790,021",990776.161,203477.524
989119.852598139,202681.904150588,381,E-216,1,"386","7","07DCP078M","C080397AZMM; N080398AZRM",,Window Wall Attenuation & Alternate Ventilation,"1,003,860,007",989119.853,202681.904
989128.234819339,202697.008587336,382,E-216,1,"386","8","07DCP078M","C080397AZMM; N080398AZRM",,Window Wall Attenuation & Alternate Ventilation,"1,003,860,008",989128.235,202697.009
989881.988072895,202840.272060577,396,E-216,1,"387","135","07DCP078M","C080397AZMM; N080398AZRM",,Window Wall Attenuation & Alternate Ventilation,"1,003,870,135",989881.988,202840.272
988883.529228893,202702.874101762,451,E-216,1,"399","40","07DCP078M","C080397AZMM; N080398AZRM",,"Air Quality - #2 Fuel Oil or Natural Gas Heat and Hot Water;Exhaust stack location limitations","1,003,990,040",988883.529,202702.874
989321.197124591,203338.040430914,487,E-216,1,"402","41","07DCP078M","C080397AZMM; N080398AZRM",,"Hazardous Materials* Phase I and Phase II Testing Protocol;Window Wall Attenuation & Alternate Ventilation","1,004,020,041",989321.197,203338.040
989314.118187984,203313.88010944,488,E-216,1,"402","42","07DCP078M","C080397AZMM; N080398AZRM",,Window Wall Attenuation & Alternate Ventilation,"1,004,020,042",989314.118,203313.880
989713.778675051,204652.526849385,318,E-216,1,"405","19","07DCP078M","C080397AZMM; N080398AZRM",,"Air Quality - #2 Fuel Oil or Natural Gas Heat and Hot Water;Exhaust stack location limitations;Window Wall Attenuation & Alternate Ventilation","1,004,050,019",989713.779,204652.527
989726.154614361,204828.739869728,333,E-216,1,"406","55","07DCP078M","C080397AZMM; N080398AZRM",,Air Quality - HVAC fuel limited to natural gas,"1,004,060,055",989726.155,204828.740
989728.797736926,204343.406995391,494,E-216,1,"404","23","07DCP078M","C080397AZMM; N080398AZRM",,"Air Quality - #2 Fuel Oil or Natural Gas Heat and Hot Water;Exhaust stack location limitations;Window Wall Attenuation & Alternate Ventilation","1,004,040,023",989728.798,204343.407
989741.854562865,203794.498494471,274,E-216,1,"391","7","07DCP078M","C080397AZMM; N080398AZRM",,Window Wall Attenuation & Alternate Ventilation,"1,003,910,007",989741.855,203794.498
989803.065971319,203737.835081801,275,E-216,1,"391","10","07DCP078M","C080397AZMM; N080398AZRM",,Air Quality - HVAC fuel limited to natural gas,"1,003,910,010",989803.066,203737.835
989830.146802887,204466.210614157,182,E-216,1,"405","41","07DCP078M","C080397AZMM; N080398AZRM",,Window Wall Attenuation & Alternate Ventilation,"1,004,050,041",989830.147,204466.211
989856.492292417,204451.597757786,513,E-216,1,"405","39","07DCP078M","C080397AZMM; N080398AZRM",,Window Wall Attenuation & Alternate Ventilation,"1,004,050,039",989856.492,204451.598
989864.803957663,204873.829123398,330,E-216,1,"406","19","07DCP078M","C080397AZMM; N080398AZRM",,"Air Quality - #2 Fuel Oil or Natural Gas Heat and Hot Water;Exhaust stack location limitations;Window Wall Attenuation & Alternate Ventilation","1,004,060,019",989864.804,204873.829
989867.560449481,203701.704088563,276,E-216,1,"391","13","07DCP078M","C080397AZMM; N080398AZRM",,Air Quality - HVAC fuel limited to natural gas,"1,003,910,013",989867.560,203701.704
989910.302827549,203553.339015684,279,E-216,1,"391","51","07DCP078M","C080397AZMM; N080398AZRM",,"Air Quality - #2 Fuel Oil or Natural Gas Heat and Hot Water;Exhaust stack location limitations","1,003,910,051",989910.303,203553.339
989942.639594474,204708.716013681,332,E-216,1,"406","45","07DCP078M","C080397AZMM; N080398AZRM",,Window Wall Attenuation & Alternate Ventilation,"1,004,060,045",989942.640,204708.716
989975.580113805,204095.987820518,414,E-216,1,"393","61","07DCP078M","C080397AZMM; N080398AZRM",,"Air Quality - #2 Fuel Oil or Natural Gas Heat and Hot Water;Exhaust stack location limitations;Window Wall Attenuation & Alternate Ventilation","1,003,930,061",989975.580,204095.988
989977.476493364,203651.015897089,277,E-216,1,"391","19","07DCP078M","C080397AZMM; N080398AZRM",,Air Quality - #2 Fuel Oil or Natural Gas Heat and Hot Water,"1,003,910,019",989977.476,203651.016
989991.267025576,204803.676870775,331,E-216,1,"406","24","07DCP078M","C080397AZMM; N080398AZRM",,"Air Quality - #2 Fuel Oil or Natural Gas Heat and Hot Water;Exhaust stack location limitations;Window Wall Attenuation & Alternate Ventilation","1,004,060,024",989991.267,204803.677
990008.307415648,204077.878173804,413,E-216,1,"393","59","07DCP078M","C080397AZMM; N080398AZRM",,"Air Quality - #2 Fuel Oil or Natural Gas Heat and Hot Water;Exhaust stack location limitations;Window Wall Attenuation & Alternate Ventilation","1,003,930,059",990008.307,204077.878
990022.941355429,204181.512641493,408,E-216,1,"393","9","07DCP078M","C080397AZMM; N080398AZRM",,"Air Quality - #2 Fuel Oil or Natural Gas Heat and Hot Water;Exhaust stack location limitations","1,003,930,009",990022.941,204181.513
990032.99355719,203890.054821087,296,E-216,1,"392","16","07DCP078M","C080397AZMM; N080398AZRM",,Air Quality - HVAC fuel limited to natural gas,"1,003,920,016",990032.994,203890.055
990064.131414528,204656.690371392,521,E-216,1,"406","36","07DCP078M","C080397AZMM; N080398AZRM",,Window Wall Attenuation & Alternate Ventilation,"1,004,060,036",990064.131,204656.690
990069.675575903,204776.052625365,183,E-216,1,"406","29","07DCP078M","C080397AZMM; N080398AZRM",,Window Wall Attenuation & Alternate Ventilation,"1,004,060,029",990069.676,204776.053
990181.028465766,203699.003342604,299,E-216,1,"392","43","07DCP078M","C080397AZMM; N080398AZRM",,"Air Quality - #2 Fuel Oil or Natural Gas Heat and Hot Water;Exhaust stack location limitations;Window Wall Attenuation & Alternate Ventilation","1,003,920,043",990181.028,203699.003
990249.346982981,203661.063879209,407,E-216,1,"392","40","07DCP078M","C080397AZMM; N080398AZRM",,"Air Quality - #2 Fuel Oil or Natural Gas Heat and Hot Water;Exhaust stack location limitations;Window Wall Attenuation & Alternate Ventilation","1,003,920,040",990249.347,203661.064
990271.242064951,203648.957853306,298,E-216,1,"392","39","07DCP078M","C080397AZMM; N080398AZRM",,"Air Quality - #2 Fuel Oil or Natural Gas Heat and Hot Water;Exhaust stack location limitations","1,003,920,039",990271.242,203648.958
990337.382307913,203654.100203653,297,E-216,1,"392","35","07DCP078M","C080397AZMM; N080398AZRM",,Window Wall Attenuation & Alternate Ventilation,"1,003,920,035",990337.382,203654.100
990371.395613155,203715.408609337,406,E-216,1,"392","32","07DCP078M","C080397AZMM; N080398AZRM",,Window Wall Attenuation & Alternate Ventilation,"1,003,920,032",990371.396,203715.409
990434.791681686,204252.175626021,165,E-216,1,"394","28","07DCP078M","C080397AZMM; N080398AZRM",,"Air Quality - #2 Fuel Oil or Natural Gas Heat and Hot Water;Exhaust stack location limitations","1,003,940,028",990434.792,204252.176
990510.25846581,204210.486509686,300,E-216,1,"394","32","07DCP078M","C080397AZMM; N080398AZRM",,"Air Quality - #2 Fuel Oil or Natural Gas Heat and Hot Water;Exhaust stack location limitations;Window Wall Attenuation & Alternate Ventilation","1,003,940,032",990510.258,204210.487
990554.436306483,204186.082341503,301,E-216,1,"394","34","07DCP078M","C080397AZMM; N080398AZRM",,"Air Quality - #2 Fuel Oil or Natural Gas Heat and Hot Water;Exhaust stack location limitations;Window Wall Attenuation & Alternate Ventilation","1,003,940,034",990554.436,204186.082
990207.392323263,208435.508197778,1078,R-149,1,"931","17","07DCP015M","070137ZMM",,,"1,009,310,017",990207.392,208435.508
991648.879013619,209293.251804281,1081,R-197,1,"962","80",11BSA029M,186-10BZ,,,"1,009,620,080",991648.879,209293.252
989946.168506324,207770.691673145,1096,E-62,1,"928","7,503",95DCP027M,C940304ZMM,,Window Wall Attenuation & Alternate Ventilation,"1,009,287,503",989946.169,207770.692
991083.627049852,208424.049374367,1097,E-776,1,"962","100",23DME013M,"C240369ZMM; C240370ZSM; N240371ZRM; C240390ZSM",,"Hazardous Materials* Phase I and Phase II Testing Protocol;Window Wall Attenuation & Alternate Ventilation","1,009,620,100",991083.627,208424.049
990075.964866416,208589.578344312,1640,R-149,1,"931","1","07DCP015M","070137ZMM",,,"1,009,310,001",990075.965,208589.578
991425.257167879,209624.954472103,1696,R-197,1,"962","108",11BSA029M,186-10BZ,,,"1,009,620,108",991425.257,209624.954
991583.964990832,209626.288646286,1697,R-197,1,"962","7,501",11BSA029M,186-10BZ,,,"1,009,627,501",991583.965,209626.289
991532.210986188,210389.680588181,1079,E-62,1,"940","31",95DCP027M,C940304ZMM,,Window Wall Attenuation & Alternate Ventilation,"1,009,400,031",991532.211,210389.681
992025.326795343,210504.951585731,1082,R-156,1,"967","1","06DCP039M","070523AZSM",,,"1,009,670,001",992025.327,210504.952
992222.84535081,210953.829020557,1099,E-7,1,"969","7,501",83-244M,C850370ZMM,,Double Glazed Windows & Alternate Ventilation,"1,009,697,501",992222.845,210953.829
992311.563510337,210906.301904171,1084,E-7,1,"969","22",83-244M,C850370ZMM,,Double Glazed Windows & Alternate Ventilation,"1,009,690,022",992311.564,210906.302
991300.300376566,210191.161590219,1669,E-458,1,"939","24",17DCP203M,"N170381ZRM; C170380ZMM",,"Exhaust stack location limitations;Hazardous Materials* Phase I and Phase II Testing Protocol;Window Wall Attenuation & Alternate Ventilation","1,009,390,024",991300.300,210191.162
991397.806810234,210143.438165405,1670,E-62,1,"939","28",95DCP027M,C940304ZMM,,Window Wall Attenuation & Alternate Ventilation,"1,009,390,028",991397.807,210143.438
994238.95263003,201339.726992001,5213,E-138,3,"2,340","7,501","04DCP003K","C050111ZMK; C050111AZMK; N050110ZRK; N050110AZRK",,"Underground Gasoline Storage Tanks* Testing Protocol.;Window Wall Attenuation & Alternate Ventilation","3,023,407,501",994238.953,201339.727
996174.392643001,201544.270556345,5164,E-138,3,"2,304","10","04DCP003K","C050111ZMK; C050111AZMK; N050110ZRK; N050110AZRK",,"Underground Gasoline Storage Tanks* Testing Protocol.;Window Wall Attenuation & Alternate Ventilation","3,023,040,010",996174.393,201544.271
996478.113115211,201552.752050234,5162,E-440,3,"2,297","17",17DCP021K,C170024ZMK,,Hazardous Materials* Phase I and Phase II Testing Protocol,"3,022,970,017",996478.113,201552.752
995138.211167155,201587.096163188,5182,E-138,3,"2,317","30","04DCP003K","C050111ZMK; C050111AZMK; N050110ZRK; N050110AZRK",,Underground Gasoline Storage Tanks* Testing Protocol.,"3,023,170,030",995138.211,201587.096
996511.053742276,201592.947329569,5161,E-440,3,"2,297","15",17DCP021K,C170024ZMK,,Hazardous Materials* Phase I and Phase II Testing Protocol,"3,022,970,015",996511.054,201592.947
995629.410996257,201654.286915689,5172,E-138,3,"2,310","11","04DCP003K","C050111ZMK; C050111AZMK; N050110ZRK; N050110AZRK",,Underground Gasoline Storage Tanks* Testing Protocol.,"3,023,100,011",995629.411,201654.287
995616.886880688,201664.558936537,5171,E-138,3,"2,310","10","04DCP003K","C050111ZMK; C050111AZMK; N050110ZRK; N050110AZRK",,Underground Gasoline Storage Tanks* Testing Protocol.,"3,023,100,010",995616.887,201664.559
995202.358102523,201666.481913566,5181,E-138,3,"2,317","17","04DCP003K","C050111ZMK; C050111AZMK; N050110ZRK; N050110AZRK",,Underground Gasoline Storage Tanks* Testing Protocol.,"3,023,170,017",995202.358,201666.482
995604.569146167,201674.662828963,5170,E-138,3,"2,310","9","04DCP003K","C050111ZMK; C050111AZMK; N050110ZRK; N050110AZRK",,Underground Gasoline Storage Tanks* Testing Protocol.,"3,023,100,009",995604.569,201674.663
995183.224759839,201682.07364792,5180,E-138,3,"2,317","16","04DCP003K","C050111ZMK; C050111AZMK; N050110ZRK; N050110AZRK",,Underground Gasoline Storage Tanks* Testing Protocol.,"3,023,170,016",995183.225,201682.074
993957.625237699,201703.237903718,5212,E-138,3,"2,340","9","04DCP003K","C050111ZMK; C050111AZMK; N050110ZRK; N050110AZRK",,"Underground Gasoline Storage Tanks* Testing Protocol.;Window Wall Attenuation & Alternate Ventilation","3,023,400,009",993957.625,201703.238
995124.960771929,201729.553213644,5179,E-138,3,"2,317","13","04DCP003K","C050111ZMK; C050111AZMK; N050110ZRK; N050110AZRK",,Underground Gasoline Storage Tanks* Testing Protocol.,"3,023,170,013",995124.961,201729.553
994999.715751323,201732.56620123,5177,E-138,3,"2,317","5","04DCP003K","C050111ZMK; C050111AZMK; N050110ZRK; N050110AZRK",,Underground Gasoline Storage Tanks* Testing Protocol.,"3,023,170,005",994999.716,201732.566
994211.06629611,201739.387116638,5207,E-138,3,"2,332","30","04DCP003K","C050111ZMK; C050111AZMK; N050110ZRK; N050110AZRK",,"Exhaust stack location limitations;Underground Gasoline Storage Tanks* Testing Protocol.;Window Wall Attenuation & Alternate Ventilation","3,023,320,030",994211.066,201739.387
995105.788079513,201745.177135034,5178,E-138,3,"2,317","12","04DCP003K","C050111ZMK; C050111AZMK; N050110ZRK; N050110AZRK",,Underground Gasoline Storage Tanks* Testing Protocol.,"3,023,170,012",995105.788,201745.177
995433.760402055,201826.809144136,5169,E-138,3,"2,309","17","04DCP003K","C050111ZMK; C050111AZMK; N050110ZRK; N050110AZRK",,Underground Gasoline Storage Tanks* Testing Protocol.,"3,023,090,017",995433.760,201826.809
995317.394033462,201845.007979932,5168,E-138,3,"2,309","15","04DCP003K","C050111ZMK; C050111AZMK; N050110ZRK; N050110AZRK",,Underground Gasoline Storage Tanks* Testing Protocol.,"3,023,090,015",995317.394,201845.008
995308.973847194,201915.776876962,5167,E-138,3,"2,309","13","04DCP003K","C050111ZMK; C050111AZMK; N050110ZRK; N050110AZRK",,Underground Gasoline Storage Tanks* Testing Protocol.,"3,023,090,013",995308.974,201915.777
994316.83309105,201996.418028924,5190,E-138,3,"2,324","40","04DCP003K","C050111ZMK; C050111AZMK; N050110ZRK; N050110AZRK",,"Underground Gasoline Storage Tanks* Testing Protocol.;Window Wall Attenuation & Alternate Ventilation","3,023,240,040",994316.833,201996.418
996242.436049226,202115.571934638,5160,E-138,3,"2,289","14","04DCP003K","C050111ZMK; C050111AZMK; N050110ZRK; N050110AZRK",,Underground Gasoline Storage Tanks* Testing Protocol.,"3,022,890,014",996242.436,202115.572
997270.115518299,201321.729373593,6766,E-138,3,"2,292","12","04DCP003K","C050111ZMK; C050111AZMK; N050110ZRK; N050110AZRK",,Underground Gasoline Storage Tanks* Testing Protocol.,"3,022,920,012",997270.116,201321.729
997289.022819124,201306.313418977,6767,E-138,3,"2,292","13","04DCP003K","C050111ZMK; C050111AZMK; N050110ZRK; N050110AZRK",,Underground Gasoline Storage Tanks* Testing Protocol.,"3,022,920,013",997289.023,201306.313
995221.712487126,201650.7116882,6785,E-138,3,"2,317","18","04DCP003K","C050111ZMK; C050111AZMK; N050110ZRK; N050110AZRK",,Underground Gasoline Storage Tanks* Testing Protocol.,"3,023,170,018",995221.712,201650.712
994420.655876833,201907.751309383,6788,E-138,3,"2,324","30","04DCP003K","C050111ZMK; C050111AZMK; N050110ZRK; N050110AZRK",,"Underground Gasoline Storage Tanks* Testing Protocol.;Window Wall Attenuation & Alternate Ventilation","3,023,240,030",994420.656,201907.751
994838.149799513,201505.55676741,6789,E-138,3,"2,325","1","04DCP003K","C050111ZMK; C050111AZMK; N050110ZRK; N050110AZRK",,Underground Gasoline Storage Tanks* Testing Protocol.,"3,023,250,001",994838.150,201505.557
995012.342630051,201353.42344198,6790,E-138,3,"2,325","24","04DCP003K","C050111ZMK; C050111AZMK; N050110ZRK; N050110AZRK",,Underground Gasoline Storage Tanks* Testing Protocol.,"3,023,250,024",995012.343,201353.423
994970.328805681,201387.739650033,6791,E-138,3,"2,325","27","04DCP003K","C050111ZMK; C050111AZMK; N050110ZRK; N050110AZRK",,Underground Gasoline Storage Tanks* Testing Protocol.,"3,023,250,027",994970.329,201387.740
994941.115978493,201411.600255545,6792,E-138,3,"2,325","28","04DCP003K","C050111ZMK; C050111AZMK; N050110ZRK; N050110AZRK",,Underground Gasoline Storage Tanks* Testing Protocol.,"3,023,250,028",994941.116,201411.600
994009.789863632,201908.865901789,6797,E-138,3,"2,332","40","04DCP003K","C050111ZMK; C050111AZMK; N050110ZRK; N050110AZRK",,"Exhaust stack location limitations;Underground Gasoline Storage Tanks* Testing Protocol.;Window Wall Attenuation & Alternate Ventilation","3,023,320,040",994009.790,201908.866
993952.994915656,201756.378086638,6803,E-138,3,"2,340","10","04DCP003K","C050111ZMK; C050111AZMK; N050110ZRK; N050110AZRK",,"Underground Gasoline Storage Tanks* Testing Protocol.;Window Wall Attenuation & Alternate Ventilation","3,023,400,010",993952.995,201756.378
1009095.42538641,202097.894673731,7944,E-40,4,"2,675","105",91-095Q,C910105ZMQ,,Underground Gasoline Storage Tanks* Testing Protocol.,"4,026,750,105",1009095.425,202097.895
1009109.41943657,202131.340150196,10091,E-40,4,"2,675","108",91-095Q,C910105ZMQ,,Underground Gasoline Storage Tanks* Testing Protocol.,"4,026,750,108",1009109.419,202131.340
1011067.95045373,202264.838978587,10092,E-235,4,"2,713","70","09DCP064Q",C090382ZMQ,,Hazardous Materials* Phase I and Phase II Testing Protocol,"4,027,130,070",1011067.950,202264.839
1011043.41736093,202247.605334532,10093,E-235,4,"2,713","72","09DCP064Q",C090382ZMQ,,Hazardous Materials* Phase I and Phase II Testing Protocol,"4,027,130,072",1011043.417,202247.605
1011026.87459476,202235.984797496,10094,E-235,4,"2,713","73","09DCP064Q",C090382ZMQ,,Hazardous Materials* Phase I and Phase II Testing Protocol,"4,027,130,073",1011026.875,202235.985
994535.600000009,206831.557586991,5351,E-138,3,"2,502","50","04DCP003K","C050111ZMK; C050111AZMK; N050110ZRK; N050110AZRK",,"Underground Gasoline Storage Tanks* Testing Protocol.;Window Wall Attenuation & Alternate Ventilation","3,025,020,050",994535.600,206831.558
994575.694492162,206912.45666038,5336,E-138,3,"2,472","30","04DCP003K","C050111ZMK; C050111AZMK; N050110ZRK; N050110AZRK",,"Underground Gasoline Storage Tanks* Testing Protocol.;Window Wall Attenuation & Alternate Ventilation","3,024,720,030",994575.694,206912.457
994639.326187615,205941.634574037,5362,E-138,3,"2,530","8","04DCP003K","C050111ZMK; C050111AZMK; N050110ZRK; N050110AZRK",,"Underground Gasoline Storage Tanks* Testing Protocol.;Window Wall Attenuation & Alternate Ventilation","3,025,300,008",994639.326,205941.635
994692.617420712,207075.881985169,4626,E-138,3,"2,472","35","04DCP003K","C050111ZMK; C050111AZMK; N050110ZRK; N050110AZRK",,"Underground Gasoline Storage Tanks* Testing Protocol.;Window Wall Attenuation & Alternate Ventilation","3,024,720,035",994692.617,207075.882
994692.617420712,207075.881985169,4627,E-317,3,"2,472","35",14DCP004K,"N140028ZRK; N140023ZAK; N140022ZAK; N140021ZAK; N140020ZAK",,"Air Quality - HVAC natural gas with low Nox only;Exhaust stack location limitations;Hazardous Materials* Phase I and Phase II Testing Protocol;Window Wall Attenuation & Alternate Ventilation","3,024,720,035",994692.617,207075.882
994758.638603138,206860.789744538,4647,E-138,3,"2,502","7","04DCP003K","C050111ZMK; C050111AZMK; N050110ZRK; N050110AZRK",,"Underground Gasoline Storage Tanks* Testing Protocol.;Window Wall Attenuation & Alternate Ventilation","3,025,020,007",994758.639,206860.790
994781.715220902,206487.129517551,4648,E-138,3,"2,510","1","04DCP003K","C050111ZMK; C050111AZMK; N050110ZRK; N050110AZRK",,"Underground Gasoline Storage Tanks* Testing Protocol.;Window Wall Attenuation & Alternate Ventilation","3,025,100,001",994781.715,206487.130
994791.916339785,206940.545741532,4621,E-138,3,"2,472","6","04DCP003K","C050111ZMK; C050111AZMK; N050110ZRK; N050110AZRK",,"Underground Gasoline Storage Tanks* Testing Protocol.;Window Wall Attenuation & Alternate Ventilation","3,024,720,006",994791.916,206940.546
994814.979015332,206291.171696648,4651,E-138,3,"2,520","57","04DCP003K","C050111ZMK; C050111AZMK; N050110ZRK; N050110AZRK",,"Underground Gasoline Storage Tanks* Testing Protocol.;Window Wall Attenuation & Alternate Ventilation","3,025,200,057",994814.979,206291.172
994892.920421979,205718.015736319,4659,E-138,3,"2,538","1","04DCP003K","C050111ZMK; C050111AZMK; N050110ZRK; N050110AZRK",,"Underground Gasoline Storage Tanks* Testing Protocol.;Window Wall Attenuation & Alternate Ventilation","3,025,380,001",994892.920,205718.016
994989.381459003,206754.464196809,5350,E-138,3,"2,502","1","04DCP003K","C050111ZMK; C050111AZMK; N050110ZRK; N050110AZRK",,"Underground Gasoline Storage Tanks* Testing Protocol.;Window Wall Attenuation & Alternate Ventilation","3,025,020,001",994989.381,206754.464
995055.407866507,206890.394395123,4646,E-138,3,"2,502","5","04DCP003K","C050111ZMK; C050111AZMK; N050110ZRK; N050110AZRK",,"Underground Gasoline Storage Tanks* Testing Protocol.;Window Wall Attenuation & Alternate Ventilation","3,025,020,005",995055.408,206890.394
995059.938801719,206205.740171189,5357,E-138,3,"2,520","7,501","04DCP003K","C050111ZMK; C050111AZMK; N050110ZRK; N050110AZRK",,"Hazardous Materials* Phase I and Phase II Testing Protocol;Window Wall Attenuation & Alternate Ventilation","3,025,207,501",995059.939,206205.740
995080.073422485,205997.847780945,5364,E-138,3,"2,530","7,502","04DCP003K","C050111ZMK; C050111AZMK; N050110ZRK; N050110AZRK",,"Underground Gasoline Storage Tanks* Testing Protocol.;Window Wall Attenuation & Alternate Ventilation","3,025,307,502",995080.073,205997.848
995084.511576156,206924.656893896,4625,E-138,3,"2,472","23","04DCP003K","C050111ZMK; C050111AZMK; N050110ZRK; N050110AZRK",,"Underground Gasoline Storage Tanks* Testing Protocol.;Window Wall Attenuation & Alternate Ventilation","3,024,720,023",995084.512,206924.657
995092.317861186,207063.551586084,4623,E-138,3,"2,472","21","04DCP003K","C050111ZMK; C050111AZMK; N050110ZRK; N050110AZRK",,"Underground Gasoline Storage Tanks* Testing Protocol.;Window Wall Attenuation & Alternate Ventilation","3,024,720,021",995092.318,207063.552
995092.317861186,207063.551586084,4624,E-317,3,"2,472","21",14DCP004K,"N140028ZRK; N140023ZAK; N140022ZAK; N140021ZAK; N140020ZAK",,"Air Quality - HVAC natural gas with low Nox only;Exhaust stack location limitations;Hazardous Materials* Phase I and Phase II Testing Protocol;Window Wall Attenuation & Alternate Ventilation","3,024,720,021",995092.318,207063.552
994957.850563943,204917.356397375,5373,E-138,3,"2,556","1","04DCP003K","C050111ZMK; C050111AZMK; N050110ZRK; N050110AZRK",,"Underground Gasoline Storage Tanks* Testing Protocol.;Window Wall Attenuation & Alternate Ventilation","3,025,560,001",994957.851,204917.356
994969.075582556,204682.620125514,5375,E-138,3,"2,564","1","04DCP003K","C050111ZMK; C050111AZMK; N050110ZRK; N050110AZRK",,"Underground Gasoline Storage Tanks* Testing Protocol.;Window Wall Attenuation & Alternate Ventilation","3,025,640,001",994969.076,204682.620
994856.310209032,206957.873545131,6910,E-138,3,"2,472","2","04DCP003K","C050111ZMK; C050111AZMK; N050110ZRK; N050110AZRK",,"Underground Gasoline Storage Tanks* Testing Protocol.;Window Wall Attenuation & Alternate Ventilation","3,024,720,002",994856.310,206957.874
994836.74295717,206893.099369313,6911,E-138,3,"2,472","4","04DCP003K","C050111ZMK; C050111AZMK; N050110ZRK; N050110AZRK",,"Underground Gasoline Storage Tanks* Testing Protocol.;Window Wall Attenuation & Alternate Ventilation","3,024,720,004",994836.743,206893.099
994822.196752576,206868.818338709,6936,E-138,3,"2,502","2","04DCP003K","C050111ZMK; C050111AZMK; N050110ZRK; N050110AZRK",,"Underground Gasoline Storage Tanks* Testing Protocol.;Window Wall Attenuation & Alternate Ventilation","3,025,020,002",994822.197,206868.818
994822.196752576,206868.818338709,6937,E-232,3,"2,502","2","09DCP056K",C090334ZMK,,Window Wall Attenuation & Alternate Ventilation,"3,025,020,002",994822.197,206868.818
994863.384349084,204192.471365911,6975,E-138,3,"2,570","36","04DCP003K","C050111ZMK; C050111AZMK; N050110ZRK; N050110AZRK",,"Exhaust stack location limitations;Underground Gasoline Storage Tanks* Testing Protocol.;Window Wall Attenuation & Alternate Ventilation","3,025,700,036",994863.384,204192.471
994962.421805216,203980.418388584,5377,E-138,3,"2,570","1","04DCP003K","C050111ZMK; C050111AZMK; N050110ZRK; N050110AZRK",,"Underground Gasoline Storage Tanks* Testing Protocol.;Window Wall Attenuation & Alternate Ventilation","3,025,700,001",994962.422,203980.418
995044.905786936,204408.122011367,5376,E-138,3,"2,567","1","04DCP003K","C050111ZMK; C050111AZMK; N050110ZRK; N050110AZRK",,"Underground Gasoline Storage Tanks* Testing Protocol.;Window Wall Attenuation & Alternate Ventilation","3,025,670,001",995044.906,204408.122
995046.125696747,203950.73693195,4690,E-138,3,"2,570","30","04DCP003K","C050111ZMK; C050111AZMK; N050110ZRK; N050110AZRK",,"Underground Gasoline Storage Tanks* Testing Protocol.;Window Wall Attenuation & Alternate Ventilation","3,025,700,030",995046.126,203950.737
995137.570971776,204085.191878298,4691,E-138,3,"2,570","40","04DCP003K","C050111ZMK; C050111AZMK; N050110ZRK; N050110AZRK",,"Underground Gasoline Storage Tanks* Testing Protocol.;Window Wall Attenuation & Alternate Ventilation","3,025,700,040",995137.571,204085.192
995240.484626261,203884.636922602,6974,E-138,3,"2,570","20","04DCP003K","C050111ZMK; C050111AZMK; N050110ZRK; N050110AZRK",,"Underground Gasoline Storage Tanks* Testing Protocol.;Window Wall Attenuation & Alternate Ventilation","3,025,700,020",995240.485,203884.637
995281.455626016,203666.655346458,5384,E-138,3,"2,590","25","04DCP003K","C050111ZMK; C050111AZMK; N050110ZRK; N050110AZRK",,Underground Gasoline Storage Tanks* Testing Protocol.,"3,025,900,025",995281.456,203666.655
995468.55463022,203991.119062703,5378,E-138,3,"2,570","10","04DCP003K","C050111ZMK; C050111AZMK; N050110ZRK; N050110AZRK",,"Underground Gasoline Storage Tanks* Testing Protocol.;Window Wall Attenuation & Alternate Ventilation","3,025,700,010",995468.555,203991.119
995510.706320095,204241.300669826,5379,E-138,3,"2,570","50","04DCP003K","C050111ZMK; C050111AZMK; N050110ZRK; N050110AZRK",,"Underground Gasoline Storage Tanks* Testing Protocol.;Window Wall Attenuation & Alternate Ventilation","3,025,700,050",995510.706,204241.301
995631.626506484,203733.134249809,5383,E-138,3,"2,590","1","04DCP003K","C050111ZMK; C050111AZMK; N050110ZRK; N050110AZRK",,"Underground Gasoline Storage Tanks* Testing Protocol.;Window Wall Attenuation & Alternate Ventilation","3,025,900,001",995631.627,203733.134
995736.4343499,204236.639903771,4692,E-138,3,"2,571","1","04DCP003K","C050111ZMK; C050111AZMK; N050110ZRK; N050110AZRK",,Underground Gasoline Storage Tanks* Testing Protocol.,"3,025,710,001",995736.434,204236.640
995766.544631946,204310.312095383,4693,E-138,3,"2,571","9","04DCP003K","C050111ZMK; C050111AZMK; N050110ZRK; N050110AZRK",,Underground Gasoline Storage Tanks* Testing Protocol.,"3,025,710,009",995766.545,204310.312
995801.830897578,204039.115403807,4697,E-138,3,"2,589","5","04DCP003K","C050111ZMK; C050111AZMK; N050110ZRK; N050110AZRK",,Underground Gasoline Storage Tanks* Testing Protocol.,"3,025,890,005",995801.831,204039.115
995809.34684764,203937.872000061,5381,E-622,3,"2,589","1",21DCP010K,"N210167ZRK; C210166ZMK",,"Exhaust stack location limitations;Hazardous Materials* Phase I and Phase II Testing Protocol","3,025,890,001",995809.347,203937.872
995853.671181516,204520.621487721,4687,E-138,3,"2,568","1","04DCP003K","C050111ZMK; C050111AZMK; N050110ZRK; N050110AZRK",,Underground Gasoline Storage Tanks* Testing Protocol.,"3,025,680,001",995853.671,204520.621
995919.464258759,203701.703394096,4698,E-138,3,"2,590","215","04DCP003K","C050111ZMK; C050111AZMK; N050110ZRK; N050110AZRK",,"Underground Gasoline Storage Tanks* Testing Protocol.;Window Wall Attenuation & Alternate Ventilation","3,025,900,215",995919.464,203701.703
995939.387173906,203600.115800271,5386,E-138,3,"2,590","222","04DCP003K","C050111ZMK; C050111AZMK; N050110ZRK; N050110AZRK",,"Underground Gasoline Storage Tanks* Testing Protocol.;Window Wall Attenuation & Alternate Ventilation","3,025,900,222",995939.387,203600.116
995946.819735843,202671.703441577,6765,E-373,3,"2,282","1",16DCP065K,"N160126ZRK; C160125ZSK; C160124ZSK",,"Air Quality - HVAC fuel limited to natural gas;Exhaust stack location limitations;Window Wall Attenuation & Alternate Ventilation","3,022,820,001",995946.820,202671.703
995973.578390414,204011.450353688,5382,E-138,3,"2,589","13","04DCP003K","C050111ZMK; C050111AZMK; N050110ZRK; N050110AZRK",,Underground Gasoline Storage Tanks* Testing Protocol.,"3,025,890,013",995973.578,204011.450
995990.733844087,203806.575495017,5385,E-138,3,"2,590","210","04DCP003K","C050111ZMK; C050111AZMK; N050110ZRK; N050110AZRK",,"Underground Gasoline Storage Tanks* Testing Protocol.;Window Wall Attenuation & Alternate Ventilation","3,025,900,210",995990.734,203806.575
996138.82667511,203517.926752257,5388,E-483,3,"2,614","3",18DCP099K,"C180389ZSK; N180388ZRK; C180387ZSK",,"Exhaust stack location limitations;Hazardous Materials* Phase I and Phase II Testing Protocol;Window Wall Attenuation & Alternate Ventilation","3,026,140,003",996138.827,203517.927
996163.70093847,204488.494071282,4688,E-232,3,"2,569","2","09DCP056K",C090334ZMK,,"Hazardous Materials* Phase I and Phase II Testing Protocol;Window Wall Attenuation & Alternate Ventilation","3,025,690,002",996163.701,204488.494
996312.626428945,203582.514281937,5389,E-585,3,"2,615","1",20DCP009K,"C210139ZSK; C210138ZMK",,"No operable window and/or air intakes limitations;Hazardous Materials* Phase I and Phase II Testing Protocol;Window Wall Attenuation & Alternate Ventilation","3,026,150,001",996312.626,203582.514
996377.386962603,203431.688488425,5394,E-585,3,"2,615","50",20DCP009K,"C210139ZSK; C210138ZMK",,"No operable window and/or air intakes limitations;Hazardous Materials* Phase I and Phase II Testing Protocol;Window Wall Attenuation & Alternate Ventilation","3,026,150,050",996377.387,203431.688
996404.539962898,202567.207906227,5159,E-507,3,"2,279","34",18DCP182K,"C190085ZSK; C190084ZSK; N190083ZRK",,"Air Quality - HVAC electricity only for heating and cooling;Air Quality - HVAC natural gas for hot water only;Exhaust stack location limitations;Window Wall Attenuation & Alternate Ventilation","3,022,790,034",996404.540,202567.208
996419.001841185,203585.064731393,5390,E-585,3,"2,615","6",20DCP009K,"C210139ZSK; C210138ZMK",,"Air Quality - HVAC natural gas with low Nox only;Hazardous Materials* Phase I and Phase II Testing Protocol;Window Wall Attenuation & Alternate Ventilation","3,026,150,006",996419.002,203585.065
996462.298633782,203359.503035968,5392,E-585,3,"2,615","21",20DCP009K,"C210139ZSK; C210138ZMK",,"No operable window and/or air intakes limitations;Hazardous Materials* Phase I and Phase II Testing Protocol;Window Wall Attenuation & Alternate Ventilation","3,026,150,021",996462.299,203359.503
996483.88819599,203434.484851929,5391,E-585,3,"2,615","19",20DCP009K,"C210139ZSK; C210138ZMK",,"No operable window and/or air intakes limitations;Hazardous Materials* Phase I and Phase II Testing Protocol;Window Wall Attenuation & Alternate Ventilation","3,026,150,019",996483.888,203434.485
996497.069296982,203278.811414688,5393,E-585,3,"2,615","25",20DCP009K,"C210139ZSK; C210138ZMK",,"No operable window and/or air intakes limitations;Hazardous Materials* Phase I and Phase II Testing Protocol;Window Wall Attenuation & Alternate Ventilation","3,026,150,025",996497.069,203278.811
996535.458471389,203177.05097032,5395,E-585,3,"2,615","125",20DCP009K,"C210139ZSK; C210138ZMK",,"No operable window and/or air intakes limitations;Hazardous Materials* Phase I and Phase II Testing Protocol;Window Wall Attenuation & Alternate Ventilation","3,026,150,125",996535.458,203177.051
996670.934338583,203015.121392218,4706,E-628,3,"2,641","4",21DCP075K,"N210273ZRK; C210272ZSK",,"Air Quality - Require NYC DEP Certificate of Operation;Exhaust stack location limitations;Hazardous Materials* Phase I and Phase II Testing Protocol","3,026,410,004",996670.934,203015.121
995895.351491702,209964.827101815,7617,E-129,4,"16","7,501","04DCP011Q","C040273ZMQ; N040272ZRQ",,Underground Gasoline Storage Tanks* Testing Protocol.,"4,000,167,501",995895.351,209964.827
996356.59382542,209859.08552441,9128,E-129,4,"33","24","04DCP011Q","C040273ZMQ; N040272ZRQ",,Underground Gasoline Storage Tanks* Testing Protocol.,"4,000,330,024",996356.594,209859.086
996368.314434319,209824.346503867,9127,E-129,4,"33","21","04DCP011Q","C040273ZMQ; N040272ZRQ",,Underground Gasoline Storage Tanks* Testing Protocol.,"4,000,330,021",996368.314,209824.347
996401.089695487,210086.967018985,9126,E-129,4,"32","7,501","04DCP011Q","C040273ZMQ; N040272ZRQ",,Underground Gasoline Storage Tanks* Testing Protocol.,"4,000,327,501",996401.090,210086.967
996429.222575222,210146.624202099,9123,E-129,4,"32","28","04DCP011Q","C040273ZMQ; N040272ZRQ",,Underground Gasoline Storage Tanks* Testing Protocol.,"4,000,320,028",996429.223,210146.624
996441.964317583,210196.529127815,9124,E-129,4,"32","29","04DCP011Q","C040273ZMQ; N040272ZRQ",,Underground Gasoline Storage Tanks* Testing Protocol.,"4,000,320,029",996441.964,210196.529
996451.70622295,210235.137539879,9125,E-129,4,"32","31","04DCP011Q","C040273ZMQ; N040272ZRQ",,Underground Gasoline Storage Tanks* Testing Protocol.,"4,000,320,031",996451.706,210235.138
996526.628436421,210068.725288452,7618,E-129,4,"32","20","04DCP011Q","C040273ZMQ; N040272ZRQ",,Underground Gasoline Storage Tanks* Testing Protocol.,"4,000,320,020",996526.628,210068.725
996542.872220038,210333.155900088,9121,E-129,4,"31","7,501","04DCP011Q","C040273ZMQ; N040272ZRQ",,Underground Gasoline Storage Tanks* Testing Protocol.,"4,000,317,501",996542.872,210333.156
996648.533253048,209504.273405202,9129,E-129,4,"34","7,501","04DCP011Q","C040273ZMQ; N040272ZRQ",,Underground Gasoline Storage Tanks* Testing Protocol.,"4,000,347,501",996648.533,209504.273
996652.086058107,210599.390312152,9120,E-129,4,"30","7,501","04DCP011Q","C040273ZMQ; N040272ZRQ",,Underground Gasoline Storage Tanks* Testing Protocol.,"4,000,307,501",996652.086,210599.390
996894.304202364,209953.09963073,9122,E-65,4,"32","1",95DCP045Q,C950403ZMQ,,Window Wall Attenuation & Alternate Ventilation,"4,000,320,001",996894.304,209953.100
997535.629398242,210885.820543456,9130,E-129,4,"47","10","04DCP011Q","C040273ZMQ; N040272ZRQ",,Underground Gasoline Storage Tanks* Testing Protocol.,"4,000,470,010",997535.629,210885.821
997936.722763375,210569.238759813,9136,E-129,4,"57","18","04DCP011Q","C040273ZMQ; N040272ZRQ",,"Air Quality - Operable Window Limitations;Underground Gasoline Storage Tanks* Testing Protocol.","4,000,570,018",997936.723,210569.239
998121.447124924,209934.187826686,9139,E-335,4,"61","55",14DCP066Q,"C140275ZMQ; N140274ZRQ",,"Air Quality - HVAC fuel limited to natural gas;Exhaust stack location limitations","4,000,610,055",998121.447,209934.188
1002222.55777299,209037.539738432,9352,E-608,4,"284","6",20DCP096Q,C190260ZMQ,,"Air Quality - HVAC fuel limited to natural gas;Exhaust stack location limitations;Hazardous Materials* Phase I and Phase II Testing Protocol;Window Wall Attenuation & Alternate Ventilation","4,002,840,006",1002222.558,209037.540
1002308.97177948,208986.550856409,9351,E-608,4,"284","1",20DCP096Q,C190260ZMQ,,"Exhaust stack location limitations;Hazardous Materials* Phase I and Phase II Testing Protocol;Window Wall Attenuation & Alternate Ventilation","4,002,840,001",1002308.972,208986.551
1002309.43085124,209187.067757745,9353,E-608,4,"284","14",20DCP096Q,C190260ZMQ,,"Air Quality - HVAC fuel limited to natural gas;Exhaust stack location limitations;Hazardous Materials* Phase I and Phase II Testing Protocol;Window Wall Attenuation & Alternate Ventilation","4,002,840,014",1002309.431,209187.068
1005381.13670447,209011.764026244,9327,E-272,4,"196","1",11DCP080Q,C110207ZMQ,,"Air Quality - #2 Fuel Oil or #4 Fuel Oil or Natural Gas for HVAC systems;Exhaust stack location limitations;Window Wall Attenuation & Alternate Ventilation","4,001,960,001",1005381.137,209011.764
1005458.75197899,208896.017557284,9329,E-272,4,"197","1",11DCP080Q,C110207ZMQ,,Window Wall Attenuation & Alternate Ventilation,"4,001,970,001",1005458.752,208896.018
1005507.34880099,209106.092256812,9328,E-272,4,"196","42",11DCP080Q,C110207ZMQ,,"Air Quality - #2 Fuel Oil or #4 Fuel Oil or Natural Gas for HVAC systems;Exhaust stack location limitations;Window Wall Attenuation & Alternate Ventilation","4,001,960,042",1005507.349,209106.092
1005647.54457287,209002.879852844,9314,E-272,4,"175","7",11DCP080Q,C110207ZMQ,,"Air Quality - #2 Fuel Oil or #4 Fuel Oil or Natural Gas for HVAC systems;Exhaust stack location limitations;Window Wall Attenuation & Alternate Ventilation","4,001,750,007",1005647.545,209002.880
1005755.28457577,209060.738698402,9315,E-272,4,"175","12",11DCP080Q,C110207ZMQ,,"Air Quality - #2 Fuel Oil or #4 Fuel Oil or Natural Gas for HVAC systems;Exhaust stack location limitations;Hazardous Materials* Phase I and Phase II Testing Protocol;Window Wall Attenuation & Alternate Ventilation","4,001,750,012",1005755.285,209060.739
1005893.10765812,208822.251313538,9303,E-272,4,"173","1",11DCP080Q,C110207ZMQ,,Window Wall Attenuation & Alternate Ventilation,"4,001,730,001",1005893.108,208822.251
1006138.35187838,210291.077667984,9283,E-272,4,"162","47",11DCP080Q,C110207ZMQ,,Window Wall Attenuation & Alternate Ventilation,"4,001,620,047",1006138.352,210291.078
1006936.2240513,209860.889070367,9281,E-272,4,"152","1",11DCP080Q,C110207ZMQ,,"Air Quality - #2 Fuel Oil or #4 Fuel Oil or Natural Gas for HVAC systems;Exhaust stack location limitations","4,001,520,001",1006936.224,209860.889
1008749.37086583,209893.732990468,9809,E-163,4,"1,322","1","06DCP065Q",C060294ZMQ,,"Air Quality - HVAC fuel limited to natural gas;Underground Gasoline Storage Tanks* Testing Protocol.;Window Wall Attenuation & Alternate Ventilation","4,013,220,001",1008749.371,209893.733
1008849.08070834,209878.144977193,9810,E-163,4,"1,322","39","06DCP065Q",C060294ZMQ,,"Air Quality - HVAC fuel limited to natural gas;Underground Gasoline Storage Tanks* Testing Protocol.;Window Wall Attenuation & Alternate Ventilation","4,013,220,039",1008849.081,209878.145
1009829.53873848,209731.062083277,9811,E-163,4,"1,330","34","06DCP065Q",C060294ZMQ,,"Air Quality - HVAC fuel limited to natural gas;Underground Gasoline Storage Tanks* Testing Protocol.;Window Wall Attenuation & Alternate Ventilation","4,013,300,034",1009829.539,209731.062
1009829.53873848,209731.062083277,9812,E-70,4,"1,330","34",89-229Q,C890689ZMQ,,"Underground Gasoline Storage Tanks* Testing Protocol.;Window Wall Attenuation & Alternate Ventilation","4,013,300,034",1009829.539,209731.062
1010025.82082183,209705.162342285,9813,E-163,4,"1,334","1","06DCP065Q",C060294ZMQ,,"Air Quality - HVAC fuel limited to natural gas;Underground Gasoline Storage Tanks* Testing Protocol.;Window Wall Attenuation & Alternate Ventilation","4,013,340,001",1010025.821,209705.162
1010025.82082183,209705.162342285,9814,E-70,4,"1,334","1",89-229Q,C890689ZMQ,,"Underground Gasoline Storage Tanks* Testing Protocol.;Window Wall Attenuation & Alternate Ventilation","4,013,340,001",1010025.821,209705.162
1010188.87716109,209677.446607328,9815,E-70,4,"1,334","13",89-229Q,C890689ZMQ,,Window Wall Attenuation & Alternate Ventilation,"4,013,340,013",1010188.877,209677.447
997163.748843301,194740.995391986,5090,E-43,3,"2,240","22",89-116K,C890356ZMK,,Window Wall Attenuation & Alternate Ventilation,"3,022,400,022",997163.749,194740.995
997176.28563418,194751.644710012,4471,E-43,3,"2,240","23",89-116K,C890356ZMK,,Window Wall Attenuation & Alternate Ventilation,"3,022,400,023",997176.286,194751.645
997182.976193234,194621.812579602,5099,E-43,3,"2,240","162",89-116K,C890356ZMK,,Window Wall Attenuation & Alternate Ventilation,"3,022,400,162",997182.976,194621.813
997189.120337351,194762.547013056,4472,E-43,3,"2,240","24",89-116K,C890356ZMK,,Window Wall Attenuation & Alternate Ventilation,"3,022,400,024",997189.120,194762.547
997201.830133438,194773.342849394,4473,E-43,3,"2,240","25",89-116K,C890356ZMK,,Window Wall Attenuation & Alternate Ventilation,"3,022,400,025",997201.830,194773.343
997208.675378963,194643.642667578,4482,E-43,3,"2,240","7,502",89-116K,C890356ZMK,,Window Wall Attenuation & Alternate Ventilation,"3,022,407,502",997208.675,194643.643
997214.283835894,194783.92120899,5091,E-43,3,"2,240","26",89-116K,C890356ZMK,,Window Wall Attenuation & Alternate Ventilation,"3,022,400,026",997214.284,194783.921
997227.126616704,194794.830675569,6712,E-43,3,"2,240","7,506",89-116K,C890356ZMK,,Window Wall Attenuation & Alternate Ventilation,"3,022,407,506",997227.127,194794.831
997229.055974089,194660.954709549,4483,E-43,3,"2,240","7,503",89-116K,C890356ZMK,,Window Wall Attenuation & Alternate Ventilation,"3,022,407,503",997229.056,194660.955
997240.358627502,194806.070028443,4474,E-43,3,"2,240","28",89-116K,C890356ZMK,,Window Wall Attenuation & Alternate Ventilation,"3,022,400,028",997240.359,194806.070
997244.437897411,194674.020190959,5098,E-43,3,"2,240","159",89-116K,C890356ZMK,,Window Wall Attenuation & Alternate Ventilation,"3,022,400,159",997244.438,194674.020
997255.82077495,194819.204334356,5092,E-43,3,"2,240","29",89-116K,C890356ZMK,,Window Wall Attenuation & Alternate Ventilation,"3,022,400,029",997255.821,194819.204
997259.812505573,194687.079881623,4484,E-43,3,"2,240","7,510",89-116K,C890356ZMK,,Window Wall Attenuation & Alternate Ventilation,"3,022,407,510",997259.813,194687.080
997275.990629607,194700.822084384,5100,E-43,3,"2,240","7,505",89-116K,C890356ZMK,,Window Wall Attenuation & Alternate Ventilation,"3,022,407,505",997275.991,194700.822
997291.667386768,194714.138356871,4485,E-43,3,"2,240","7,515",89-116K,C890356ZMK,,Window Wall Attenuation & Alternate Ventilation,"3,022,407,515",997291.667,194714.138
997295.834197536,194853.193057713,6716,E-43,3,"2,240","7,512",89-116K,C890356ZMK,,"Underground Gasoline Storage Tanks* Testing Protocol.;Window Wall Attenuation & Alternate Ventilation","3,022,407,512",997295.834,194853.193
997307.034953974,194727.192347844,5097,E-43,3,"2,240","155",89-116K,C890356ZMK,,Window Wall Attenuation & Alternate Ventilation,"3,022,400,155",997307.035,194727.192
997322.354240922,194740.204976854,4481,E-43,3,"2,240","7,501",89-116K,C890356ZMK,,Window Wall Attenuation & Alternate Ventilation,"3,022,407,501",997322.354,194740.205
997325.015579727,194877.980668486,6717,E-43,3,"2,240","7,513",89-116K,C890356ZMK,,Window Wall Attenuation & Alternate Ventilation,"3,022,407,513",997325.016,194877.981
997337.174569023,194752.794144645,4480,E-43,3,"2,240","153",89-116K,C890356ZMK,,Window Wall Attenuation & Alternate Ventilation,"3,022,400,153",997337.175,194752.794
997353.59933773,194766.745319674,6711,E-43,3,"2,240","7,504",89-116K,C890356ZMK,,Window Wall Attenuation & Alternate Ventilation,"3,022,407,504",997353.599,194766.745
997355.158974293,194903.585361009,6718,E-43,3,"2,240","7,514",89-116K,C890356ZMK,,Window Wall Attenuation & Alternate Ventilation,"3,022,407,514",997355.159,194903.585
997375.932740515,194974.012168819,4475,E-43,3,"2,240","39",89-116K,C890356ZMK,,Window Wall Attenuation & Alternate Ventilation,"3,022,400,039",997375.933,194974.012
997380.453444327,194789.556503763,6713,E-43,3,"2,240","7,507",89-116K,C890356ZMK,,Window Wall Attenuation & Alternate Ventilation,"3,022,407,507",997380.453,194789.557
997392.368016347,194954.794793494,5093,E-43,3,"2,240","40",89-116K,C890356ZMK,,Window Wall Attenuation & Alternate Ventilation,"3,022,400,040",997392.368,194954.795
997410.047919004,194934.122361401,5094,E-43,3,"2,240","41",89-116K,C890356ZMK,,Window Wall Attenuation & Alternate Ventilation,"3,022,400,041",997410.048,194934.122
997417.732468559,194821.222515557,6715,E-43,3,"2,240","7,509",89-116K,C890356ZMK,,Window Wall Attenuation & Alternate Ventilation,"3,022,407,509",997417.732,194821.223
997427.289212331,194913.962298997,4476,E-43,3,"2,240","42",89-116K,C890356ZMK,,Window Wall Attenuation & Alternate Ventilation,"3,022,400,042",997427.289,194913.962
997444.199612808,194894.189607712,4477,E-43,3,"2,240","43",89-116K,C890356ZMK,,Window Wall Attenuation & Alternate Ventilation,"3,022,400,043",997444.200,194894.190
997460.431158685,194875.210617189,5095,E-43,3,"2,240","44",89-116K,C890356ZMK,,Window Wall Attenuation & Alternate Ventilation,"3,022,400,044",997460.431,194875.211
997476.659046716,194856.235375572,4478,E-43,3,"2,240","45",89-116K,C890356ZMK,,Window Wall Attenuation & Alternate Ventilation,"3,022,400,045",997476.659,194856.235
997493.88040574,194836.099057348,4479,E-43,3,"2,240","46",89-116K,C890356ZMK,,"Underground Gasoline Storage Tanks* Testing Protocol.;Window Wall Attenuation & Alternate Ventilation","3,022,400,046",997493.880,194836.099
997758.380858566,194781.40692729,5103,E-282,3,"2,245","5",10DCP001K,C100041ZMK,,"Air Quality - HVAC fuel limited to natural gas;Exhaust stack location limitations;Hazardous Materials* Phase I and Phase II Testing Protocol;Window Wall Attenuation & Alternate Ventilation","3,022,450,005",997758.381,194781.407
997777.684338064,194530.591089264,6720,E-102,3,"2,248","7,501","00DCP015K",C000109ZMK,,Underground Gasoline Storage Tanks* Testing Protocol.,"3,022,487,501",997777.684,194530.591
997819.413743977,194810.651156118,5108,E-282,3,"2,245","62",10DCP001K,C100041ZMK,,"Air Quality - HVAC fuel limited to natural gas;Exhaust stack location limitations;Hazardous Materials* Phase I and Phase II Testing Protocol;Window Wall Attenuation & Alternate Ventilation","3,022,450,062",997819.414,194810.651
998990.543818163,194531.668514186,5153,E-238,3,"2,272","6","09HPD019K",C090413ZMK,,"Air Quality - #2 Fuel Oil or Natural Gas for heating, ventilating and air conditioning systems;Exhaust stack location limitations;Hazardous Materials* Phase I and Phase II Testing Protocol","3,022,720,006",998990.544,194531.669
999043.69819053,194569.131506397,5154,E-238,3,"2,272","9","09HPD019K",C090413ZMK,,"Air Quality - #2 Fuel Oil or Natural Gas for heating, ventilating and air conditioning systems;Exhaust stack location limitations;Hazardous Materials* Phase I and Phase II Testing Protocol","3,022,720,009",999043.698,194569.132
998811.49178238,194589.444079522,6762,E-238,3,"2,269","7,502","09HPD019K",C090413ZMK,,"Air Quality - Natural Gas Heat & Hot Water;Exhaust stack location limitations;Hazardous Materials* Phase I and Phase II Testing Protocol","3,022,697,502",998811.492,194589.444
998859.585321964,194630.526239825,5152,E-238,3,"2,269","52","09HPD019K",C090413ZMK,,Air Quality - Natural Gas Heat & Hot Water,"3,022,690,052",998859.585,194630.526
998888.608269165,194655.297146379,5151,E-238,3,"2,269","51","09HPD019K",C090413ZMK,,"Air Quality - Natural Gas Heat & Hot Water;Exhaust stack location limitations;Hazardous Materials* Phase I and Phase II Testing Protocol","3,022,690,051",998888.608,194655.297
998907.624302417,194671.526683276,4520,E-238,3,"2,269","50","09HPD019K",C090413ZMK,,"Air Quality - #2 Fuel Oil or Natural Gas for heating, ventilating and air conditioning systems;Exhaust stack location limitations","3,022,690,050",998907.624,194671.527
998755.434661409,194674.440385221,6761,E-238,3,"2,269","7,501","09HPD019K",C090413ZMK,,"Air Quality - Natural Gas Heat & Hot Water;Exhaust stack location limitations;Hazardous Materials* Phase I and Phase II Testing Protocol","3,022,697,501",998755.435,194674.440
988915.359089956,194880.963976833,3885,E-83,3,"55","40",98DCP007K,C980067ZMK,,Window Wall Attenuation & Alternate Ventilation,"3,000,550,040",988915.359,194880.964
988892.844918276,194882.01284648,3886,E-83,3,"55","41",98DCP007K,C980067ZMK,,Window Wall Attenuation & Alternate Ventilation,"3,000,550,041",988892.845,194882.013
988867.84311186,194883.176042403,3887,E-83,3,"55","42",98DCP007K,C980067ZMK,,Window Wall Attenuation & Alternate Ventilation,"3,000,550,042",988867.843,194883.176
988793.037991965,194895.906746077,5549,E-83,3,"55","45",98DCP007K,C980067ZMK,,Window Wall Attenuation & Alternate Ventilation,"3,000,550,045",988793.038,194895.907
988758.250261074,194989.744694463,3883,E-83,3,"55","20",98DCP007K,C980067ZMK,,Window Wall Attenuation & Alternate Ventilation,"3,000,550,020",988758.250,194989.745
989108.175251839,195020.847693808,3888,E-126,3,"56","3","03DCP040K",C030289ZMK,,Window Wall Attenuation & Alternate Ventilation,"3,000,560,003",989108.175,195020.848
988939.458482799,195067.073950741,3884,E-83,3,"55","25",98DCP007K,C980067ZMK,,Window Wall Attenuation & Alternate Ventilation,"3,000,550,025",988939.458,195067.074
988584.650286617,195291.045586239,3865,R-19,3,"42","1","01DCP026K","010212ZMK",,,"3,000,420,001",988584.650,195291.046
988584.650286617,195291.045586239,3864,E-231,3,"42","1","09DCP053K",C090310ZMK,,Hazardous Materials* Phase I and Phase II Testing Protocol,"3,000,420,001",988584.650,195291.046
988689.96469494,195471.78392765,5542,E-231,3,"32","55","09DCP053K",C090310ZMK,,Hazardous Materials* Phase I and Phase II Testing Protocol,"3,000,320,055",988689.965,195471.784
989608.859479258,195549.440851911,3849,E-83,3,"34","8",98DCP007K,C980067ZMK,,Underground Gasoline Storage Tanks* Testing Protocol.,"3,000,340,008",989608.859,195549.441
992724.104309271,197515.949784669,5072,R-18,3,"2,134","36","01HPD011K","010615ZMK",,,"3,021,340,036",992724.104,197515.950
992738.355776114,197295.255513652,6682,R-186,3,"2,134","150","08DCP056K","080339ZMK",,,"3,021,340,150",992738.356,197295.256
992738.355776114,197295.255513652,6683,R-232,3,"2,134","150","08DCP056K","080339ZMK",,,"3,021,340,150",992738.356,197295.256
992799.193083648,197833.013505318,6680,E-161,3,"2,134","56","02DCP045K",C020518ZMK,,Window Wall Attenuation & Alternate Ventilation,"3,021,340,056",992799.193,197833.014
992799.193083648,197833.013505318,6681,R-47,3,"2,134","56","02DCP045K","020518ZMK",,,"3,021,340,056",992799.193,197833.014
992903.110235179,196578.359681889,4436,E-738,3,"2,023","10",21DCP139K,"C230296ZSK; N230295ZCK; C230294ZSK; C230293ZMK",,Air Quality - Operable Window Limitations,"3,020,230,010",992903.110,196578.360
993138.237486573,198085.910566213,4463,E-82,3,"2,129","7,507",98DCP012K,C980077ZMK,,Window Wall Attenuation & Alternate Ventilation,"3,021,297,507",993138.237,198085.911
993185.644189217,197772.964538421,6685,E-112,3,"2,135","7,508","00DCP008K",C000087ZMK,,Window Wall Attenuation & Alternate Ventilation,"3,021,357,508",993185.644,197772.965
993236.597179847,197189.591496076,5073,E-112,3,"2,135","1","00DCP008K",C000087ZMK,,Window Wall Attenuation & Alternate Ventilation,"3,021,350,001",993236.597,197189.591
993236.597179847,197189.591496076,5074,R-13,3,"2,135","1","00DCP008K","000087ZMK",,,"3,021,350,001",993236.597,197189.591
993244.727969288,196297.332854821,4464,E-91,3,"2,165","7,501",99DCP009K,C990092ZMK,,Window Wall Attenuation & Alternate Ventilation,"3,021,657,501",993244.728,196297.333
993313.667613196,196361.848078767,4465,E-91,3,"2,165","7,502",99DCP009K,C990092ZMK,,Window Wall Attenuation & Alternate Ventilation,"3,021,657,502",993313.668,196361.848
993337.230067029,198098.862841873,4462,E-82,3,"2,129","7,502",98DCP012K,C980077ZMK,,Window Wall Attenuation & Alternate Ventilation,"3,021,297,502",993337.230,198098.863
993339.377008982,196940.179574808,5075,E-91,3,"2,160","17",99DCP009K,C990092ZMK,,Window Wall Attenuation & Alternate Ventilation,"3,021,600,017",993339.377,196940.180
993373.749996059,196415.841794387,4466,E-91,3,"2,165","7,503",99DCP009K,C990092ZMK,,Window Wall Attenuation & Alternate Ventilation,"3,021,657,503",993373.750,196415.842
993103.30225759,197002.121380778,6688,E-91,3,"2,159","1",99DCP009K,C990092ZMK,,Window Wall Attenuation & Alternate Ventilation,"3,021,590,001",993103.302,197002.121
993186.710872551,196938.895715491,6689,E-91,3,"2,159","2",99DCP009K,C990092ZMK,,Window Wall Attenuation & Alternate Ventilation,"3,021,590,002",993186.711,196938.896
993369.562557134,196947.227425293,6690,E-91,3,"2,160","7,502",99DCP009K,C990092ZMK,,Window Wall Attenuation & Alternate Ventilation,"3,021,607,502",993369.563,196947.227
994422.690388509,198621.5990467,5326,E-138,3,"2,443","23","04DCP003K","C050111ZMK; C050111AZMK; N050110ZRK; N050110AZRK",,Underground Gasoline Storage Tanks* Testing Protocol.,"3,024,430,023",994422.690,198621.599
994535.969208121,198488.967713625,5327,E-138,3,"2,444","4","04DCP003K","C050111ZMK; C050111AZMK; N050110ZRK; N050110AZRK",,Underground Gasoline Storage Tanks* Testing Protocol.,"3,024,440,004",994535.969,198488.968
994540.856495941,199647.302724267,5294,E-7A,3,"2,392","4",85-271K,C850811ZMK,,Window Wall Attenuation & Alternate Ventilation,"3,023,920,004",994540.856,199647.303
994571.436607842,199693.872308795,5295,E-7A,3,"2,392","7",85-271K,C850811ZMK,,Window Wall Attenuation & Alternate Ventilation,"3,023,920,007",994571.437,199693.872
994597.426201153,199701.962844128,5296,E-7A,3,"2,392","8",85-271K,C850811ZMK,,Window Wall Attenuation & Alternate Ventilation,"3,023,920,008",994597.426,199701.963
994638.822813815,199679.405468513,5297,E-7A,3,"2,392","13",85-271K,C850811ZMK,,Window Wall Attenuation & Alternate Ventilation,"3,023,920,013",994638.823,199679.405
994683.571846029,199655.189493256,5298,E-7A,3,"2,392","15",85-271K,C850811ZMK,,Window Wall Attenuation & Alternate Ventilation,"3,023,920,015",994683.572,199655.189
994755.364449277,199616.843076175,5299,E-7A,3,"2,392","18",85-271K,C850811ZMK,,Window Wall Attenuation & Alternate Ventilation,"3,023,920,018",994755.364,199616.843
994767.877806739,197755.684732254,5070,E-82,3,"2,133","7,501",98DCP012K,C980077ZMK,,Window Wall Attenuation & Alternate Ventilation,"3,021,337,501",994767.878,197755.685
994772.306388269,199773.506291826,5286,E-7A,3,"2,380","37",85-271K,C850811ZMK,,Window Wall Attenuation & Alternate Ventilation,"3,023,800,037",994772.306,199773.506
994788.064678749,199599.401772661,5300,E-7A,3,"2,392","20",85-271K,C850811ZMK,,Window Wall Attenuation & Alternate Ventilation,"3,023,920,020",994788.065,199599.402
994793.136270676,199766.508307679,5285,E-7A,3,"2,380","36",85-271K,C850811ZMK,,Window Wall Attenuation & Alternate Ventilation,"3,023,800,036",994793.136,199766.508
994805.847026523,197804.480812406,5071,E-82,3,"2,133","7,502",98DCP012K,C980077ZMK,,Window Wall Attenuation & Alternate Ventilation,"3,021,337,502",994805.847,197804.481
994812.569038795,199757.223550524,5284,E-7A,3,"2,380","35",85-271K,C850811ZMK,,Window Wall Attenuation & Alternate Ventilation,"3,023,800,035",994812.569,199757.224
994815.903446765,199584.493876017,4603,E-7A,3,"2,392","22",85-271K,C850811ZMK,,Window Wall Attenuation & Alternate Ventilation,"3,023,920,022",994815.903,199584.494
994838.027977783,199743.664699606,5283,E-7A,3,"2,380","33",85-271K,C850811ZMK,,Window Wall Attenuation & Alternate Ventilation,"3,023,800,033",994838.028,199743.665
994838.582413296,199572.461891279,5301,E-7A,3,"2,392","23",85-271K,C850811ZMK,,Window Wall Attenuation & Alternate Ventilation,"3,023,920,023",994838.582,199572.462
994865.932852852,199731.673993889,5282,E-7A,3,"2,380","32",85-271K,C850811ZMK,,Window Wall Attenuation & Alternate Ventilation,"3,023,800,032",994865.933,199731.674
994866.521254282,199572.373274246,5302,E-7A,3,"2,392","24",85-271K,C850811ZMK,,Window Wall Attenuation & Alternate Ventilation,"3,023,920,024",994866.521,199572.373
994886.036002631,199721.34252038,5281,E-7A,3,"2,380","31",85-271K,C850811ZMK,,Window Wall Attenuation & Alternate Ventilation,"3,023,800,031",994886.036,199721.343
994904.236095943,199710.963677304,4599,E-7A,3,"2,380","30",85-271K,C850811ZMK,,Window Wall Attenuation & Alternate Ventilation,"3,023,800,030",994904.236,199710.964
994921.228321775,199701.085346525,5280,E-7A,3,"2,380","29",85-271K,C850811ZMK,,Window Wall Attenuation & Alternate Ventilation,"3,023,800,029",994921.228,199701.085
994935.771164976,198253.992081074,4620,E-138,3,"2,446","68","04DCP003K","C050111ZMK; C050111AZMK; N050110ZRK; N050110AZRK",,Underground Gasoline Storage Tanks* Testing Protocol.,"3,024,460,068",994935.771,198253.992
994939.655249369,199689.796001738,5279,E-7A,3,"2,380","28",85-271K,C850811ZMK,,Window Wall Attenuation & Alternate Ventilation,"3,023,800,028",994939.655,199689.796
994941.331687174,199765.260866496,4600,E-7A,3,"2,380","7,501",85-271K,C850811ZMK,,Window Wall Attenuation & Alternate Ventilation,"3,023,807,501",994941.332,199765.261
994958.54203843,199673.620452147,5278,E-7A,3,"2,380","26",85-271K,C850811ZMK,,Window Wall Attenuation & Alternate Ventilation,"3,023,800,026",994958.542,199673.620
994981.792262324,199662.430481343,5277,E-7A,3,"2,380","25",85-271K,C850811ZMK,,Window Wall Attenuation & Alternate Ventilation,"3,023,800,025",994981.792,199662.430
994998.222716313,199704.841455612,5276,E-7A,3,"2,380","23",85-271K,C850811ZMK,,Window Wall Attenuation & Alternate Ventilation,"3,023,800,023",994998.223,199704.841
995010.434918768,199738.752189601,5274,E-559,3,"2,380","20",20DCP072K,200158ZMK,,"Exhaust stack location limitations;Hazardous Materials* Phase I and Phase II Testing Protocol;Window Wall Attenuation & Alternate Ventilation","3,023,800,020",995010.435,199738.752
995010.434918768,199738.752189601,5275,E-7A,3,"2,380","20",85-271K,C850811ZMK,,Window Wall Attenuation & Alternate Ventilation,"3,023,800,020",995010.435,199738.752
995111.848926162,199662.389655052,5290,E-138,3,"2,381","1","04DCP003K","C050111ZMK; C050111AZMK; N050110ZRK; N050110AZRK",,"Underground Gasoline Storage Tanks* Testing Protocol.;Window Wall Attenuation & Alternate Ventilation","3,023,810,001",995111.849,199662.390
995213.230591772,199720.1872939,5246,E-138,3,"2,366","1","04DCP003K","C050111ZMK; C050111AZMK; N050110ZRK; N050110AZRK",,Underground Gasoline Storage Tanks* Testing Protocol.,"3,023,660,001",995213.231,199720.187
995374.496162025,199469.491903475,5291,E-138,3,"2,381","14","04DCP003K","C050111ZMK; C050111AZMK; N050110ZRK; N050110AZRK",,"Underground Gasoline Storage Tanks* Testing Protocol.;Window Wall Attenuation & Alternate Ventilation","3,023,810,014",995374.496,199469.492
995488.903203499,199679.009026184,4589,E-138,3,"2,366","16","04DCP003K","C050111ZMK; C050111AZMK; N050110ZRK; N050110AZRK",,Underground Gasoline Storage Tanks* Testing Protocol.,"3,023,660,016",995488.903,199679.009
994781.649323961,198309.604173948,5333,E-138,3,"2,444","28","04DCP003K","C050111ZMK; C050111AZMK; N050110ZRK; N050110AZRK",,Underground Gasoline Storage Tanks* Testing Protocol.,"3,024,440,028",994781.649,198309.604
995634.603400035,199331.505933774,6856,E-138,3,"2,382","28","04DCP003K","C050111ZMK; C050111AZMK; N050110ZRK; N050110AZRK",,"Underground Gasoline Storage Tanks* Testing Protocol.;Window Wall Attenuation & Alternate Ventilation","3,023,820,028",995634.603,199331.506
994661.058751388,199667.50323671,6865,E-7A,3,"2,392","14",85-271K,C850811ZMK,,Window Wall Attenuation & Alternate Ventilation,"3,023,920,014",994661.059,199667.503
994867.362539057,199513.661107719,6866,E-7A,3,"2,392","29",85-271K,C850811ZMK,,Window Wall Attenuation & Alternate Ventilation,"3,023,920,029",994867.363,199513.661
995213.533603824,199373.098530987,6867,E-138,3,"2,393","23","04DCP003K","C050111ZMK; C050111AZMK; N050110ZRK; N050110AZRK",,"Underground Gasoline Storage Tanks* Testing Protocol.;Window Wall Attenuation & Alternate Ventilation","3,023,930,023",995213.534,199373.099
994365.273610141,198511.577921294,6904,E-138,3,"2,443","29","04DCP003K","C050111ZMK; C050111AZMK; N050110ZRK; N050110AZRK",,Underground Gasoline Storage Tanks* Testing Protocol.,"3,024,430,029",994365.274,198511.578
994355.713907753,198479.568266561,6905,E-138,3,"2,443","30","04DCP003K","C050111ZMK; C050111AZMK; N050110ZRK; N050110AZRK",,Underground Gasoline Storage Tanks* Testing Protocol.,"3,024,430,030",994355.714,198479.568
994616.308765521,198378.298890613,6906,E-138,3,"2,444","11","04DCP003K","C050111ZMK; C050111AZMK; N050110ZRK; N050110AZRK",,Underground Gasoline Storage Tanks* Testing Protocol.,"3,024,440,011",994616.309,198378.299
993088.096305419,199758.290930825,4606,R-195,3,"2,414","1","07DCP094K",100185ZMK,,,"3,024,140,001",993088.096,199758.291
993088.096305419,199758.290930825,4605,E-337,3,"2,414","1","07DCP094K","N140136ZAK; C140135ZSK; C140134ZSK; C140133ZSK; C140132ZSK; N140131ZRK",,"Air Quality - HVAC natural gas with low Nox only;Exhaust stack location limitations;No operable window and/or air intakes limitations;Hazardous Materials* Phase I and Phase II Testing Protocol;Window Wall Attenuation & Alternate Ventilation","3,024,140,001",993088.096,199758.291
993139.536188284,199082.541829651,4614,R-195,3,"2,414","7,502","07DCP094K",100185ZMK,,,"3,024,147,502",993139.536,199082.542
993139.536188284,199082.541829651,4613,E-337,3,"2,414","7,502","07DCP094K","N140136ZAK; C140135ZSK; C140134ZSK; C140133ZSK; C140132ZSK; N140131ZRK",,"Air Quality - HVAC natural gas with low Nox only;Exhaust stack location limitations;No operable window and/or air intakes limitations;Hazardous Materials* Phase I and Phase II Testing Protocol;Window Wall Attenuation & Alternate Ventilation","3,024,147,502",993139.536,199082.542
993199.089941494,199294.167968849,4610,R-195,3,"2,414","26","07DCP094K",100185ZMK,,,"3,024,140,026",993199.090,199294.168
993199.089941494,199294.167968849,4609,E-337,3,"2,414","26","07DCP094K","N140136ZAK; C140135ZSK; C140134ZSK; C140133ZSK; C140132ZSK; N140131ZRK",,"Air Quality - HVAC natural gas with low Nox only;Exhaust stack location limitations;No operable window and/or air intakes limitations;Hazardous Materials* Phase I and Phase II Testing Protocol;Window Wall Attenuation & Alternate Ventilation","3,024,140,026",993199.090,199294.168
993279.525364879,199572.092053692,4616,R-195,3,"2,414","7,503","07DCP094K",100185ZMK,,,"3,024,147,503",993279.525,199572.092
993279.525364879,199572.092053692,4615,E-337,3,"2,414","7,503","07DCP094K","N140136ZAK; C140135ZSK; C140134ZSK; C140133ZSK; C140132ZSK; N140131ZRK",,"Air Quality - HVAC natural gas with low Nox only;Exhaust stack location limitations;No operable window and/or air intakes limitations;Hazardous Materials* Phase I and Phase II Testing Protocol;Window Wall Attenuation & Alternate Ventilation","3,024,147,503",993279.525,199572.092
993306.001733693,198981.591100569,5325,E-138,3,"2,441","107","04DCP003K","C050111ZMK; C050111AZMK; N050110ZRK; N050110AZRK",,Underground Gasoline Storage Tanks* Testing Protocol.,"3,024,410,107",993306.002,198981.591
993398.83502537,199006.985835537,5324,E-138,3,"2,441","12","04DCP003K","C050111ZMK; C050111AZMK; N050110ZRK; N050110AZRK",,Underground Gasoline Storage Tanks* Testing Protocol.,"3,024,410,012",993398.835,199006.986
993472.032333119,199434.735462421,4617,E-592,3,"2,415","1",20DCP100K,"N200307ZRK; C200306ZMK",,"Air Quality - HVAC natural gas with low Nox only;Exhaust stack location limitations;Window Wall Attenuation & Alternate Ventilation","3,024,150,001",993472.032,199434.735
993514.494975167,199606.015802609,4618,R-39,3,"2,415","10","03BSA160K",102-03BZ,,,"3,024,150,010",993514.495,199606.016
993699.435282234,199450.714365746,5304,E-261,3,"2,415","119","07DCP035K",C070245ZMK,,Hazardous Materials* Phase I and Phase II Testing Protocol,"3,024,150,119",993699.435,199450.714
993955.712082891,199427.935263498,5305,E-138,3,"2,416","7","04DCP003K","C050111ZMK; C050111AZMK; N050110ZRK; N050110AZRK",,Underground Gasoline Storage Tanks* Testing Protocol.,"3,024,160,007",993955.712,199427.935
993975.348363222,199420.945445974,5306,E-138,3,"2,416","8","04DCP003K","C050111ZMK; C050111AZMK; N050110ZRK; N050110AZRK",,"Underground Gasoline Storage Tanks* Testing Protocol.;Window Wall Attenuation & Alternate Ventilation","3,024,160,008",993975.348,199420.945
994006.269945274,199409.938674099,5308,E-138,3,"2,416","109","04DCP003K","C050111ZMK; C050111AZMK; N050110ZRK; N050110AZRK",,"Underground Gasoline Storage Tanks* Testing Protocol.;Window Wall Attenuation & Alternate Ventilation","3,024,160,109",994006.270,199409.939
994059.60792277,197993.140121067,5069,E-82,3,"2,131","11",98DCP012K,C980077ZMK,,Window Wall Attenuation & Alternate Ventilation,"3,021,310,011",994059.608,197993.140
994179.277620108,199159.934435102,4619,E-138,3,"2,416","27","04DCP003K","C050111ZMK; C050111AZMK; N050110ZRK; N050110AZRK",,"Underground Gasoline Storage Tanks* Testing Protocol.;Window Wall Attenuation & Alternate Ventilation","3,024,160,027",994179.278,199159.934
993406.875176614,198441.522619543,5334,E-82,3,"2,469","13",98DCP012K,C980077ZMK,,Window Wall Attenuation & Alternate Ventilation,"3,024,690,013",993406.875,198441.523
993447.420903188,198420.417437903,5335,E-82,3,"2,469","15",98DCP012K,C980077ZMK,,Window Wall Attenuation & Alternate Ventilation,"3,024,690,015",993447.421,198420.417
992806.524102383,198200.805494215,6674,E-82,3,"2,128","1",98DCP012K,C980077ZMK,,Window Wall Attenuation & Alternate Ventilation,"3,021,280,001",992806.524,198200.805
992830.890515363,198056.011454777,6675,E-161,3,"2,128","5","02DCP045K",C020518ZMK,,Window Wall Attenuation & Alternate Ventilation,"3,021,280,005",992830.891,198056.011
992830.890515363,198056.011454777,6676,R-47,3,"2,128","5","02DCP045K","020518ZMK",,,"3,021,280,005",992830.891,198056.011
993972.773971985,198005.973768682,6677,E-82,3,"2,131","8",98DCP012K,C980077ZMK,,"Underground Gasoline Storage Tanks* Testing Protocol.;Window Wall Attenuation & Alternate Ventilation","3,021,310,008",993972.774,198005.974
994109.296168688,197985.796393276,6678,E-82,3,"2,131","14",98DCP012K,C980077ZMK,,Window Wall Attenuation & Alternate Ventilation,"3,021,310,014",994109.296,197985.796
994134.573764742,197982.060826763,6679,E-82,3,"2,131","15",98DCP012K,C980077ZMK,,Window Wall Attenuation & Alternate Ventilation,"3,021,310,015",994134.574,197982.061
994001.936759159,199565.933852586,6871,E-138,3,"2,404","1","04DCP003K","C050111ZMK; C050111AZMK; N050110ZRK; N050110AZRK",,"Underground Gasoline Storage Tanks* Testing Protocol.;Window Wall Attenuation & Alternate Ventilation","3,024,040,001",994001.937,199565.934
994029.465015161,199632.704708219,6872,E-138,3,"2,404","5","04DCP003K","C050111ZMK; C050111AZMK; N050110ZRK; N050110AZRK",,"Underground Gasoline Storage Tanks* Testing Protocol.;Window Wall Attenuation & Alternate Ventilation","3,024,040,005",994029.465,199632.705
993514.49709854,199537.93529501,6877,E-592,3,"2,415","6",20DCP100K,"N200307ZRK; C200306ZMK",,"Air Quality - HVAC natural gas with low Nox only;Exhaust stack location limitations;Hazardous Materials* Phase I and Phase II Testing Protocol;Window Wall Attenuation & Alternate Ventilation","3,024,150,006",993514.497,199537.935
993668.539902513,199505.336750205,6878,E-261,3,"2,415","16","07DCP035K",C070245ZMK,,Hazardous Materials* Phase I and Phase II Testing Protocol,"3,024,150,016",993668.540,199505.337
993718.525822967,199514.22301131,6879,E-261,3,"2,415","19","07DCP035K",C070245ZMK,,Hazardous Materials* Phase I and Phase II Testing Protocol,"3,024,150,019",993718.526,199514.223
993817.352613255,199478.450108154,6880,E-261,3,"2,415","24","07DCP035K",C070245ZMK,,Hazardous Materials* Phase I and Phase II Testing Protocol,"3,024,150,024",993817.353,199478.450
993852.588475709,199466.011510442,6881,E-261,3,"2,415","26","07DCP035K",C070245ZMK,,Hazardous Materials* Phase I and Phase II Testing Protocol,"3,024,150,026",993852.588,199466.012
993635.497640443,199383.012612576,6882,E-261,3,"2,415","38","07DCP035K",C070245ZMK,,Hazardous Materials* Phase I and Phase II Testing Protocol,"3,024,150,038",993635.498,199383.013
993689.808676797,199399.780155953,6883,E-261,3,"2,415","136","07DCP035K",C070245ZMK,,Hazardous Materials* Phase I and Phase II Testing Protocol,"3,024,150,136",993689.809,199399.780
993990.810114364,199415.441618009,6884,E-138,3,"2,416","9","04DCP003K","C050111ZMK; C050111AZMK; N050110ZRK; N050110AZRK",,"Underground Gasoline Storage Tanks* Testing Protocol.;Window Wall Attenuation & Alternate Ventilation","3,024,160,009",993990.810,199415.442
993722.712326106,199068.262784292,6885,E-138,3,"2,428","28","04DCP003K","C050111ZMK; C050111AZMK; N050110ZRK; N050110AZRK",,Underground Gasoline Storage Tanks* Testing Protocol.,"3,024,280,028",993722.712,199068.263
993707.002588593,199073.838819296,6886,E-138,3,"2,428","29","04DCP003K","C050111ZMK; C050111AZMK; N050110ZRK; N050110AZRK",,Underground Gasoline Storage Tanks* Testing Protocol.,"3,024,280,029",993707.003,199073.839
993691.29254638,199079.414183399,6887,E-138,3,"2,428","30","04DCP003K","C050111ZMK; C050111AZMK; N050110ZRK; N050110AZRK",,Underground Gasoline Storage Tanks* Testing Protocol.,"3,024,280,030",993691.293,199079.414
993640.810042879,198940.880049289,6889,E-138,3,"2,441","24","04DCP003K","C050111ZMK; C050111AZMK; N050110ZRK; N050110AZRK",,Underground Gasoline Storage Tanks* Testing Protocol.,"3,024,410,024",993640.810,198940.880
993485.824411932,198854.288629327,6890,E-138,3,"2,441","38","04DCP003K","C050111ZMK; C050111AZMK; N050110ZRK; N050110AZRK",,Underground Gasoline Storage Tanks* Testing Protocol.,"3,024,410,038",993485.824,198854.289
993397.557372081,198888.151056251,6891,E-138,3,"2,441","41","04DCP003K","C050111ZMK; C050111AZMK; N050110ZRK; N050110AZRK",,Underground Gasoline Storage Tanks* Testing Protocol.,"3,024,410,041",993397.557,198888.151
993857.100516935,198845.105909816,6900,E-138,3,"2,442","11","04DCP003K","C050111ZMK; C050111AZMK; N050110ZRK; N050110AZRK",,Underground Gasoline Storage Tanks* Testing Protocol.,"3,024,420,011",993857.101,198845.106
994045.526436226,198820.276779951,6901,E-138,3,"2,442","21","04DCP003K","C050111ZMK; C050111AZMK; N050110ZRK; N050110AZRK",,Underground Gasoline Storage Tanks* Testing Protocol.,"3,024,420,021",994045.526,198820.277
993933.449166689,198675.643800476,6902,E-138,3,"2,442","7,501","04DCP003K","C050111ZMK; C050111AZMK; N050110ZRK; N050110AZRK",,Underground Gasoline Storage Tanks* Testing Protocol.,"3,024,427,501",993933.449,198675.644
994272.597406986,198677.85927759,6903,E-138,3,"2,443","13","04DCP003K","C050111ZMK; C050111AZMK; N050110ZRK; N050110AZRK",,Underground Gasoline Storage Tanks* Testing Protocol.,"3,024,430,013",994272.597,198677.859
994027.343538777,198303.866180848,6907,E-82,3,"2,456","40",98DCP012K,C980077ZMK,,Window Wall Attenuation & Alternate Ventilation,"3,024,560,040",994027.344,198303.866
994004.262817896,198313.577225512,6908,E-82,3,"2,456","41",98DCP012K,C980077ZMK,,Window Wall Attenuation & Alternate Ventilation,"3,024,560,041",994004.263,198313.577
993426.720010696,198429.101307411,6909,E-82,3,"2,469","14",98DCP012K,C980077ZMK,,Window Wall Attenuation & Alternate Ventilation,"3,024,690,014",993426.720,198429.101
988586.513759748,200151.369121763,224,E-582,1,"341","70",20DCP039M,M200058AZSM,,"Air Quality - HVAC natural gas with low Nox only;Air-Quality - Residential space heating must be provided by natural gas-fired Packaged Terminal Air Conditioner (PTAC);Exhaust stack location limitations;Window Wall Attenuation & Alternate Ventilation","1,003,410,070",988586.514,200151.369
994695.489322899,199828.858561842,5289,E-7A,3,"2,380","41",85-271K,C850811ZMK,,Window Wall Attenuation & Alternate Ventilation,"3,023,800,041",994695.489,199828.859
994704.449902575,199902.442694535,5266,E-7A,3,"2,380","4",85-271K,C850811ZMK,,Window Wall Attenuation & Alternate Ventilation,"3,023,800,004",994704.450,199902.443
994722.40340191,199822.481163501,5288,E-7A,3,"2,380","40",85-271K,C850811ZMK,,Window Wall Attenuation & Alternate Ventilation,"3,023,800,040",994722.403,199822.481
994742.751088413,199891.109036376,5267,E-7A,3,"2,380","8",85-271K,C850811ZMK,,Window Wall Attenuation & Alternate Ventilation,"3,023,800,008",994742.751,199891.109
994752.982006178,199783.510257736,5287,E-7A,3,"2,380","38",85-271K,C850811ZMK,,Window Wall Attenuation & Alternate Ventilation,"3,023,800,038",994752.982,199783.510
994766.48861199,199984.404136576,5232,E-7A,3,"2,365","1",85-271K,C850811ZMK,,Window Wall Attenuation & Alternate Ventilation,"3,023,650,001",994766.489,199984.404
994768.952756778,199884.001760371,5268,E-7A,3,"2,380","9",85-271K,C850811ZMK,,Window Wall Attenuation & Alternate Ventilation,"3,023,800,009",994768.953,199884.002
994778.285419045,199855.700258872,5269,E-7A,3,"2,380","10",85-271K,C850811ZMK,,Window Wall Attenuation & Alternate Ventilation,"3,023,800,010",994778.285,199855.700
994780.991757758,200001.464339359,5233,E-7A,3,"2,365","2",85-271K,C850811ZMK,,Window Wall Attenuation & Alternate Ventilation,"3,023,650,002",994780.992,200001.464
994794.377227833,200018.292068281,5234,E-7A,3,"2,365","3",85-271K,C850811ZMK,,Window Wall Attenuation & Alternate Ventilation,"3,023,650,003",994794.377,200018.292
994799.559345404,199842.570225168,5270,E-7A,3,"2,380","11",85-271K,C850811ZMK,,Window Wall Attenuation & Alternate Ventilation,"3,023,800,011",994799.559,199842.570
994812.911115933,200041.366065917,5235,E-7A,3,"2,365","4",85-271K,C850811ZMK,,Window Wall Attenuation & Alternate Ventilation,"3,023,650,004",994812.911,200041.366
994827.408139319,199828.983214924,5271,E-7A,3,"2,380","12",85-271K,C850811ZMK,,Window Wall Attenuation & Alternate Ventilation,"3,023,800,012",994827.408,199828.983
994830.431816984,199968.418221783,5245,E-7A,3,"2,365","36",85-271K,C850811ZMK,,Window Wall Attenuation & Alternate Ventilation,"3,023,650,036",994830.432,199968.418
994839.929242711,200023.353920266,5236,E-7A,3,"2,365","6",85-271K,C850811ZMK,,Window Wall Attenuation & Alternate Ventilation,"3,023,650,006",994839.929,200023.354
994851.202639517,199954.458122352,5244,E-7A,3,"2,365","35",85-271K,C850811ZMK,,Window Wall Attenuation & Alternate Ventilation,"3,023,650,035",994851.203,199954.458
994861.381661269,200009.807254378,5237,E-7A,3,"2,365","7",85-271K,C850811ZMK,,Window Wall Attenuation & Alternate Ventilation,"3,023,650,007",994861.382,200009.807
994862.180862998,199812.848231695,5272,E-7A,3,"2,380","14",85-271K,C850811ZMK,,Window Wall Attenuation & Alternate Ventilation,"3,023,800,014",994862.181,199812.848
994871.625653572,199940.731438822,5243,E-7A,3,"2,365","34",85-271K,C850811ZMK,,Window Wall Attenuation & Alternate Ventilation,"3,023,650,034",994871.626,199940.731
994882.752270406,199996.678226447,5238,E-7A,3,"2,365","8",85-271K,C850811ZMK,,Window Wall Attenuation & Alternate Ventilation,"3,023,650,008",994882.752,199996.678
994888.916283454,199796.511181332,5273,E-7A,3,"2,380","15",85-271K,C850811ZMK,,Window Wall Attenuation & Alternate Ventilation,"3,023,800,015",994888.916,199796.511
994903.756478208,199983.774537701,5239,E-7A,3,"2,365","9",85-271K,C850811ZMK,,Window Wall Attenuation & Alternate Ventilation,"3,023,650,009",994903.756,199983.775
994925.456364387,199970.443214241,4588,E-7A,3,"2,365","10",85-271K,C850811ZMK,,Window Wall Attenuation & Alternate Ventilation,"3,023,650,010",994925.456,199970.443
994958.075098912,200099.015556263,5231,E-7A,3,"2,359","31",85-271K,C850811ZMK,,Window Wall Attenuation & Alternate Ventilation,"3,023,590,031",994958.075,200099.016
994966.010663016,199907.400594468,5240,E-7A,3,"2,365","11",85-271K,C850811ZMK,,Window Wall Attenuation & Alternate Ventilation,"3,023,650,011",994966.011,199907.401
994979.408096777,200085.421280277,4585,E-7A,3,"2,359","30",85-271K,C850811ZMK,,Window Wall Attenuation & Alternate Ventilation,"3,023,590,030",994979.408,200085.421
995000.401270845,200072.043686527,5230,E-7A,3,"2,359","29",85-271K,C850811ZMK,,Window Wall Attenuation & Alternate Ventilation,"3,023,590,029",995000.401,200072.044
995022.240300289,200058.126870632,5229,E-7A,3,"2,359","28",85-271K,C850811ZMK,,Window Wall Attenuation & Alternate Ventilation,"3,023,590,028",995022.240,200058.127
995062.405704011,200032.431412363,5228,E-7A,3,"2,359","24",85-271K,C850811ZMK,,Window Wall Attenuation & Alternate Ventilation,"3,023,590,024",995062.406,200032.431
995064.752476486,199908.284936118,5241,E-7A,3,"2,365","15",85-271K,C850811ZMK,,Window Wall Attenuation & Alternate Ventilation,"3,023,650,015",995064.752,199908.285
995080.048023467,199843.721833051,5242,E-7A,3,"2,365","19",85-271K,C850811ZMK,,Window Wall Attenuation & Alternate Ventilation,"3,023,650,019",995080.048,199843.722
995104.033117404,200006.571974053,5227,E-7A,3,"2,359","23",85-271K,C850811ZMK,,Window Wall Attenuation & Alternate Ventilation,"3,023,590,023",995104.033,200006.572
995122.97171578,199994.643919427,5226,E-7A,3,"2,359","22",85-271K,C850811ZMK,,Window Wall Attenuation & Alternate Ventilation,"3,023,590,022",995122.972,199994.644
995144.038070125,199983.041670979,5225,E-7A,3,"2,359","21",85-271K,C850811ZMK,,Window Wall Attenuation & Alternate Ventilation,"3,023,590,021",995144.038,199983.042
995165.860759978,199970.124816358,5224,E-7A,3,"2,359","20",85-271K,C850811ZMK,,Window Wall Attenuation & Alternate Ventilation,"3,023,590,020",995165.861,199970.125
993392.373717414,199867.265471168,4607,E-337,3,"2,414","3","07DCP094K","N140136ZAK; C140135ZSK; C140134ZSK; C140133ZSK; C140132ZSK; N140131ZRK",,"Air Quality - HVAC natural gas with low Nox only;Exhaust stack location limitations;No operable window and/or air intakes limitations;Hazardous Materials* Phase I and Phase II Testing Protocol;Window Wall Attenuation & Alternate Ventilation","3,024,140,003",993392.374,199867.265
993392.373717414,199867.265471168,4608,R-195,3,"2,414","3","07DCP094K",100185ZMK,,,"3,024,140,003",993392.374,199867.265
993507.334172381,200118.117937944,4612,R-195,3,"2,414","7,501","07DCP094K",100185ZMK,,,"3,024,147,501",993507.334,200118.118
993507.334172381,200118.117937944,4611,E-337,3,"2,414","7,501","07DCP094K","N140136ZAK; C140135ZSK; C140134ZSK; C140133ZSK; C140132ZSK; N140131ZRK",,"Air Quality - HVAC natural gas with low Nox only;Exhaust stack location limitations;No operable window and/or air intakes limitations;Hazardous Materials* Phase I and Phase II Testing Protocol;Window Wall Attenuation & Alternate Ventilation","3,024,147,501",993507.334,200118.118
993832.435922191,200052.12061796,4602,E-138,3,"2,390","15","04DCP003K","C050111ZMK; C050111AZMK; N050110ZRK; N050110AZRK",,Underground Gasoline Storage Tanks* Testing Protocol.,"3,023,900,015",993832.436,200052.121
994020.115343801,200166.69557924,6849,E-138,3,"2,378","29","04DCP003K","C050111ZMK; C050111AZMK; N050110ZRK; N050110AZRK",,Underground Gasoline Storage Tanks* Testing Protocol.,"3,023,780,029",994020.115,200166.696
994227.303769446,200063.191661053,5264,E-138,3,"2,379","44","04DCP003K","C050111ZMK; C050111AZMK; N050110ZRK; N050110AZRK",,"Underground Gasoline Storage Tanks* Testing Protocol.;Window Wall Attenuation & Alternate Ventilation","3,023,790,044",994227.304,200063.192
994286.560577338,200039.348604219,6854,E-138,3,"2,379","40","04DCP003K","C050111ZMK; C050111AZMK; N050110ZRK; N050110AZRK",,"Underground Gasoline Storage Tanks* Testing Protocol.;Window Wall Attenuation & Alternate Ventilation","3,023,790,040",994286.561,200039.349
994306.568867886,200144.828124685,5262,E-138,3,"2,379","8","04DCP003K","C050111ZMK; C050111AZMK; N050110ZRK; N050110AZRK",,Underground Gasoline Storage Tanks* Testing Protocol.,"3,023,790,008",994306.569,200144.828
994345.610605858,200110.64754868,6852,E-138,3,"2,379","9","04DCP003K","C050111ZMK; C050111AZMK; N050110ZRK; N050110AZRK",,Underground Gasoline Storage Tanks* Testing Protocol.,"3,023,790,009",994345.611,200110.648
994392.836412049,200093.136714774,5263,E-138,3,"2,379","12","04DCP003K","C050111ZMK; C050111AZMK; N050110ZRK; N050110AZRK",,Underground Gasoline Storage Tanks* Testing Protocol.,"3,023,790,012",994392.836,200093.137
994413.816448652,200080.20842808,4598,E-138,3,"2,379","7,504","04DCP003K","C050111ZMK; C050111AZMK; N050110ZRK; N050110AZRK",,Underground Gasoline Storage Tanks* Testing Protocol.,"3,023,797,504",994413.816,200080.208
994528.804120574,200015.814633639,4597,E-138,3,"2,379","7,502","04DCP003K","C050111ZMK; C050111AZMK; N050110ZRK; N050110AZRK",,Underground Gasoline Storage Tanks* Testing Protocol.,"3,023,797,502",994528.804,200015.815
994572.817200113,200167.574805658,6819,E-138,3,"2,364","15","04DCP003K","C050111ZMK; C050111AZMK; N050110ZRK; N050110AZRK",,Underground Gasoline Storage Tanks* Testing Protocol.,"3,023,640,015",994572.817,200167.575
994585.580612287,199932.857066944,6853,E-138,3,"2,379","24","04DCP003K","C050111ZMK; C050111AZMK; N050110ZRK; N050110AZRK",,"Underground Gasoline Storage Tanks* Testing Protocol.;Window Wall Attenuation & Alternate Ventilation","3,023,790,024",994585.581,199932.857
994593.244238075,200153.432525193,6820,E-138,3,"2,364","16","04DCP003K","C050111ZMK; C050111AZMK; N050110ZRK; N050110AZRK",,Underground Gasoline Storage Tanks* Testing Protocol.,"3,023,640,016",994593.244,200153.433
994655.023012546,199840.000892508,5265,E-7A,3,"2,380","1",85-271K,C850811ZMK,,Window Wall Attenuation & Alternate Ventilation,"3,023,800,001",994655.023,199840.001
994250.085158779,200064.359638144,6855,E-138,3,"2,379","43","04DCP003K","C050111ZMK; C050111AZMK; N050110ZRK; N050110AZRK",,"Underground Gasoline Storage Tanks* Testing Protocol.;Window Wall Attenuation & Alternate Ventilation","3,023,790,043",994250.085,200064.360
993855.97783774,200043.079465165,6861,E-138,3,"2,390","16","04DCP003K","C050111ZMK; C050111AZMK; N050110ZRK; N050110AZRK",,Underground Gasoline Storage Tanks* Testing Protocol.,"3,023,900,016",993855.978,200043.079
993877.235632504,200034.915982578,6862,E-138,3,"2,390","17","04DCP003K","C050111ZMK; C050111AZMK; N050110ZRK; N050110AZRK",,Underground Gasoline Storage Tanks* Testing Protocol.,"3,023,900,017",993877.236,200034.916
994135.322466191,200200.004390234,5260,E-138,3,"2,378","21","04DCP003K","C050111ZMK; C050111AZMK; N050110ZRK; N050110AZRK",,Underground Gasoline Storage Tanks* Testing Protocol.,"3,023,780,021",994135.322,200200.004
993931.035143607,200206.552287572,6850,E-138,3,"2,378","35","04DCP003K","C050111ZMK; C050111AZMK; N050110ZRK; N050110AZRK",,Underground Gasoline Storage Tanks* Testing Protocol.,"3,023,780,035",993931.035,200206.552
994795.539360749,200215.460798072,6813,E-138,3,"2,358","22","04DCP003K","C050111ZMK; C050111AZMK; N050110ZRK; N050110AZRK",,Underground Gasoline Storage Tanks* Testing Protocol.,"3,023,580,022",994795.539,200215.461
993907.395264039,200216.154701493,5261,E-138,3,"2,378","36","04DCP003K","C050111ZMK; C050111AZMK; N050110ZRK; N050110AZRK",,Underground Gasoline Storage Tanks* Testing Protocol.,"3,023,780,036",993907.395,200216.155
993795.18793093,200240.802950252,6851,E-138,3,"2,378","40","04DCP003K","C050111ZMK; C050111AZMK; N050110ZRK; N050110AZRK",,Underground Gasoline Storage Tanks* Testing Protocol.,"3,023,780,040",993795.188,200240.803
994755.727334461,200246.379969372,5223,E-138,3,"2,358","24","04DCP003K","C050111ZMK; C050111AZMK; N050110ZRK; N050110AZRK",,Underground Gasoline Storage Tanks* Testing Protocol.,"3,023,580,024",994755.727,200246.380
994042.998235013,200296.867198608,4596,E-138,3,"2,378","14","04DCP003K","C050111ZMK; C050111AZMK; N050110ZRK; N050110AZRK",,Underground Gasoline Storage Tanks* Testing Protocol.,"3,023,780,014",994042.998,200296.867
993830.050416644,200319.283394599,6847,E-138,3,"2,378","1","04DCP003K","C050111ZMK; C050111AZMK; N050110ZRK; N050110AZRK",,Underground Gasoline Storage Tanks* Testing Protocol.,"3,023,780,001",993830.050,200319.283
993842.13776089,200341.171552447,4595,E-138,3,"2,378","2","04DCP003K","C050111ZMK; C050111AZMK; N050110ZRK; N050110AZRK",,Underground Gasoline Storage Tanks* Testing Protocol.,"3,023,780,002",993842.138,200341.172
993966.435725433,200341.275220115,6848,E-138,3,"2,378","11","04DCP003K","C050111ZMK; C050111AZMK; N050110ZRK; N050110AZRK",,Underground Gasoline Storage Tanks* Testing Protocol.,"3,023,780,011",993966.436,200341.275
994516.090104998,200426.732276356,6814,E-138,3,"2,358","36","04DCP003K","C050111ZMK; C050111AZMK; N050110ZRK; N050110AZRK",,Underground Gasoline Storage Tanks* Testing Protocol.,"3,023,580,036",994516.090,200426.732
994572.162716944,200439.80368002,6812,E-138,3,"2,358","4","04DCP003K","C050111ZMK; C050111AZMK; N050110ZRK; N050110AZRK",,Underground Gasoline Storage Tanks* Testing Protocol.,"3,023,580,004",994572.163,200439.804
994901.469871913,200448.618588419,5219,E-138,3,"2,350","26","04DCP003K","C050111ZMK; C050111AZMK; N050110ZRK; N050110AZRK",,Underground Gasoline Storage Tanks* Testing Protocol.,"3,023,500,026",994901.470,200448.619
994047.668149619,200487.352837519,6818,E-138,3,"2,363","38","04DCP003K","C050111ZMK; C050111AZMK; N050110ZRK; N050110AZRK",,Underground Gasoline Storage Tanks* Testing Protocol.,"3,023,630,038",994047.668,200487.353
994545.117480607,200503.199040214,4584,E-138,3,"2,358","1","04DCP003K","C050111ZMK; C050111AZMK; N050110ZRK; N050110AZRK",,Underground Gasoline Storage Tanks* Testing Protocol.,"3,023,580,001",994545.117,200503.199
994359.796106856,200547.905271673,4582,E-138,3,"2,357","21","04DCP003K","C050111ZMK; C050111AZMK; N050110ZRK; N050110AZRK",,Underground Gasoline Storage Tanks* Testing Protocol.,"3,023,570,021",994359.796,200547.905
994329.004622593,200571.67297088,6810,E-138,3,"2,357","22","04DCP003K","C050111ZMK; C050111AZMK; N050110ZRK; N050110AZRK",,Underground Gasoline Storage Tanks* Testing Protocol.,"3,023,570,022",994329.005,200571.673
994714.033775365,200576.3876382,4578,E-138,3,"2,350","7,501","04DCP003K","C050111ZMK; C050111AZMK; N050110ZRK; N050110AZRK",,Underground Gasoline Storage Tanks* Testing Protocol.,"3,023,507,501",994714.034,200576.388
995122.250723289,200592.219723614,4574,E-138,3,"2,342","23","04DCP003K","C050111ZMK; C050111AZMK; N050110ZRK; N050110AZRK",,Underground Gasoline Storage Tanks* Testing Protocol.,"3,023,420,023",995122.251,200592.220
993844.52750706,200594.389654335,4587,E-723,3,"2,362","1",23DCP075K,"C230289ZMK; N230288ZRK",,"Air Quality - HVAC fuel limited to natural gas;Exhaust stack location limitations;Hazardous Materials* Phase I and Phase II Testing Protocol","3,023,620,001",993844.528,200594.390
993844.52750706,200594.389654335,4586,E-636,3,"2,362","1",21DCP157K,"C220070ZSK; N220069ZAK; N220068ZAK; N220065ZAK; C220064ZSK; N220063ZRK; C220062ZMK",,"Air Quality - HVAC fuel limited to natural gas;Window Wall Attenuation & Alternate Ventilation","3,023,620,001",993844.528,200594.390
994298.462923574,200595.247975555,6811,E-138,3,"2,357","24","04DCP003K","C050111ZMK; C050111AZMK; N050110ZRK; N050110AZRK",,Underground Gasoline Storage Tanks* Testing Protocol.,"3,023,570,024",994298.463,200595.248
995088.578770665,200619.752290772,6806,E-138,3,"2,342","26","04DCP003K","C050111ZMK; C050111AZMK; N050110ZRK; N050110AZRK",,Underground Gasoline Storage Tanks* Testing Protocol.,"3,023,420,026",995088.579,200619.752
994249.567777433,200634.375548842,5222,E-138,3,"2,357","25","04DCP003K","C050111ZMK; C050111AZMK; N050110ZRK; N050110AZRK",,Underground Gasoline Storage Tanks* Testing Protocol.,"3,023,570,025",994249.568,200634.376
994765.467750349,200639.351902706,4577,E-138,3,"2,350","2","04DCP003K","C050111ZMK; C050111AZMK; N050110ZRK; N050110AZRK",,Underground Gasoline Storage Tanks* Testing Protocol.,"3,023,500,002",994765.468,200639.352
993343.286007546,200679.756631431,5259,E-636,3,"2,376","50",21DCP157K,"C220070ZSK; N220069ZAK; N220068ZAK; N220065ZAK; C220064ZSK; N220063ZRK; C220062ZMK",,Hazardous Materials* Phase I and Phase II Testing Protocol,"3,023,760,050",993343.286,200679.757
995473.2224969,200304.357515845,5215,E-138,3,"2,343","18","04DCP003K","C050111ZMK; C050111AZMK; N050110ZRK; N050110AZRK",,Underground Gasoline Storage Tanks* Testing Protocol.,"3,023,430,018",995473.222,200304.358
995454.656268407,200319.628142503,5216,E-138,3,"2,343","19","04DCP003K","C050111ZMK; C050111AZMK; N050110ZRK; N050110AZRK",,Underground Gasoline Storage Tanks* Testing Protocol.,"3,023,430,019",995454.656,200319.628
995353.022216807,200533.577058513,5214,E-138,3,"2,343","5","04DCP003K","C050111ZMK; C050111AZMK; N050110ZRK; N050110AZRK",,Underground Gasoline Storage Tanks* Testing Protocol.,"3,023,430,005",995353.022,200533.577
995536.816105313,200720.018841454,5211,E-138,3,"2,335","12","04DCP003K","C050111ZMK; C050111AZMK; N050110ZRK; N050110AZRK",,Underground Gasoline Storage Tanks* Testing Protocol.,"3,023,350,012",995536.816,200720.019
995757.331869202,200732.647015879,5205,E-138,3,"2,327","31","04DCP003K","C050111ZMK; C050111AZMK; N050110ZRK; N050110AZRK",,Underground Gasoline Storage Tanks* Testing Protocol.,"3,023,270,031",995757.332,200732.647
995505.575078553,200757.795626879,5210,E-138,3,"2,335","6","04DCP003K","C050111ZMK; C050111AZMK; N050110ZRK; N050110AZRK",,Underground Gasoline Storage Tanks* Testing Protocol.,"3,023,350,006",995505.575,200757.796
995706.60972247,200786.233161651,5206,E-138,3,"2,327","34","04DCP003K","C050111ZMK; C050111AZMK; N050110ZRK; N050110AZRK",,Underground Gasoline Storage Tanks* Testing Protocol.,"3,023,270,034",995706.610,200786.233
995256.803590731,200865.858687755,4569,E-138,3,"2,334","28","04DCP003K","C050111ZMK; C050111AZMK; N050110ZRK; N050110AZRK",,Underground Gasoline Storage Tanks* Testing Protocol.,"3,023,340,028",995256.804,200865.859
995587.870847024,200878.925327308,5195,E-138,3,"2,327","2","04DCP003K","C050111ZMK; C050111AZMK; N050110ZRK; N050110AZRK",,Underground Gasoline Storage Tanks* Testing Protocol.,"3,023,270,002",995587.871,200878.925
995750.615306055,200881.746332089,4565,E-138,3,"2,327","17","04DCP003K","C050111ZMK; C050111AZMK; N050110ZRK; N050110AZRK",,Underground Gasoline Storage Tanks* Testing Protocol.,"3,023,270,017",995750.615,200881.746
995733.544586858,200895.719880186,5203,E-764,3,"2,327","16",21DCP177K,"C230064ZMK; N230065ZRK",,"Exhaust stack location limitations;Hazardous Materials* Phase I and Phase II Testing Protocol","3,023,270,016",995733.545,200895.720
995733.544586858,200895.719880186,5202,E-138,3,"2,327","16","04DCP003K","C050111ZMK; C050111AZMK; N050110ZRK; N050110AZRK",,Underground Gasoline Storage Tanks* Testing Protocol.,"3,023,270,016",995733.545,200895.720
995718.678802844,200907.885838998,5201,E-764,3,"2,327","15",21DCP177K,"C230064ZMK; N230065ZRK",,"Exhaust stack location limitations;Hazardous Materials* Phase I and Phase II Testing Protocol","3,023,270,015",995718.679,200907.886
995703.695242991,200920.147566699,4564,E-764,3,"2,327","14",21DCP177K,"C230064ZMK; N230065ZRK",,"Exhaust stack location limitations;Hazardous Materials* Phase I and Phase II Testing Protocol","3,023,270,014",995703.695,200920.148
995688.958542068,200932.208247553,5200,E-764,3,"2,327","13",21DCP177K,"C230064ZMK; N230065ZRK",,"Exhaust stack location limitations;Hazardous Materials* Phase I and Phase II Testing Protocol","3,023,270,013",995688.959,200932.208
995582.396863047,200934.888056504,5196,E-138,3,"2,327","4","04DCP003K","C050111ZMK; C050111AZMK; N050110ZRK; N050110AZRK",,Underground Gasoline Storage Tanks* Testing Protocol.,"3,023,270,004",995582.397,200934.888
995674.107693091,200944.362045135,4563,E-764,3,"2,327","12",21DCP177K,"C230064ZMK; N230065ZRK",,"Exhaust stack location limitations;Hazardous Materials* Phase I and Phase II Testing Protocol","3,023,270,012",995674.108,200944.362
995658.043642409,200957.508181947,5199,E-764,3,"2,327","11",21DCP177K,"C230064ZMK; N230065ZRK",,"Exhaust stack location limitations;Hazardous Materials* Phase I and Phase II Testing Protocol","3,023,270,011",995658.044,200957.508
995617.399413962,200990.770723985,5198,E-764,3,"2,327","5",21DCP177K,"C230064ZMK; N230065ZRK",,"Exhaust stack location limitations;Hazardous Materials* Phase I and Phase II Testing Protocol","3,023,270,005",995617.399,200990.771
995617.399413962,200990.770723985,5197,E-138,3,"2,327","5","04DCP003K","C050111ZMK; C050111AZMK; N050110ZRK; N050110AZRK",,Underground Gasoline Storage Tanks* Testing Protocol.,"3,023,270,005",995617.399,200990.771
995332.235088464,201059.726334424,5193,E-138,3,"2,326","33","04DCP003K","C050111ZMK; C050111AZMK; N050110ZRK; N050110AZRK",,Underground Gasoline Storage Tanks* Testing Protocol.,"3,023,260,033",995332.235,201059.726
995366.227213677,201064.347240163,5192,E-138,3,"2,326","32","04DCP003K","C050111ZMK; C050111AZMK; N050110ZRK; N050110AZRK",,Underground Gasoline Storage Tanks* Testing Protocol.,"3,023,260,032",995366.227,201064.347
995339.735913498,201096.333086271,4562,E-138,3,"2,326","34","04DCP003K","C050111ZMK; C050111AZMK; N050110ZRK; N050110AZRK",,Underground Gasoline Storage Tanks* Testing Protocol.,"3,023,260,034",995339.736,201096.333
995309.465959662,201110.840531941,5194,E-138,3,"2,326","35","04DCP003K","C050111ZMK; C050111AZMK; N050110ZRK; N050110AZRK",,Underground Gasoline Storage Tanks* Testing Protocol.,"3,023,260,035",995309.466,201110.841
995412.717387479,201158.141001514,5191,E-138,3,"2,326","17","04DCP003K","C050111ZMK; C050111AZMK; N050110ZRK; N050110AZRK",,Underground Gasoline Storage Tanks* Testing Protocol.,"3,023,260,017",995412.717,201158.141
995326.192033686,200891.785894827,6800,E-138,3,"2,334","23","04DCP003K","C050111ZMK; C050111AZMK; N050110ZRK; N050110AZRK",,Underground Gasoline Storage Tanks* Testing Protocol.,"3,023,340,023",995326.192,200891.786
994203.752006492,200748.83052502,4583,E-138,3,"2,357","7,505","04DCP003K","C050111ZMK; C050111AZMK; N050110ZRK; N050110AZRK",,Underground Gasoline Storage Tanks* Testing Protocol.,"3,023,577,505",994203.752,200748.831
994575.821036236,200776.452955145,6808,E-138,3,"2,349","21","04DCP003K","C050111ZMK; C050111AZMK; N050110ZRK; N050110AZRK",,Underground Gasoline Storage Tanks* Testing Protocol.,"3,023,490,021",994575.821,200776.453
994920.349754468,200821.976764823,6805,E-138,3,"2,342","1","04DCP003K","C050111ZMK; C050111AZMK; N050110ZRK; N050110AZRK",,Underground Gasoline Storage Tanks* Testing Protocol.,"3,023,420,001",994920.350,200821.977
993572.527528626,200822.746506877,6815,E-636,3,"2,361","1",21DCP157K,"C220070ZSK; N220069ZAK; N220068ZAK; N220065ZAK; C220064ZSK; N220063ZRK; C220062ZMK",,Hazardous Materials* Phase I and Phase II Testing Protocol,"3,023,610,001",993572.528,200822.747
994590.781846028,200865.783308407,6807,E-138,3,"2,349","18","04DCP003K","C050111ZMK; C050111AZMK; N050110ZRK; N050110AZRK",,Underground Gasoline Storage Tanks* Testing Protocol.,"3,023,490,018",994590.782,200865.783
995136.405962709,200916.506704849,5208,E-138,3,"2,334","40","04DCP003K","C050111ZMK; C050111AZMK; N050110ZRK; N050110AZRK",,Underground Gasoline Storage Tanks* Testing Protocol.,"3,023,340,040",995136.406,200916.507
994480.24195915,200927.069116658,5218,E-138,3,"2,349","15","04DCP003K","C050111ZMK; C050111AZMK; N050110ZRK; N050110AZRK",,Underground Gasoline Storage Tanks* Testing Protocol.,"3,023,490,015",994480.242,200927.069
995097.782873729,200948.022892676,6801,E-138,3,"2,334","45","04DCP003K","C050111ZMK; C050111AZMK; N050110ZRK; N050110AZRK",,Underground Gasoline Storage Tanks* Testing Protocol.,"3,023,340,045",995097.783,200948.023
995058.786768059,200979.843667797,5209,E-138,3,"2,334","50","04DCP003K","C050111ZMK; C050111AZMK; N050110ZRK; N050110AZRK",,Underground Gasoline Storage Tanks* Testing Protocol.,"3,023,340,050",995058.787,200979.844
993461.344134749,201001.194861385,6817,E-636,3,"2,361","21",21DCP157K,"C220070ZSK; N220069ZAK; N220068ZAK; N220065ZAK; C220064ZSK; N220063ZRK; C220062ZMK",,Hazardous Materials* Phase I and Phase II Testing Protocol,"3,023,610,021",993461.344,201001.195
994986.402832098,201009.790253795,4568,E-138,3,"2,334","1","04DCP003K","C050111ZMK; C050111AZMK; N050110ZRK; N050110AZRK",,Underground Gasoline Storage Tanks* Testing Protocol.,"3,023,340,001",994986.403,201009.790
994677.2440369,201021.483625871,6804,E-138,3,"2,341","9","04DCP003K","C050111ZMK; C050111AZMK; N050110ZRK; N050110AZRK",,Underground Gasoline Storage Tanks* Testing Protocol.,"3,023,410,009",994677.244,201021.484
995017.832286541,201048.271117654,6798,E-138,3,"2,334","3","04DCP003K","C050111ZMK; C050111AZMK; N050110ZRK; N050110AZRK",,Underground Gasoline Storage Tanks* Testing Protocol.,"3,023,340,003",995017.832,201048.271
993519.959738903,201048.651161781,6816,E-636,3,"2,361","20",21DCP157K,"C220070ZSK; N220069ZAK; N220068ZAK; N220065ZAK; C220064ZSK; N220063ZRK; C220062ZMK",,Hazardous Materials* Phase I and Phase II Testing Protocol,"3,023,610,020",993519.960,201048.651
993534.120325696,201079.56024858,5221,E-636,3,"2,355","20",21DCP157K,"C220070ZSK; N220069ZAK; N220068ZAK; N220065ZAK; C220064ZSK; N220063ZRK; C220062ZMK",,"Air Quality - HVAC natural gas with low Nox only;Hazardous Materials* Phase I and Phase II Testing Protocol","3,023,550,020",993534.120,201079.560
993712.159925085,201119.081836916,5220,E-636,3,"2,355","1",21DCP157K,"C220070ZSK; N220069ZAK; N220068ZAK; N220065ZAK; C220064ZSK; N220063ZRK; C220062ZMK",,"Air Quality - HVAC natural gas with low Nox only;Hazardous Materials* Phase I and Phase II Testing Protocol","3,023,550,001",993712.160,201119.082
994760.078499636,201224.211857081,4567,E-138,3,"2,333","7,501","04DCP003K","C050111ZMK; C050111AZMK; N050110ZRK; N050110AZRK",,Underground Gasoline Storage Tanks* Testing Protocol.,"3,023,337,501",994760.078,201224.212
994365.054138599,201300.927334783,4572,E-138,3,"2,340","7,502","04DCP003K","C050111ZMK; C050111AZMK; N050110ZRK; N050110AZRK",,"Underground Gasoline Storage Tanks* Testing Protocol.;Window Wall Attenuation & Alternate Ventilation","3,023,407,502",994365.054,201300.927
994047.658611944,201421.658459501,4571,E-138,3,"2,340","4","04DCP003K","C050111ZMK; C050111AZMK; N050110ZRK; N050110AZRK",,"Underground Gasoline Storage Tanks* Testing Protocol.;Window Wall Attenuation & Alternate Ventilation","3,023,400,004",994047.659,201421.658
994166.488009257,201483.709046154,4573,E-138,3,"2,340","7,503","04DCP003K","C050111ZMK; C050111AZMK; N050110ZRK; N050110AZRK",,"Underground Gasoline Storage Tanks* Testing Protocol.;Window Wall Attenuation & Alternate Ventilation","3,023,407,503",994166.488,201483.709
994524.918967636,201505.315190152,4566,E-138,3,"2,332","7,501","04DCP003K","C050111ZMK; C050111AZMK; N050110ZRK; N050110AZRK",,"Exhaust stack location limitations;Underground Gasoline Storage Tanks* Testing Protocol.;Window Wall Attenuation & Alternate Ventilation","3,023,327,501",994524.919,201505.315
994970.376904109,201519.636888202,4561,E-138,3,"2,325","12","04DCP003K","C050111ZMK; C050111AZMK; N050110ZRK; N050110AZRK",,Underground Gasoline Storage Tanks* Testing Protocol.,"3,023,250,012",994970.377,201519.637
994941.041820695,201543.563605746,4560,E-138,3,"2,325","11","04DCP003K","C050111ZMK; C050111AZMK; N050110ZRK; N050110AZRK",,Underground Gasoline Storage Tanks* Testing Protocol.,"3,023,250,011",994941.042,201543.564
994663.87297221,201633.93572163,4559,E-138,3,"2,324","7,501","04DCP003K","C050111ZMK; C050111AZMK; N050110ZRK; N050110AZRK",,"Underground Gasoline Storage Tanks* Testing Protocol.;Window Wall Attenuation & Alternate Ventilation","3,023,247,501",994663.873,201633.936
995166.417301519,201902.062653826,4552,E-138,3,"2,309","7,501","04DCP003K","C050111ZMK; C050111AZMK; N050110ZRK; N050110AZRK",,Underground Gasoline Storage Tanks* Testing Protocol.,"3,023,097,501",995166.417,201902.063
994121.891865535,202124.993060177,4558,E-138,3,"2,324","60","04DCP003K","C050111ZMK; C050111AZMK; N050110ZRK; N050110AZRK",,"Underground Gasoline Storage Tanks* Testing Protocol.;Window Wall Attenuation & Alternate Ventilation","3,023,240,060",994121.892,202124.993
988916.299142295,200761.511117243,237,E-216,1,"343","66","07DCP078M","C080397AZMM; N080398AZRM",,Window Wall Attenuation & Alternate Ventilation,"1,003,430,066",988916.299,200761.511
988943.493193399,200819.350085669,236,E-216,1,"343","62","07DCP078M","C080397AZMM; N080398AZRM",,Window Wall Attenuation & Alternate Ventilation,"1,003,430,062",988943.493,200819.350
988690.394778876,201517.002258358,160,E-216,1,"344","157","07DCP078M","C080397AZMM; N080398AZRM",,Window Wall Attenuation & Alternate Ventilation,"1,003,440,157",988690.395,201517.002
988862.960443086,201613.798421761,169,E-216,1,"345","35","07DCP078M","C080397AZMM; N080398AZRM",,Window Wall Attenuation & Alternate Ventilation,"1,003,450,035",988862.960,201613.798
988866.537682747,201666.115936664,139,E-216,1,"345","7,503","07DCP078M","C080397AZMM; N080398AZRM",,Window Wall Attenuation & Alternate Ventilation,"1,003,457,503",988866.538,201666.116
988722.705545992,201687.617705818,187,E-216,1,"350","78","07DCP078M","C080397AZMM; N080398AZRM",,Air Quality - HVAC fuel limited to natural gas,"1,003,500,078",988722.706,201687.618
988772.569628069,201702.781528685,186,E-216,1,"350","73","07DCP078M","C080397AZMM; N080398AZRM",,Window Wall Attenuation & Alternate Ventilation,"1,003,500,073",988772.570,201702.782
988769.117151935,201751.468056626,185,E-216,1,"350","71","07DCP078M","C080397AZMM; N080398AZRM",,Window Wall Attenuation & Alternate Ventilation,"1,003,500,071",988769.117,201751.468
988791.856776118,201809.956395999,184,E-216,1,"350","69","07DCP078M","C080397AZMM; N080398AZRM",,Window Wall Attenuation & Alternate Ventilation,"1,003,500,069",988791.857,201809.956
988865.408831321,201941.981979875,262,E-216,1,"350","63","07DCP078M","C080397AZMM; N080398AZRM",,Window Wall Attenuation & Alternate Ventilation,"1,003,500,063",988865.409,201941.982
988878.188781189,201977.122439299,180,E-216,1,"350","61","07DCP078M","C080397AZMM; N080398AZRM",,Window Wall Attenuation & Alternate Ventilation,"1,003,500,061",988878.189,201977.122
988859.563798136,201984.564219683,179,E-216,1,"350","60","07DCP078M","C080397AZMM; N080398AZRM",,Window Wall Attenuation & Alternate Ventilation,"1,003,500,060",988859.564,201984.564
988614.146382791,201987.965258394,142,E-216,1,"350","21","07DCP078M","C080397AZMM; N080398AZRM",,"Air Quality - #2 Fuel Oil or Natural Gas Heat and Hot Water;Exhaust stack location limitations;Window Wall Attenuation & Alternate Ventilation","1,003,500,021",988614.146,201987.965
988761.839154314,202024.088414897,178,E-216,1,"350","54","07DCP078M","C080397AZMM; N080398AZRM",,"Hazardous Materials* Phase I and Phase II Testing Protocol;Window Wall Attenuation & Alternate Ventilation","1,003,500,054",988761.839,202024.088
988620.000614481,202054.790460256,263,E-216,1,"350","7,503","07DCP078M","C080397AZMM; N080398AZRM",,Window Wall Attenuation & Alternate Ventilation,"1,003,507,503",988620.001,202054.790
995766.98049414,196039.399933272,6694,E-638,3,"2,200","6",20DCP144K,"N210313ZRK; C210312ZMK",,"Exhaust stack location limitations;Hazardous Materials* Phase I and Phase II Testing Protocol;Window Wall Attenuation & Alternate Ventilation","3,022,000,006",995766.980,196039.400
997039.074110931,194635.092918684,5086,E-43,3,"2,240","12",89-116K,C890356ZMK,,Window Wall Attenuation & Alternate Ventilation,"3,022,400,012",997039.074,194635.093
997058.261593465,194651.391006866,6710,E-43,3,"2,240","13",89-116K,C890356ZMK,,Window Wall Attenuation & Alternate Ventilation,"3,022,400,013",997058.262,194651.391
997075.703390936,194666.207117959,4469,E-43,3,"2,240","15",89-116K,C890356ZMK,,Window Wall Attenuation & Alternate Ventilation,"3,022,400,015",997075.703,194666.207
997092.040377115,194680.084195177,4470,E-43,3,"2,240","16",89-116K,C890356ZMK,,Window Wall Attenuation & Alternate Ventilation,"3,022,400,016",997092.040,194680.084
997123.708232569,194706.983137359,5087,E-43,3,"2,240","18",89-116K,C890356ZMK,,Window Wall Attenuation & Alternate Ventilation,"3,022,400,018",997123.708,194706.983
997135.062913955,194581.1132478,5096,E-43,3,"2,240","71",89-116K,C890356ZMK,,Window Wall Attenuation & Alternate Ventilation,"3,022,400,071",997135.063,194581.113
997138.581473832,194719.617660263,5088,E-43,3,"2,240","20",89-116K,C890356ZMK,,Window Wall Attenuation & Alternate Ventilation,"3,022,400,020",997138.581,194719.618
997151.386154347,194730.494329412,5089,E-43,3,"2,240","21",89-116K,C890356ZMK,,Window Wall Attenuation & Alternate Ventilation,"3,022,400,021",997151.386,194730.494
997155.854624417,194598.774988316,6714,E-43,3,"2,240","7,508",89-116K,C890356ZMK,,Window Wall Attenuation & Alternate Ventilation,"3,022,407,508",997155.855,194598.775
995796.381207599,200844.296410702,5204,E-138,3,"2,327","19","04DCP003K","C050111ZMK; C050111AZMK; N050110ZRK; N050110AZRK",,Underground Gasoline Storage Tanks* Testing Protocol.,"3,023,270,019",995796.381,200844.296
995801.742292132,200043.217798923,4576,E-138,3,"2,344","7,501","04DCP003K","C050111ZMK; C050111AZMK; N050110ZRK; N050110AZRK",,Underground Gasoline Storage Tanks* Testing Protocol.,"3,023,447,501",995801.742,200043.218
995881.906387591,200116.315440367,4575,E-138,3,"2,344","16","04DCP003K","C050111ZMK; C050111AZMK; N050110ZRK; N050110AZRK",,Underground Gasoline Storage Tanks* Testing Protocol.,"3,023,440,016",995881.906,200116.315
996393.432403663,201214.879269959,4544,E-587,3,"2,305","2",20DCP067K,C210043ZMK,,Hazardous Materials* Phase I and Phase II Testing Protocol,"3,023,050,002",996393.432,201214.879
996404.802411809,201228.8002587,4545,E-587,3,"2,305","3",20DCP067K,C210043ZMK,,Hazardous Materials* Phase I and Phase II Testing Protocol,"3,023,050,003",996404.802,201228.800
996416.735813587,201243.411317832,4546,E-587,3,"2,305","4",20DCP067K,C210043ZMK,,Hazardous Materials* Phase I and Phase II Testing Protocol,"3,023,050,004",996416.736,201243.411
996444.964193641,201296.271533718,4547,E-587,3,"2,305","7",20DCP067K,C210043ZMK,,Hazardous Materials* Phase I and Phase II Testing Protocol,"3,023,050,007",996444.964,201296.272
996463.278172179,200488.562526588,5185,E-138,3,"2,321","38","04DCP003K","C050111ZMK; C050111AZMK; N050110ZRK; N050110AZRK",,Underground Gasoline Storage Tanks* Testing Protocol.,"3,023,210,038",996463.278,200488.563
996567.441572199,200936.449103484,4553,E-138,3,"2,312","22","04DCP003K","C050111ZMK; C050111AZMK; N050110ZRK; N050110AZRK",,Underground Gasoline Storage Tanks* Testing Protocol.,"3,023,120,022",996567.442,200936.449
996581.667673447,201211.69762511,4548,E-138,3,"2,305","15","04DCP003K","C050111ZMK; C050111AZMK; N050110ZRK; N050110AZRK",,Underground Gasoline Storage Tanks* Testing Protocol.,"3,023,050,015",996581.668,201211.698
996601.750533368,201195.422773175,4549,E-138,3,"2,305","16","04DCP003K","C050111ZMK; C050111AZMK; N050110ZRK; N050110AZRK",,Underground Gasoline Storage Tanks* Testing Protocol.,"3,023,050,016",996601.751,201195.423
996621.173528122,201179.682602338,4550,E-138,3,"2,305","17","04DCP003K","C050111ZMK; C050111AZMK; N050110ZRK; N050110AZRK",,Underground Gasoline Storage Tanks* Testing Protocol.,"3,023,050,017",996621.174,201179.683
996632.341799395,200703.923901688,5176,E-138,3,"2,313","29","04DCP003K","C050111ZMK; C050111AZMK; N050110ZRK; N050110AZRK",,Underground Gasoline Storage Tanks* Testing Protocol.,"3,023,130,029",996632.342,200703.924
996641.177349777,201088.132843853,4551,E-138,3,"2,305","18","04DCP003K","C050111ZMK; C050111AZMK; N050110ZRK; N050110AZRK",,Underground Gasoline Storage Tanks* Testing Protocol.,"3,023,050,018",996641.177,201088.133
996656.668605036,200812.740721718,6778,E-138,3,"2,313","1","04DCP003K","C050111ZMK; C050111AZMK; N050110ZRK; N050110AZRK",,Underground Gasoline Storage Tanks* Testing Protocol.,"3,023,130,001",996656.669,200812.741
996667.594531881,200470.059627107,5183,E-138,3,"2,321","14","04DCP003K","C050111ZMK; C050111AZMK; N050110ZRK; N050110AZRK",,Underground Gasoline Storage Tanks* Testing Protocol.,"3,023,210,014",996667.595,200470.060
996670.698613015,200672.236569078,4555,E-138,3,"2,313","7,503","04DCP003K","C050111ZMK; C050111AZMK; N050110ZRK; N050110AZRK",,Underground Gasoline Storage Tanks* Testing Protocol.,"3,023,137,503",996670.699,200672.237
996672.477167506,201342.746174962,4541,E-138,3,"2,298","29","04DCP003K","C050111ZMK; C050111AZMK; N050110ZRK; N050110AZRK",,Underground Gasoline Storage Tanks* Testing Protocol.,"3,022,980,029",996672.477,201342.746
996674.239910576,200308.158971264,5184,E-138,3,"2,321","25","04DCP003K","C050111ZMK; C050111AZMK; N050110ZRK; N050110AZRK",,Underground Gasoline Storage Tanks* Testing Protocol.,"3,023,210,025",996674.240,200308.159
996690.759252302,200656.102383179,5175,E-138,3,"2,313","26","04DCP003K","C050111ZMK; C050111AZMK; N050110ZRK; N050110AZRK",,Underground Gasoline Storage Tanks* Testing Protocol.,"3,023,130,026",996690.759,200656.102
996707.508226599,200408.055009317,4556,E-138,3,"2,321","7,501","04DCP003K","C050111ZMK; C050111AZMK; N050110ZRK; N050110AZRK",,Underground Gasoline Storage Tanks* Testing Protocol.,"3,023,217,501",996707.508,200408.055
996729.435375269,200625.002158925,5174,E-138,3,"2,313","24","04DCP003K","C050111ZMK; C050111AZMK; N050110ZRK; N050110AZRK",,Underground Gasoline Storage Tanks* Testing Protocol.,"3,023,130,024",996729.435,200625.002
996794.849747605,201373.971098484,4539,E-138,3,"2,298","13","04DCP003K","C050111ZMK; C050111AZMK; N050110ZRK; N050110AZRK",,Underground Gasoline Storage Tanks* Testing Protocol.,"3,022,980,013",996794.850,201373.971
996798.478168379,200228.542513345,5186,E-138,3,"2,322","1","04DCP003K","C050111ZMK; C050111AZMK; N050110ZRK; N050110AZRK",,Underground Gasoline Storage Tanks* Testing Protocol.,"3,023,220,001",996798.478,200228.543
996808.16524348,201231.648989166,4540,E-138,3,"2,298","21","04DCP003K","C050111ZMK; C050111AZMK; N050110ZRK; N050110AZRK",,Underground Gasoline Storage Tanks* Testing Protocol.,"3,022,980,021",996808.165,201231.649
996815.584065812,200888.857064337,6771,E-138,3,"2,306","1","04DCP003K","C050111ZMK; C050111AZMK; N050110ZRK; N050110AZRK",,Underground Gasoline Storage Tanks* Testing Protocol.,"3,023,060,001",996815.584,200888.857
996835.976665032,200620.441026671,5173,E-138,3,"2,313","13","04DCP003K","C050111ZMK; C050111AZMK; N050110ZRK; N050110AZRK",,Underground Gasoline Storage Tanks* Testing Protocol.,"3,023,130,013",996835.977,200620.441
996864.514109798,200307.855327415,5187,E-138,3,"2,322","6","04DCP003K","C050111ZMK; C050111AZMK; N050110ZRK; N050110AZRK",,Underground Gasoline Storage Tanks* Testing Protocol.,"3,023,220,006",996864.514,200307.855
996880.452530733,200966.549887415,6772,E-138,3,"2,306","9","04DCP003K","C050111ZMK; C050111AZMK; N050110ZRK; N050110AZRK",,Underground Gasoline Storage Tanks* Testing Protocol.,"3,023,060,009",996880.453,200966.550
996901.113248807,200145.723533066,5189,E-138,3,"2,322","28","04DCP003K","C050111ZMK; C050111AZMK; N050110ZRK; N050110AZRK",,Underground Gasoline Storage Tanks* Testing Protocol.,"3,023,220,028",996901.113,200145.724
996913.561169964,200809.545725899,6774,E-138,3,"2,306","27","04DCP003K","C050111ZMK; C050111AZMK; N050110ZRK; N050110AZRK",,Underground Gasoline Storage Tanks* Testing Protocol.,"3,023,060,027",996913.561,200809.546
996915.187727354,200605.423339301,4554,E-138,3,"2,313","7,501","04DCP003K","C050111ZMK; C050111AZMK; N050110ZRK; N050110AZRK",,Underground Gasoline Storage Tanks* Testing Protocol.,"3,023,137,501",996915.188,200605.423
996976.921903524,200888.046025611,6773,E-138,3,"2,306","15","04DCP003K","C050111ZMK; C050111AZMK; N050110ZRK; N050110AZRK",,Underground Gasoline Storage Tanks* Testing Protocol.,"3,023,060,015",996976.922,200888.046
996994.90393666,200202.289392754,5188,E-138,3,"2,322","10","04DCP003K","C050111ZMK; C050111AZMK; N050110ZRK; N050110AZRK",,Underground Gasoline Storage Tanks* Testing Protocol.,"3,023,220,010",996994.904,200202.289
997066.236729961,200814.941916823,5165,E-138,3,"2,306","18","04DCP003K","C050111ZMK; C050111AZMK; N050110ZRK; N050110AZRK",,Underground Gasoline Storage Tanks* Testing Protocol.,"3,023,060,018",997066.237,200814.942
996768.207967436,200593.818632735,6779,E-138,3,"2,313","22","04DCP003K","C050111ZMK; C050111AZMK; N050110ZRK; N050110AZRK",,Underground Gasoline Storage Tanks* Testing Protocol.,"3,023,130,022",996768.208,200593.819
996651.21916953,200687.907427821,6780,E-138,3,"2,313","28","04DCP003K","C050111ZMK; C050111AZMK; N050110ZRK; N050110AZRK",,Underground Gasoline Storage Tanks* Testing Protocol.,"3,023,130,028",996651.219,200687.907
996987.542228649,200413.533691098,6781,E-138,3,"2,314","1","04DCP003K","C050111ZMK; C050111AZMK; N050110ZRK; N050110AZRK",,Underground Gasoline Storage Tanks* Testing Protocol.,"3,023,140,001",996987.542,200413.534
997061.474852288,200484.036211122,6782,E-138,3,"2,314","5","04DCP003K","C050111ZMK; C050111AZMK; N050110ZRK; N050110AZRK",,Underground Gasoline Storage Tanks* Testing Protocol.,"3,023,140,005",997061.475,200484.036
996513.548065767,200485.486836141,6786,E-138,3,"2,321","36","04DCP003K","C050111ZMK; C050111AZMK; N050110ZRK; N050110AZRK",,Underground Gasoline Storage Tanks* Testing Protocol.,"3,023,210,036",996513.548,200485.487
996490.298529865,200466.553189278,6787,E-138,3,"2,321","37","04DCP003K","C050111ZMK; C050111AZMK; N050110ZRK; N050110AZRK",,Underground Gasoline Storage Tanks* Testing Protocol.,"3,023,210,037",996490.299,200466.553
996381.345615733,200032.45266537,6802,E-138,3,"2,337","20","04DCP003K","C050111ZMK; C050111AZMK; N050110ZRK; N050110AZRK",,Underground Gasoline Storage Tanks* Testing Protocol.,"3,023,370,020",996381.346,200032.453
995824.709628867,199554.702146675,4590,E-138,3,"2,367","7,501","04DCP003K","C050111ZMK; C050111AZMK; N050110ZRK; N050110AZRK",,Underground Gasoline Storage Tanks* Testing Protocol.,"3,023,677,501",995824.710,199554.702
995844.18681419,199426.045164464,5247,E-138,3,"2,367","28","04DCP003K","C050111ZMK; C050111AZMK; N050110ZRK; N050110AZRK",,Underground Gasoline Storage Tanks* Testing Protocol.,"3,023,670,028",995844.187,199426.045
995858.697075823,199816.658666348,4581,E-138,3,"2,353","7,503","04DCP003K","C050111ZMK; C050111AZMK; N050110ZRK; N050110AZRK",,Underground Gasoline Storage Tanks* Testing Protocol.,"3,023,537,503",995858.697,199816.659
995880.166285438,199479.835770894,6821,E-138,3,"2,367","27","04DCP003K","C050111ZMK; C050111AZMK; N050110ZRK; N050110AZRK",,Underground Gasoline Storage Tanks* Testing Protocol.,"3,023,670,027",995880.166,199479.836
995884.844416463,199702.347710408,4579,E-138,3,"2,353","28","04DCP003K","C050111ZMK; C050111AZMK; N050110ZRK; N050110AZRK",,Underground Gasoline Storage Tanks* Testing Protocol.,"3,023,530,028",995884.844,199702.348
995928.315815333,199714.922967675,6809,E-138,3,"2,353","26","04DCP003K","C050111ZMK; C050111AZMK; N050110ZRK; N050110AZRK",,Underground Gasoline Storage Tanks* Testing Protocol.,"3,023,530,026",995928.316,199714.923
995977.842456823,199688.487561618,4580,E-138,3,"2,353","7,502","04DCP003K","C050111ZMK; C050111AZMK; N050110ZRK; N050110AZRK",,Underground Gasoline Storage Tanks* Testing Protocol.,"3,023,537,502",995977.842,199688.488
996066.826711561,199432.511428831,5248,E-138,3,"2,368","1","04DCP003K","C050111ZMK; C050111AZMK; N050110ZRK; N050110AZRK",,Underground Gasoline Storage Tanks* Testing Protocol.,"3,023,680,001",996066.827,199432.511
996156.418798408,199465.228454083,6822,E-138,3,"2,368","12","04DCP003K","C050111ZMK; C050111AZMK; N050110ZRK; N050110AZRK",,Underground Gasoline Storage Tanks* Testing Protocol.,"3,023,680,012",996156.419,199465.228
996205.704169779,199336.137458482,6831,E-138,3,"2,368","34","04DCP003K","C050111ZMK; C050111AZMK; N050110ZRK; N050110AZRK",,Underground Gasoline Storage Tanks* Testing Protocol.,"3,023,680,034",996205.704,199336.137
996230.196305405,199325.107572079,6830,E-138,3,"2,368","33","04DCP003K","C050111ZMK; C050111AZMK; N050110ZRK; N050110AZRK",,Underground Gasoline Storage Tanks* Testing Protocol.,"3,023,680,033",996230.196,199325.108
996256.177334037,199313.822661089,6829,E-138,3,"2,368","31","04DCP003K","C050111ZMK; C050111AZMK; N050110ZRK; N050110AZRK",,Underground Gasoline Storage Tanks* Testing Protocol.,"3,023,680,031",996256.177,199313.823
996260.73401274,199415.107689424,6823,E-138,3,"2,368","18","04DCP003K","C050111ZMK; C050111AZMK; N050110ZRK; N050110AZRK",,Underground Gasoline Storage Tanks* Testing Protocol.,"3,023,680,018",996260.734,199415.108
996290.764661303,199403.576720027,6824,E-138,3,"2,368","19","04DCP003K","C050111ZMK; C050111AZMK; N050110ZRK; N050110AZRK",,Underground Gasoline Storage Tanks* Testing Protocol.,"3,023,680,019",996290.765,199403.577
996313.441295986,199304.688360818,6828,E-138,3,"2,368","28","04DCP003K","C050111ZMK; C050111AZMK; N050110ZRK; N050110AZRK",,Underground Gasoline Storage Tanks* Testing Protocol.,"3,023,680,028",996313.441,199304.688
996323.502747503,199327.590556727,4591,E-138,3,"2,368","27","04DCP003K","C050111ZMK; C050111AZMK; N050110ZRK; N050110AZRK",,Underground Gasoline Storage Tanks* Testing Protocol.,"3,023,680,027",996323.503,199327.591
996325.709967643,199383.844200548,6826,E-138,3,"2,368","22","04DCP003K","C050111ZMK; C050111AZMK; N050110ZRK; N050110AZRK",,Underground Gasoline Storage Tanks* Testing Protocol.,"3,023,680,022",996325.710,199383.844
996327.366027475,199413.521348388,6825,E-138,3,"2,368","21","04DCP003K","C050111ZMK; C050111AZMK; N050110ZRK; N050110AZRK",,Underground Gasoline Storage Tanks* Testing Protocol.,"3,023,680,021",996327.366,199413.521
996348.405227895,199341.631813861,6827,E-138,3,"2,368","26","04DCP003K","C050111ZMK; C050111AZMK; N050110ZRK; N050110AZRK",,Underground Gasoline Storage Tanks* Testing Protocol.,"3,023,680,026",996348.405,199341.632
996427.065417423,199810.194443045,4570,E-138,3,"2,338","1","04DCP003K","C050111ZMK; C050111AZMK; N050110ZRK; N050110AZRK",,Underground Gasoline Storage Tanks* Testing Protocol.,"3,023,380,001",996427.065,199810.194
996462.771474007,199272.495622754,5249,E-138,3,"2,369","4","04DCP003K","C050111ZMK; C050111AZMK; N050110ZRK; N050110AZRK",,Underground Gasoline Storage Tanks* Testing Protocol.,"3,023,690,004",996462.771,199272.496
996471.119929092,199304.138262297,5250,E-138,3,"2,369","6","04DCP003K","C050111ZMK; C050111AZMK; N050110ZRK; N050110AZRK",,Underground Gasoline Storage Tanks* Testing Protocol.,"3,023,690,006",996471.120,199304.138
996475.517019918,199324.40519821,6832,E-138,3,"2,369","7","04DCP003K","C050111ZMK; C050111AZMK; N050110ZRK; N050110AZRK",,Underground Gasoline Storage Tanks* Testing Protocol.,"3,023,690,007",996475.517,199324.405
996483.388784395,199016.772752901,5292,E-138,3,"2,384","8","04DCP003K","C050111ZMK; C050111AZMK; N050110ZRK; N050110AZRK",,Underground Gasoline Storage Tanks* Testing Protocol.,"3,023,840,008",996483.389,199016.773
996497.423281772,199526.165450637,5217,E-138,3,"2,346","26","04DCP003K","C050111ZMK; C050111AZMK; N050110ZRK; N050110AZRK",,"Underground Gasoline Storage Tanks* Testing Protocol.;Window Wall Attenuation & Alternate Ventilation","3,023,460,026",996497.423,199526.165
996568.144829356,199187.463061327,6839,E-138,3,"2,369","40","04DCP003K","C050111ZMK; C050111AZMK; N050110ZRK; N050110AZRK",,Underground Gasoline Storage Tanks* Testing Protocol.,"3,023,690,040",996568.145,199187.463
996607.197625119,199291.133097441,6833,E-138,3,"2,369","14","04DCP003K","C050111ZMK; C050111AZMK; N050110ZRK; N050110AZRK",,Underground Gasoline Storage Tanks* Testing Protocol.,"3,023,690,014",996607.198,199291.133
996648.513934696,199163.403697214,5251,E-138,3,"2,369","38","04DCP003K","C050111ZMK; C050111AZMK; N050110ZRK; N050110AZRK",,Underground Gasoline Storage Tanks* Testing Protocol.,"3,023,690,038",996648.514,199163.404
996662.441990125,199136.440861689,6835,E-138,3,"2,369","37","04DCP003K","C050111ZMK; C050111AZMK; N050110ZRK; N050110AZRK",,Underground Gasoline Storage Tanks* Testing Protocol.,"3,023,690,037",996662.442,199136.441
996753.032139246,199233.140553381,4592,E-138,3,"2,369","27","04DCP003K","C050111ZMK; C050111AZMK; N050110ZRK; N050110AZRK",,Underground Gasoline Storage Tanks* Testing Protocol.,"3,023,690,027",996753.032,199233.141
996765.927705352,199325.913109163,6834,E-138,3,"2,369","19","04DCP003K","C050111ZMK; C050111AZMK; N050110ZRK; N050110AZRK",,Underground Gasoline Storage Tanks* Testing Protocol.,"3,023,690,019",996765.928,199325.913
996586.221252877,198914.056418692,6857,E-138,3,"2,384","22","04DCP003K","C050111ZMK; C050111AZMK; N050110ZRK; N050110AZRK",,"Underground Gasoline Storage Tanks* Testing Protocol.;Window Wall Attenuation & Alternate Ventilation","3,023,840,022",996586.221,198914.056
996078.766865253,201891.770415397,4529,E-138,3,"2,296","7,501","04DCP003K","C050111ZMK; C050111AZMK; N050110ZRK; N050110AZRK",,Underground Gasoline Storage Tanks* Testing Protocol.,"3,022,967,501",996078.767,201891.770
996102.705402562,201471.024708723,4543,E-138,3,"2,304","37","04DCP003K","C050111ZMK; C050111AZMK; N050110ZRK; N050110AZRK",,Underground Gasoline Storage Tanks* Testing Protocol.,"3,023,040,037",996102.705,201471.025
996264.197226293,201470.941655069,4542,E-138,3,"2,304","15","04DCP003K","C050111ZMK; C050111AZMK; N050110ZRK; N050110AZRK",,Underground Gasoline Storage Tanks* Testing Protocol.,"3,023,040,015",996264.197,201470.942
996265.183396175,201768.708436759,4538,E-138,3,"2,297","7,501","04DCP003K","C050111ZMK; C050111AZMK; N050110ZRK; N050110AZRK",,Underground Gasoline Storage Tanks* Testing Protocol.,"3,022,977,501",996265.183,201768.708
996398.973392264,201518.499155099,4535,E-440,3,"2,297","120",17DCP021K,C170024ZMK,,Hazardous Materials* Phase I and Phase II Testing Protocol,"3,022,970,120",996398.973,201518.499
996438.77231414,201486.027082714,4534,E-440,3,"2,297","20",17DCP021K,C170024ZMK,,Hazardous Materials* Phase I and Phase II Testing Protocol,"3,022,970,020",996438.772,201486.027
996445.551568518,201513.018758813,4533,E-440,3,"2,297","19",17DCP021K,C170024ZMK,,Hazardous Materials* Phase I and Phase II Testing Protocol,"3,022,970,019",996445.552,201513.019
996456.375532898,201984.793047157,4523,E-138,3,"2,290","5","04DCP003K","C050111ZMK; C050111AZMK; N050110ZRK; N050110AZRK",,Underground Gasoline Storage Tanks* Testing Protocol.,"3,022,900,005",996456.376,201984.793
996462.046220506,201533.146146814,4532,E-440,3,"2,297","18",17DCP021K,C170024ZMK,,Hazardous Materials* Phase I and Phase II Testing Protocol,"3,022,970,018",996462.046,201533.146
996526.307581445,201611.560951262,4531,E-440,3,"2,297","14",17DCP021K,C170024ZMK,,Hazardous Materials* Phase I and Phase II Testing Protocol,"3,022,970,014",996526.308,201611.561
996528.457507549,201913.370463151,4524,E-138,3,"2,290","10","04DCP003K","C050111ZMK; C050111AZMK; N050110ZRK; N050110AZRK",,Underground Gasoline Storage Tanks* Testing Protocol.,"3,022,900,010",996528.458,201913.370
996541.292464415,201629.849227831,4530,E-440,3,"2,297","13",17DCP021K,C170024ZMK,,Hazardous Materials* Phase I and Phase II Testing Protocol,"3,022,970,013",996541.292,201629.849
996623.983132648,201850.33714375,4525,E-853,3,"2,290","15",24BSA028K,2024-31-BZ,,Hazardous Materials* Phase I and Phase II Testing Protocol,"3,022,900,015",996623.983,201850.337
996848.680608507,201600.504358495,4526,E-138,3,"2,291","1","04DCP003K","C050111ZMK; C050111AZMK; N050110ZRK; N050110AZRK",,Underground Gasoline Storage Tanks* Testing Protocol.,"3,022,910,001",996848.681,201600.504
997031.459831155,201510.228127488,4527,E-138,3,"2,291","17","04DCP003K","C050111ZMK; C050111AZMK; N050110ZRK; N050110AZRK",,Underground Gasoline Storage Tanks* Testing Protocol.,"3,022,910,017",997031.460,201510.228
997907.266525281,202481.043307549,4717,E-138,3,"2,679","46","04DCP003K","C050111ZMK; C050111AZMK; N050110ZRK; N050110AZRK",,Underground Gasoline Storage Tanks* Testing Protocol.,"3,026,790,046",997907.267,202481.043
997980.6539641,202369.352719925,4716,E-650,3,"2,679","43",21DCP078K,"N210300ZRK; C210299ZMK",,"Air Quality - HVAC fuel limited to natural gas;Exhaust stack location limitations;Hazardous Materials* Phase I and Phase II Testing Protocol;Window Wall Attenuation & Alternate Ventilation","3,026,790,043",997980.654,202369.353
996878.269142118,198297.703095766,4604,E-138,3,"2,411","1","04DCP003K","C050111ZMK; C050111AZMK; N050110ZRK; N050110AZRK",,Underground Gasoline Storage Tanks* Testing Protocol.,"3,024,110,001",996878.269,198297.703
997100.495268438,199779.49353439,6793,E-138,3,"2,331","7","04DCP003K","C050111ZMK; C050111AZMK; N050110ZRK; N050110AZRK",,Underground Gasoline Storage Tanks* Testing Protocol.,"3,023,310,007",997100.495,199779.494
997119.872085182,199763.654425703,6794,E-138,3,"2,331","8","04DCP003K","C050111ZMK; C050111AZMK; N050110ZRK; N050110AZRK",,Underground Gasoline Storage Tanks* Testing Protocol.,"3,023,310,008",997119.872,199763.654
997140.996963669,199614.062459738,6796,E-138,3,"2,331","42","04DCP003K","C050111ZMK; C050111AZMK; N050110ZRK; N050110AZRK",,Underground Gasoline Storage Tanks* Testing Protocol.,"3,023,310,042",997140.997,199614.062
997174.220469271,198706.208340669,5293,E-138,3,"2,386","7","04DCP003K","C050111ZMK; C050111AZMK; N050110ZRK; N050110AZRK",,Underground Gasoline Storage Tanks* Testing Protocol.,"3,023,860,007",997174.220,198706.208
997220.379015067,198978.093892876,5258,E-138,3,"2,374","7","04DCP003K","C050111ZMK; C050111AZMK; N050110ZRK; N050110AZRK",,Underground Gasoline Storage Tanks* Testing Protocol.,"3,023,740,007",997220.379,198978.094
997229.141841765,199616.608802496,6795,R-53,3,"2,331","20","05BSA058K",355-04BZ,,,"3,023,310,020",997229.142,199616.609
997234.716063439,199099.810457076,5255,E-138,3,"2,371","50","04DCP003K","C050111ZMK; C050111AZMK; N050110ZRK; N050110AZRK",,Underground Gasoline Storage Tanks* Testing Protocol.,"3,023,710,050",997234.716,199099.810
997321.080030923,198763.024265509,4594,E-138,3,"2,374","27","04DCP003K","C050111ZMK; C050111AZMK; N050110ZRK; N050110AZRK",,Underground Gasoline Storage Tanks* Testing Protocol.,"3,023,740,027",997321.080,198763.024
997329.812664524,199063.004702202,5254,E-138,3,"2,371","48","04DCP003K","C050111ZMK; C050111AZMK; N050110ZRK; N050110AZRK",,Underground Gasoline Storage Tanks* Testing Protocol.,"3,023,710,048",997329.813,199063.005
997403.809627924,199076.44546655,5253,E-138,3,"2,371","42","04DCP003K","C050111ZMK; C050111AZMK; N050110ZRK; N050110AZRK",,Underground Gasoline Storage Tanks* Testing Protocol.,"3,023,710,042",997403.810,199076.445
997403.703810093,199265.716296794,4593,E-138,3,"2,371","7,501","04DCP003K","C050111ZMK; C050111AZMK; N050110ZRK; N050110AZRK",,Underground Gasoline Storage Tanks* Testing Protocol.,"3,023,717,501",997403.704,199265.716
997462.30657395,199104.858827011,5252,E-138,3,"2,371","40","04DCP003K","C050111ZMK; C050111AZMK; N050110ZRK; N050110AZRK",,Underground Gasoline Storage Tanks* Testing Protocol.,"3,023,710,040",997462.307,199104.859
997589.144585747,198505.856266085,4601,E-138,3,"2,387","12","04DCP003K","C050111ZMK; C050111AZMK; N050110ZRK; N050110AZRK",,Underground Gasoline Storage Tanks* Testing Protocol.,"3,023,870,012",997589.145,198505.856
997618.266483825,199051.557131052,5256,E-138,3,"2,372","5","04DCP003K","C050111ZMK; C050111AZMK; N050110ZRK; N050110AZRK",,Underground Gasoline Storage Tanks* Testing Protocol.,"3,023,720,005",997618.266,199051.557
997631.011262232,199146.856943511,5257,E-138,3,"2,372","9","04DCP003K","C050111ZMK; C050111AZMK; N050110ZRK; N050110AZRK",,Underground Gasoline Storage Tanks* Testing Protocol.,"3,023,720,009",997631.011,199146.857
997710.832874264,199735.139071237,5443,E-232,3,"2,751","4","09DCP056K",C090334ZMK,,"Hazardous Materials* Phase I and Phase II Testing Protocol;Window Wall Attenuation & Alternate Ventilation","3,027,510,004",997710.833,199735.139
997778.347693224,199238.9533833,4786,E-232,3,"2,761","5","09DCP056K",C090334ZMK,,"Hazardous Materials* Phase I and Phase II Testing Protocol;Window Wall Attenuation & Alternate Ventilation","3,027,610,005",997778.348,199238.953
997908.69487068,199331.490900689,4787,E-232,3,"2,761","17","09DCP056K",C090334ZMK,,"Air Quality - #2 Fuel Oil or Natural Gas Heat and Hot Water;Exhaust stack location limitations;Hazardous Materials* Phase I and Phase II Testing Protocol;Window Wall Attenuation & Alternate Ventilation","3,027,610,017",997908.695,199331.491
997933.496847228,199333.042169274,5464,E-232,3,"2,761","18","09DCP056K",C090334ZMK,,"Air Quality - #2 Fuel Oil or Natural Gas Heat and Hot Water;Exhaust stack location limitations;Hazardous Materials* Phase I and Phase II Testing Protocol;Window Wall Attenuation & Alternate Ventilation","3,027,610,018",997933.497,199333.042
997963.019160313,198410.635758803,4811,E-232,3,"2,779","46","09DCP056K",C090334ZMK,,"Hazardous Materials* Phase I and Phase II Testing Protocol;Window Wall Attenuation & Alternate Ventilation","3,027,790,046",997963.019,198410.636
997608.51251089,198953.395485487,6840,E-138,3,"2,372","1","04DCP003K","C050111ZMK; C050111AZMK; N050110ZRK; N050110AZRK",,Underground Gasoline Storage Tanks* Testing Protocol.,"3,023,720,001",997608.513,198953.395
997185.177339446,198882.133077885,6841,E-138,3,"2,374","1","04DCP003K","C050111ZMK; C050111AZMK; N050110ZRK; N050110AZRK",,Underground Gasoline Storage Tanks* Testing Protocol.,"3,023,740,001",997185.177,198882.133
997284.556462009,198803.692168418,6842,E-138,3,"2,374","28","04DCP003K","C050111ZMK; C050111AZMK; N050110ZRK; N050110AZRK",,Underground Gasoline Storage Tanks* Testing Protocol.,"3,023,740,028",997284.556,198803.692
997494.83943087,198836.883650032,6843,E-138,3,"2,375","5","04DCP003K","C050111ZMK; C050111AZMK; N050110ZRK; N050110AZRK",,Underground Gasoline Storage Tanks* Testing Protocol.,"3,023,750,005",997494.839,198836.884
997551.988205849,198809.277671153,6844,E-138,3,"2,375","10","04DCP003K","C050111ZMK; C050111AZMK; N050110ZRK; N050110AZRK",,Underground Gasoline Storage Tanks* Testing Protocol.,"3,023,750,010",997551.988,198809.278
997602.087594302,198785.076856349,6845,E-138,3,"2,375","12","04DCP003K","C050111ZMK; C050111AZMK; N050110ZRK; N050110AZRK",,Underground Gasoline Storage Tanks* Testing Protocol.,"3,023,750,012",997602.088,198785.077
997663.611705675,198714.070040311,6846,E-138,3,"2,375","16","04DCP003K","C050111ZMK; C050111AZMK; N050110ZRK; N050110AZRK",,Underground Gasoline Storage Tanks* Testing Protocol.,"3,023,750,016",997663.612,198714.070
997397.097066091,198580.340232425,6858,E-138,3,"2,387","2","04DCP003K","C050111ZMK; C050111AZMK; N050110ZRK; N050110AZRK",,Underground Gasoline Storage Tanks* Testing Protocol.,"3,023,870,002",997397.097,198580.340
997448.884904249,198573.191032459,6859,E-138,3,"2,387","6","04DCP003K","C050111ZMK; C050111AZMK; N050110ZRK; N050110AZRK",,Underground Gasoline Storage Tanks* Testing Protocol.,"3,023,870,006",997448.885,198573.191
997518.454489916,198539.792818238,6860,E-138,3,"2,387","7","04DCP003K","C050111ZMK; C050111AZMK; N050110ZRK; N050110AZRK",,Underground Gasoline Storage Tanks* Testing Protocol.,"3,023,870,007",997518.454,198539.793
997288.316513578,198340.750716033,6869,E-138,3,"2,399","1","04DCP003K","C050111ZMK; C050111AZMK; N050110ZRK; N050110AZRK",,Underground Gasoline Storage Tanks* Testing Protocol.,"3,023,990,001",997288.317,198340.751
997415.115030187,198322.612930819,6870,E-138,3,"2,399","8","04DCP003K","C050111ZMK; C050111AZMK; N050110ZRK; N050110AZRK",,Underground Gasoline Storage Tanks* Testing Protocol.,"3,023,990,008",997415.115,198322.613
997713.354959981,199788.495456729,7098,E-232,3,"2,751","5","09DCP056K",C090334ZMK,,"Hazardous Materials* Phase I and Phase II Testing Protocol;Window Wall Attenuation & Alternate Ventilation","3,027,510,005",997713.355,199788.495
997784.761002587,199188.31675399,7101,E-232,3,"2,761","3","09DCP056K",C090334ZMK,,"Hazardous Materials* Phase I and Phase II Testing Protocol;Window Wall Attenuation & Alternate Ventilation","3,027,610,003",997784.761,199188.317
997770.901274021,199280.740354597,7102,E-232,3,"2,761","6","09DCP056K",C090334ZMK,,"Hazardous Materials* Phase I and Phase II Testing Protocol;Window Wall Attenuation & Alternate Ventilation","3,027,610,006",997770.901,199280.740
997859.637982391,199303.907196108,7103,E-232,3,"2,761","15","09DCP056K",C090334ZMK,,"Air Quality - #2 Fuel Oil or Natural Gas Heat and Hot Water;Exhaust stack location limitations;Hazardous Materials* Phase I and Phase II Testing Protocol;Window Wall Attenuation & Alternate Ventilation","3,027,610,015",997859.638,199303.907
997883.625827153,199329.923446773,7104,E-232,3,"2,761","16","09DCP056K",C090334ZMK,,"Air Quality - #2 Fuel Oil or Natural Gas Heat and Hot Water;Exhaust stack location limitations;Hazardous Materials* Phase I and Phase II Testing Protocol;Window Wall Attenuation & Alternate Ventilation","3,027,610,016",997883.626,199329.923
997796.502611931,198877.456359396,7107,E-232,3,"2,767","1","09DCP056K",C090334ZMK,,"Hazardous Materials* Phase I and Phase II Testing Protocol;Window Wall Attenuation & Alternate Ventilation","3,027,670,001",997796.503,198877.456
997821.537160891,198931.667478552,7108,E-232,3,"2,767","3","09DCP056K",C090334ZMK,,"Hazardous Materials* Phase I and Phase II Testing Protocol;Window Wall Attenuation & Alternate Ventilation","3,027,670,003",997821.537,198931.667
997818.956186641,198957.036406341,7109,E-232,3,"2,767","4","09DCP056K",C090334ZMK,,"Hazardous Materials* Phase I and Phase II Testing Protocol;Window Wall Attenuation & Alternate Ventilation","3,027,670,004",997818.956,198957.036
997843.166611707,198699.364805366,7111,E-232,3,"2,773","5","09DCP056K",C090334ZMK,,"Hazardous Materials* Phase I and Phase II Testing Protocol;Window Wall Attenuation & Alternate Ventilation","3,027,730,005",997843.167,198699.365
997840.721122775,198724.20929316,7112,E-232,3,"2,773","6","09DCP056K",C090334ZMK,,"Hazardous Materials* Phase I and Phase II Testing Protocol;Window Wall Attenuation & Alternate Ventilation","3,027,730,006",997840.721,198724.209
997838.485797351,198746.91654592,7113,E-232,3,"2,773","7","09DCP056K",C090334ZMK,,"Hazardous Materials* Phase I and Phase II Testing Protocol;Window Wall Attenuation & Alternate Ventilation","3,027,730,007",997838.486,198746.917
997833.720598231,198784.758114542,7114,E-232,3,"2,773","8","09DCP056K",C090334ZMK,,"Hazardous Materials* Phase I and Phase II Testing Protocol;Window Wall Attenuation & Alternate Ventilation","3,027,730,008",997833.721,198784.758
997868.309846478,198463.641813465,7116,E-232,3,"2,779","1","09DCP056K",C090334ZMK,,"Hazardous Materials* Phase I and Phase II Testing Protocol;Window Wall Attenuation & Alternate Ventilation","3,027,790,001",997868.310,198463.642
997865.178524589,198488.246085727,7117,E-232,3,"2,779","2","09DCP056K",C090334ZMK,,"Hazardous Materials* Phase I and Phase II Testing Protocol;Window Wall Attenuation & Alternate Ventilation","3,027,790,002",997865.179,198488.246
997853.541602111,198513.666082245,7118,E-232,3,"2,779","3","09DCP056K",C090334ZMK,,"Hazardous Materials* Phase I and Phase II Testing Protocol;Window Wall Attenuation & Alternate Ventilation","3,027,790,003",997853.542,198513.666
997865.959714726,198537.539256381,7119,E-232,3,"2,779","4","09DCP056K",C090334ZMK,,"Hazardous Materials* Phase I and Phase II Testing Protocol;Window Wall Attenuation & Alternate Ventilation","3,027,790,004",997865.960,198537.539
997918.442358986,198405.050533157,7122,E-232,3,"2,779","48","09DCP056K",C090334ZMK,,"Hazardous Materials* Phase I and Phase II Testing Protocol;Window Wall Attenuation & Alternate Ventilation","3,027,790,048",997918.442,198405.051
997893.686105482,198401.948649516,7123,E-232,3,"2,779","49","09DCP056K",C090334ZMK,,"Hazardous Materials* Phase I and Phase II Testing Protocol;Window Wall Attenuation & Alternate Ventilation","3,027,790,049",997893.686,198401.949
997153.211827899,200613.838796524,6777,E-138,3,"2,307","38","04DCP003K","C050111ZMK; C050111AZMK; N050110ZRK; N050110AZRK",,Underground Gasoline Storage Tanks* Testing Protocol.,"3,023,070,038",997153.212,200613.839
997195.752119284,201249.859059744,6769,E-138,3,"2,292","29","04DCP003K","C050111ZMK; C050111AZMK; N050110ZRK; N050110AZRK",,Underground Gasoline Storage Tanks* Testing Protocol.,"3,022,920,029",997195.752,201249.859
997249.266265078,201338.72718187,4528,E-138,3,"2,292","11","04DCP003K","C050111ZMK; C050111AZMK; N050110ZRK; N050110AZRK",,Underground Gasoline Storage Tanks* Testing Protocol.,"3,022,920,011",997249.266,201338.727
997285.719398094,199934.359778592,4557,E-138,3,"2,323","7,503","04DCP003K","C050111ZMK; C050111AZMK; N050110ZRK; N050110AZRK",,Underground Gasoline Storage Tanks* Testing Protocol.,"3,023,237,503",997285.719,199934.360
997302.443424192,200492.173360077,6776,E-138,3,"2,307","27","04DCP003K","C050111ZMK; C050111AZMK; N050110ZRK; N050110AZRK",,Underground Gasoline Storage Tanks* Testing Protocol.,"3,023,070,027",997302.443,200492.173
997307.192774207,201291.502158015,6768,E-138,3,"2,292","14","04DCP003K","C050111ZMK; C050111AZMK; N050110ZRK; N050110AZRK",,Underground Gasoline Storage Tanks* Testing Protocol.,"3,022,920,014",997307.193,201291.502
997315.303832586,200594.906754552,5166,E-138,3,"2,307","1","04DCP003K","C050111ZMK; C050111AZMK; N050110ZRK; N050110AZRK",,Underground Gasoline Storage Tanks* Testing Protocol.,"3,023,070,001",997315.304,200594.907
997329.228943063,200794.367750927,6770,E-138,3,"2,300","26","04DCP003K","C050111ZMK; C050111AZMK; N050110ZRK; N050110AZRK",,Underground Gasoline Storage Tanks* Testing Protocol.,"3,023,000,026",997329.229,200794.368
997360.063332189,200445.198304455,6775,E-138,3,"2,307","25","04DCP003K","C050111ZMK; C050111AZMK; N050110ZRK; N050110AZRK",,Underground Gasoline Storage Tanks* Testing Protocol.,"3,023,070,025",997360.063,200445.198
997435.97199735,200701.497137652,5163,E-138,3,"2,300","20","04DCP003K","C050111ZMK; C050111AZMK; N050110ZRK; N050110AZRK",,Underground Gasoline Storage Tanks* Testing Protocol.,"3,023,000,020",997435.972,200701.497
997534.78903205,201115.790221311,5415,E-138,3,"2,721","7,501","04DCP003K","C050111ZMK; C050111AZMK; N050110ZRK; N050110AZRK",,Underground Gasoline Storage Tanks* Testing Protocol.,"3,027,217,501",997534.789,201115.790
997636.911909629,200339.000988163,5435,E-138,3,"2,741","7,501","04DCP003K","C050111ZMK; C050111AZMK; N050110ZRK; N050110AZRK",,Underground Gasoline Storage Tanks* Testing Protocol.,"3,027,417,501",997636.912,200339.001
997742.117245369,201045.854756226,5417,E-138,3,"2,721","7,503","04DCP003K","C050111ZMK; C050111AZMK; N050110ZRK; N050110AZRK",,"Exhaust stack location limitations;Underground Gasoline Storage Tanks* Testing Protocol.","3,027,217,503",997742.117,201045.855
997818.342313213,200742.840419993,4733,E-138,3,"2,731","38","04DCP003K","C050111ZMK; C050111AZMK; N050110ZRK; N050110AZRK",,Underground Gasoline Storage Tanks* Testing Protocol.,"3,027,310,038",997818.342,200742.840
997885.569954022,201106.261497603,5416,E-138,3,"2,721","7,502","04DCP003K","C050111ZMK; C050111AZMK; N050110ZRK; N050110AZRK",,"Exhaust stack location limitations;Underground Gasoline Storage Tanks* Testing Protocol.","3,027,217,502",997885.570,201106.261
997886.919071754,200768.625800251,5421,E-138,3,"2,731","7,501","04DCP003K","C050111ZMK; C050111AZMK; N050110ZRK; N050110AZRK",,Underground Gasoline Storage Tanks* Testing Protocol.,"3,027,317,501",997886.919,200768.626
997919.067245081,201163.034635484,5418,E-138,3,"2,721","7,504","04DCP003K","C050111ZMK; C050111AZMK; N050110ZRK; N050110AZRK",,"Exhaust stack location limitations;Underground Gasoline Storage Tanks* Testing Protocol.","3,027,217,504",997919.067,201163.035
997477.470185547,200200.312813523,6783,E-138,3,"2,315","14","04DCP003K","C050111ZMK; C050111AZMK; N050110ZRK; N050110AZRK",,Underground Gasoline Storage Tanks* Testing Protocol.,"3,023,150,014",997477.470,200200.313
997503.448859848,200057.328488111,6784,E-138,3,"2,315","21","04DCP003K","C050111ZMK; C050111AZMK; N050110ZRK; N050110AZRK",,Underground Gasoline Storage Tanks* Testing Protocol.,"3,023,150,021",997503.449,200057.328
997614.876765911,200786.811162904,7075,E-138,3,"2,731","1","04DCP003K","C050111ZMK; C050111AZMK; N050110ZRK; N050110AZRK",,Underground Gasoline Storage Tanks* Testing Protocol.,"3,027,310,001",997614.877,200786.811
997791.120446638,200768.172851115,7077,E-138,3,"2,731","41","04DCP003K","C050111ZMK; C050111AZMK; N050110ZRK; N050110AZRK",,Underground Gasoline Storage Tanks* Testing Protocol.,"3,027,310,041",997791.120,200768.173
997724.229260356,200748.16912447,7078,E-138,3,"2,731","44","04DCP003K","C050111ZMK; C050111AZMK; N050110ZRK; N050110AZRK",,Underground Gasoline Storage Tanks* Testing Protocol.,"3,027,310,044",997724.229,200748.169
997654.718026031,200537.614978318,7083,E-138,3,"2,736","1","04DCP003K","C050111ZMK; C050111AZMK; N050110ZRK; N050110AZRK",,Underground Gasoline Storage Tanks* Testing Protocol.,"3,027,360,001",997654.718,200537.615
997943.380411007,200616.161909536,7084,E-138,3,"2,736","20","04DCP003K","C050111ZMK; C050111AZMK; N050110ZRK; N050110AZRK",,"No operable window and/or air intakes limitations;Underground Gasoline Storage Tanks* Testing Protocol.","3,027,360,020",997943.380,200616.162
997993.83887079,200622.263079844,7085,E-138,3,"2,736","23","04DCP003K","C050111ZMK; C050111AZMK; N050110ZRK; N050110AZRK",,"No operable window and/or air intakes limitations;Underground Gasoline Storage Tanks* Testing Protocol.","3,027,360,023",997993.839,200622.263
997791.091588335,200274.488303025,7089,E-138,3,"2,741","13","04DCP003K","C050111ZMK; C050111AZMK; N050110ZRK; N050110AZRK",,Underground Gasoline Storage Tanks* Testing Protocol.,"3,027,410,013",997791.092,200274.488
997839.991323633,200340.067264903,7090,E-138,3,"2,741","15","04DCP003K","C050111ZMK; C050111AZMK; N050110ZRK; N050110AZRK",,Underground Gasoline Storage Tanks* Testing Protocol.,"3,027,410,015",997839.991,200340.067
997927.007196115,200357.768376978,7091,E-138,3,"2,741","19","04DCP003K","C050111ZMK; C050111AZMK; N050110ZRK; N050110AZRK",,Underground Gasoline Storage Tanks* Testing Protocol.,"3,027,410,019",997927.007,200357.768
997738.072905208,200239.188765447,7092,E-138,3,"2,741","47","04DCP003K","C050111ZMK; C050111AZMK; N050110ZRK; N050110AZRK",,Underground Gasoline Storage Tanks* Testing Protocol.,"3,027,410,047",997738.073,200239.189
997646.163474477,200264.242920613,7093,E-138,3,"2,741","7,502","04DCP003K","C050111ZMK; C050111AZMK; N050110ZRK; N050110AZRK",,Underground Gasoline Storage Tanks* Testing Protocol.,"3,027,417,502",997646.163,200264.243
997945.930131809,199989.614620597,7097,E-138,3,"2,746","42","04DCP003K","C050111ZMK; C050111AZMK; N050110ZRK; N050110AZRK",,Underground Gasoline Storage Tanks* Testing Protocol.,"3,027,460,042",997945.930,199989.615
997890.149866885,194870.337963434,5107,R-211,3,"2,245","58",10DCP001K,100041ZMK,,,"3,022,450,058",997890.150,194870.338
997890.149866885,194870.337963434,5106,E-282,3,"2,245","58",10DCP001K,C100041ZMK,,"Air Quality - HVAC fuel limited to natural gas;Exhaust stack location limitations;Window Wall Attenuation & Alternate Ventilation","3,022,450,058",997890.150,194870.338
997904.15400545,195015.648936895,5109,E-282,3,"2,245","108",10DCP001K,C100041ZMK,,"Air Quality - HVAC fuel limited to natural gas;Exhaust stack location limitations;Hazardous Materials* Phase I and Phase II Testing Protocol;Window Wall Attenuation & Alternate Ventilation","3,022,450,108",997904.154,195015.649
997947.010541722,194919.4590266,5104,E-282,3,"2,245","55",10DCP001K,C100041ZMK,,"Air Quality - HVAC fuel limited to natural gas;Exhaust stack location limitations;Window Wall Attenuation & Alternate Ventilation","3,022,450,055",997947.011,194919.459
997947.010541722,194919.4590266,5105,R-211,3,"2,245","55",10DCP001K,100041ZMK,,,"3,022,450,055",997947.011,194919.459
997980.99999143,194976.241131575,5110,E-282,3,"2,245","154",10DCP001K,C100041ZMK,,"Air Quality - HVAC fuel limited to natural gas;Exhaust stack location limitations;Hazardous Materials* Phase I and Phase II Testing Protocol;Window Wall Attenuation & Alternate Ventilation","3,022,450,154",997981.000,194976.241
998093.922077524,195005.655049009,4490,E-238,3,"2,245","149","09HPD019K",C090413ZMK,,"Air Quality - #4 Fuel Oil for space heating and hot water systems;Window Wall Attenuation & Alternate Ventilation","3,022,450,149",998093.922,195005.655
998116.501405918,195502.057516761,4487,E-238,3,"2,242","3","09HPD019K",C090413ZMK,,"Air Quality - Natural Gas Heat & Hot Water;Exhaust stack location limitations;Hazardous Materials* Phase I and Phase II Testing Protocol","3,022,420,003",998116.501,195502.058
998118.279423619,194781.008409899,5111,E-427,3,"2,249","23",15DCP117K,"C150278ZMK; N150277ZRK",,"Air Quality - HVAC fuel limited to natural gas;Exhaust stack location limitations;Hazardous Materials* Phase I and Phase II Testing Protocol;Window Wall Attenuation & Alternate Ventilation","3,022,490,023",998118.279,194781.008
998130.256982997,195409.563326426,4486,E-238,3,"2,242","2","09HPD019K",C090413ZMK,,"Air Quality - Natural Gas Heat & Hot Water;Exhaust stack location limitations;Hazardous Materials* Phase I and Phase II Testing Protocol","3,022,420,002",998130.257,195409.563
998149.740764984,195838.032903001,4468,E-238,3,"2,238","49","09HPD019K",C090413ZMK,,"Air Quality - Natural Gas Heat & Hot Water;Exhaust stack location limitations;Hazardous Materials* Phase I and Phase II Testing Protocol","3,022,380,049",998149.741,195838.033
998221.776829935,195508.084546581,4489,E-238,3,"2,242","54","09HPD019K",C090413ZMK,,"Air Quality - Natural Gas Heat & Hot Water;Hazardous Materials* Phase I and Phase II Testing Protocol","3,022,420,054",998221.777,195508.085
998245.466221109,195528.244471846,4488,E-238,3,"2,242","53","09HPD019K",C090413ZMK,,"Air Quality - Natural Gas Heat & Hot Water;Hazardous Materials* Phase I and Phase II Testing Protocol","3,022,420,053",998245.466,195528.244
998281.052811086,195912.023619168,5084,E-238,3,"2,238","41","09HPD019K",C090413ZMK,,"Air Quality - #4 Fuel Oil for space heating and hot water systems;Hazardous Materials* Phase I and Phase II Testing Protocol;Window Wall Attenuation & Alternate Ventilation","3,022,380,041",998281.053,195912.024
998353.603077039,195620.269648957,5102,E-238,3,"2,242","46","09HPD019K",C090413ZMK,,"Air Quality - Natural Gas Heat & Hot Water;Exhaust stack location limitations;Hazardous Materials* Phase I and Phase II Testing Protocol","3,022,420,046",998353.603,195620.270
998380.932155073,195643.526847971,5101,E-238,3,"2,242","45","09HPD019K",C090413ZMK,,"Air Quality - Natural Gas Heat & Hot Water;Exhaust stack location limitations;Hazardous Materials* Phase I and Phase II Testing Protocol","3,022,420,045",998380.932,195643.527
998396.779553085,195096.350624741,5113,E-238,3,"2,250","7","09HPD019K",C090413ZMK,,"Air Quality - Natural Gas Heat & Hot Water;Exhaust stack location limitations;Hazardous Materials* Phase I and Phase II Testing Protocol","3,022,500,007",998396.780,195096.351
998413.359517692,195076.976613141,5112,E-238,3,"2,250","6","09HPD019K",C090413ZMK,,"Air Quality - Natural Gas Heat & Hot Water;Exhaust stack location limitations;Hazardous Materials* Phase I and Phase II Testing Protocol","3,022,500,006",998413.360,195076.977
998380.199649501,195115.724880502,5114,E-238,3,"2,250","8","09HPD019K",C090413ZMK,,"Air Quality - Natural Gas Heat & Hot Water;Exhaust stack location limitations;Hazardous Materials* Phase I and Phase II Testing Protocol","3,022,500,008",998380.200,195115.725
998471.452843351,195143.469817454,5115,E-238,3,"2,250","10","09HPD019K",C090413ZMK,,"Air Quality - Natural Gas Heat & Hot Water;Exhaust stack location limitations;Hazardous Materials* Phase I and Phase II Testing Protocol;Window Wall Attenuation & Alternate Ventilation","3,022,500,010",998471.453,195143.470
998471.452843351,195143.469817454,5116,R-15,3,"2,250","10","02DCP013K","010719ZMK",,,"3,022,500,010",998471.453,195143.470
998576.700035241,195233.169722758,5117,E-238,3,"2,250","14","09HPD019K",C090413ZMK,,"Air Quality - Natural Gas Heat & Hot Water;Exhaust stack location limitations;Hazardous Materials* Phase I and Phase II Testing Protocol;Window Wall Attenuation & Alternate Ventilation","3,022,500,014",998576.700,195233.170
998604.660897903,195122.700249669,5130,E-238,3,"2,250","46","09HPD019K",C090413ZMK,,"Air Quality - Natural Gas Heat & Hot Water;Exhaust stack location limitations;Hazardous Materials* Phase I and Phase II Testing Protocol;Window Wall Attenuation & Alternate Ventilation","3,022,500,046",998604.661,195122.700
998633.137337259,194850.355447049,5138,E-238,3,"2,266","1","09HPD019K",C090413ZMK,,"Air Quality - Natural Gas Heat & Hot Water;Exhaust stack location limitations;Hazardous Materials* Phase I and Phase II Testing Protocol;Window Wall Attenuation & Alternate Ventilation","3,022,660,001",998633.137,194850.355
998596.346741174,194927.05988878,5139,E-238,3,"2,266","9","09HPD019K",C090413ZMK,,"Air Quality - Natural Gas Heat & Hot Water;Exhaust stack location limitations;Hazardous Materials* Phase I and Phase II Testing Protocol;Window Wall Attenuation & Alternate Ventilation","3,022,660,009",998596.347,194927.060
998281.264347294,195692.653591327,6719,E-238,3,"2,242","22","09HPD019K",C090413ZMK,,"Air Quality - Natural Gas Heat & Hot Water;Hazardous Materials* Phase I and Phase II Testing Protocol","3,022,420,022",998281.264,195692.654
998119.766044785,194692.822895768,6721,E-427,3,"2,249","122",15DCP117K,"C150278ZMK; N150277ZRK",,"Air Quality - HVAC fuel limited to natural gas;Exhaust stack location limitations;Hazardous Materials* Phase I and Phase II Testing Protocol;Window Wall Attenuation & Alternate Ventilation","3,022,490,122",998119.766,194692.823
998437.909376927,195048.289387717,6722,E-238,3,"2,250","4","09HPD019K",C090413ZMK,,"Air Quality - Natural Gas Heat & Hot Water;Exhaust stack location limitations;Hazardous Materials* Phase I and Phase II Testing Protocol;Window Wall Attenuation & Alternate Ventilation","3,022,500,004",998437.909,195048.289
998437.909376927,195048.289387717,6723,R-15,3,"2,250","4","02DCP013K","010719ZMK",,,"3,022,500,004",998437.909,195048.289
998576.103411529,195098.378987093,6725,E-238,3,"2,250","48","09HPD019K",C090413ZMK,,"Air Quality - Natural Gas Heat & Hot Water;Exhaust stack location limitations;Hazardous Materials* Phase I and Phase II Testing Protocol;Window Wall Attenuation & Alternate Ventilation","3,022,500,048",998576.103,195098.379
998484.798130432,194732.83236024,6751,E-427,3,"2,265","7,501",15DCP117K,"C150278ZMK; N150277ZRK",,"Air Quality - HVAC fuel limited to natural gas;Exhaust stack location limitations;Hazardous Materials* Phase I and Phase II Testing Protocol;Window Wall Attenuation & Alternate Ventilation","3,022,657,501",998484.798,194732.832
998382.998328002,194646.303519638,6752,E-427,3,"2,265","7,502",15DCP117K,"C150278ZMK; N150277ZRK",,"Air Quality - HVAC fuel limited to natural gas;Exhaust stack location limitations;Hazardous Materials* Phase I and Phase II Testing Protocol;Window Wall Attenuation & Alternate Ventilation","3,022,657,502",998382.998,194646.304
998281.19578267,194559.77190484,6753,E-427,3,"2,265","7,503",15DCP117K,"C150278ZMK; N150277ZRK",,"Air Quality - HVAC fuel limited to natural gas;Exhaust stack location limitations;Hazardous Materials* Phase I and Phase II Testing Protocol;Window Wall Attenuation & Alternate Ventilation","3,022,657,503",998281.196,194559.772
997976.193786047,197631.768701483,4823,E-232,3,"3,022","3","09DCP056K",C090334ZMK,,"Hazardous Materials* Phase I and Phase II Testing Protocol;Window Wall Attenuation & Alternate Ventilation","3,030,220,003",997976.194,197631.769
998188.999978395,198260.448279823,5499,E-232,3,"2,785","21","09DCP056K",C090334ZMK,,"Hazardous Materials* Phase I and Phase II Testing Protocol;Window Wall Attenuation & Alternate Ventilation","3,027,850,021",998189.000,198260.448
998313.787211235,198276.087972288,5501,E-232,3,"2,785","26","09DCP056K",C090334ZMK,,"Hazardous Materials* Phase I and Phase II Testing Protocol;Window Wall Attenuation & Alternate Ventilation","3,027,850,026",998313.787,198276.088
998714.563160321,198326.058583559,4815,E-232,3,"2,786","20","09DCP056K",C090334ZMK,,"Hazardous Materials* Phase I and Phase II Testing Protocol;Window Wall Attenuation & Alternate Ventilation","3,027,860,020",998714.563,198326.059
999226.681837977,198391.392863796,5502,E-232,3,"2,787","21","09DCP056K",C090334ZMK,,"Hazardous Materials* Phase I and Phase II Testing Protocol;Window Wall Attenuation & Alternate Ventilation","3,027,870,021",999226.682,198391.393
998209.587707368,198442.052267484,5482,E-232,3,"2,779","35","09DCP056K",C090334ZMK,,"Air Quality - #2 Fuel Oil or Natural Gas Heat and Hot Water;Exhaust stack location limitations;Hazardous Materials* Phase I and Phase II Testing Protocol;Window Wall Attenuation & Alternate Ventilation","3,027,790,035",998209.588,198442.052
998231.883057812,198444.799023014,5481,E-232,3,"2,779","34","09DCP056K",C090334ZMK,,"Air Quality - #2 Fuel Oil or Natural Gas Heat and Hot Water;Exhaust stack location limitations;Hazardous Materials* Phase I and Phase II Testing Protocol;Window Wall Attenuation & Alternate Ventilation","3,027,790,034",998231.883,198444.799
998254.679988339,198447.655111714,5480,E-232,3,"2,779","33","09DCP056K",C090334ZMK,,"Hazardous Materials* Phase I and Phase II Testing Protocol;Window Wall Attenuation & Alternate Ventilation","3,027,790,033",998254.680,198447.655
998163.821339705,198448.617753961,5484,E-232,3,"2,779","37","09DCP056K",C090334ZMK,,"Air Quality - #2 Fuel Oil or Natural Gas Heat and Hot Water;Exhaust stack location limitations;Hazardous Materials* Phase I and Phase II Testing Protocol;Window Wall Attenuation & Alternate Ventilation","3,027,790,037",998163.821,198448.618
998186.472026971,198451.400262968,5483,E-232,3,"2,779","36","09DCP056K",C090334ZMK,,"Air Quality - #2 Fuel Oil or Natural Gas Heat and Hot Water;Exhaust stack location limitations;Hazardous Materials* Phase I and Phase II Testing Protocol;Window Wall Attenuation & Alternate Ventilation","3,027,790,036",998186.472,198451.400
998300.543050312,198453.643926649,5479,E-232,3,"2,779","31","09DCP056K",C090334ZMK,,"Hazardous Materials* Phase I and Phase II Testing Protocol;Window Wall Attenuation & Alternate Ventilation","3,027,790,031",998300.543,198453.644
998360.865621962,198469.259148835,5478,E-232,3,"2,779","27","09DCP056K",C090334ZMK,,"Hazardous Materials* Phase I and Phase II Testing Protocol;Window Wall Attenuation & Alternate Ventilation","3,027,790,027",998360.866,198469.259
998722.77437871,198507.195926809,4812,E-232,3,"2,780","30","09DCP056K",C090334ZMK,,"Hazardous Materials* Phase I and Phase II Testing Protocol;Window Wall Attenuation & Alternate Ventilation","3,027,800,030",998722.774,198507.196
998973.041445483,198538.594153306,5490,E-232,3,"2,781","41","09DCP056K",C090334ZMK,,Hazardous Materials* Phase I and Phase II Testing Protocol,"3,027,810,041",998973.041,198538.594
999048.58369599,198548.183301472,4814,E-232,3,"2,781","36","09DCP056K",C090334ZMK,,"Air Quality - #2 Fuel Oil or Natural Gas Heat and Hot Water;Exhaust stack location limitations;Hazardous Materials* Phase I and Phase II Testing Protocol;Window Wall Attenuation & Alternate Ventilation","3,027,810,036",999048.584,198548.183
999104.642021001,198555.296607087,5489,E-232,3,"2,781","35","09DCP056K",C090334ZMK,,"Hazardous Materials* Phase I and Phase II Testing Protocol;Window Wall Attenuation & Alternate Ventilation","3,027,810,035",999104.642,198555.297
999129.194209862,198558.411931769,5488,E-232,3,"2,781","34","09DCP056K",C090334ZMK,,"Hazardous Materials* Phase I and Phase II Testing Protocol;Window Wall Attenuation & Alternate Ventilation","3,027,810,034",999129.194,198558.412
999180.276997776,198560.956472892,4813,E-232,3,"2,781","32","09DCP056K",C090334ZMK,,Hazardous Materials* Phase I and Phase II Testing Protocol,"3,027,810,032",999180.277,198560.956
999154.841580201,198561.666400214,5487,E-232,3,"2,781","33","09DCP056K",C090334ZMK,,"Hazardous Materials* Phase I and Phase II Testing Protocol;Window Wall Attenuation & Alternate Ventilation","3,027,810,033",999154.842,198561.666
999205.107373159,198568.044545727,5486,E-232,3,"2,781","31","09DCP056K",C090334ZMK,,"Hazardous Materials* Phase I and Phase II Testing Protocol;Window Wall Attenuation & Alternate Ventilation","3,027,810,031",999205.107,198568.045
999229.697266089,198571.164564466,5485,E-232,3,"2,781","30","09DCP056K",C090334ZMK,,"Hazardous Materials* Phase I and Phase II Testing Protocol;Window Wall Attenuation & Alternate Ventilation","3,027,810,030",999229.697,198571.165
998008.20195288,198425.360660245,7120,E-232,3,"2,779","44","09DCP056K",C090334ZMK,,"Hazardous Materials* Phase I and Phase II Testing Protocol;Window Wall Attenuation & Alternate Ventilation","3,027,790,044",998008.202,198425.361
997984.912209793,198428.918866563,7121,E-232,3,"2,779","45","09DCP056K",C090334ZMK,,"Hazardous Materials* Phase I and Phase II Testing Protocol;Window Wall Attenuation & Alternate Ventilation","3,027,790,045",997984.912,198428.919
998772.432671894,198513.472663669,7124,E-232,3,"2,780","28","09DCP056K",C090334ZMK,,"Hazardous Materials* Phase I and Phase II Testing Protocol;Window Wall Attenuation & Alternate Ventilation","3,027,800,028",998772.433,198513.473
997965.314132605,198232.412329764,7130,E-232,3,"2,785","11","09DCP056K",C090334ZMK,,"Hazardous Materials* Phase I and Phase II Testing Protocol;Window Wall Attenuation & Alternate Ventilation","3,027,850,011",997965.314,198232.412
998015.091847204,198238.651271678,7131,E-232,3,"2,785","13","09DCP056K",C090334ZMK,,"Hazardous Materials* Phase I and Phase II Testing Protocol;Window Wall Attenuation & Alternate Ventilation","3,027,850,013",998015.092,198238.651
998043.983306909,198242.272270139,7132,E-232,3,"2,785","14","09DCP056K",C090334ZMK,,"Hazardous Materials* Phase I and Phase II Testing Protocol;Window Wall Attenuation & Alternate Ventilation","3,027,850,014",998043.983,198242.272
998081.492135532,198246.97374271,7133,E-232,3,"2,785","16","09DCP056K",C090334ZMK,,"Hazardous Materials* Phase I and Phase II Testing Protocol;Window Wall Attenuation & Alternate Ventilation","3,027,850,016",998081.492,198246.974
998115.85396109,198246.145964977,7134,E-232,3,"2,785","18","09DCP056K",C090334ZMK,,"Hazardous Materials* Phase I and Phase II Testing Protocol;Window Wall Attenuation & Alternate Ventilation","3,027,850,018",998115.854,198246.146
998140.170874127,198249.193684831,7135,E-232,3,"2,785","19","09DCP056K",C090334ZMK,,"Hazardous Materials* Phase I and Phase II Testing Protocol;Window Wall Attenuation & Alternate Ventilation","3,027,850,019",998140.171,198249.194
998348.843651026,198293.222887937,7136,E-232,3,"2,785","27","09DCP056K",C090334ZMK,,"Hazardous Materials* Phase I and Phase II Testing Protocol;Window Wall Attenuation & Alternate Ventilation","3,027,850,027",998348.844,198293.223
998692.111264511,198323.264888264,7137,E-232,3,"2,786","19","09DCP056K",C090334ZMK,,"Hazardous Materials* Phase I and Phase II Testing Protocol;Window Wall Attenuation & Alternate Ventilation","3,027,860,019",998692.111,198323.265
998975.872346382,198360.397856916,7138,E-232,3,"2,787","10","09DCP056K",C090334ZMK,,"Hazardous Materials* Phase I and Phase II Testing Protocol;Window Wall Attenuation & Alternate Ventilation","3,027,870,010",998975.872,198360.398
997935.50753966,197952.783978992,7143,E-232,3,"2,791","6","09DCP056K",C090334ZMK,,"Hazardous Materials* Phase I and Phase II Testing Protocol;Window Wall Attenuation & Alternate Ventilation","3,027,910,006",997935.508,197952.784
998107.030069137,199280.970956106,4791,E-232,3,"2,761","64","09DCP056K",C090334ZMK,,"Hazardous Materials* Phase I and Phase II Testing Protocol;Window Wall Attenuation & Alternate Ventilation","3,027,610,064",998107.030,199280.971
998846.071683702,199296.540934256,5467,E-232,3,"2,763","1","09DCP056K",C090334ZMK,,Window Wall Attenuation & Alternate Ventilation,"3,027,630,001",998846.072,199296.541
997997.398750792,199296.595902389,4788,E-232,3,"2,761","21","09DCP056K",C090334ZMK,,"Hazardous Materials* Phase I and Phase II Testing Protocol;Window Wall Attenuation & Alternate Ventilation","3,027,610,021",997997.399,199296.596
998197.601626871,199299.772804617,4790,E-232,3,"2,761","34","09DCP056K",C090334ZMK,,"Hazardous Materials* Phase I and Phase II Testing Protocol;Window Wall Attenuation & Alternate Ventilation","3,027,610,034",998197.602,199299.773
998043.699967853,199339.933674786,5465,E-232,3,"2,761","22","09DCP056K",C090334ZMK,,"Hazardous Materials* Phase I and Phase II Testing Protocol;Window Wall Attenuation & Alternate Ventilation","3,027,610,022",998043.700,199339.934
998095.562040464,199343.176851228,4789,E-232,3,"2,761","25","09DCP056K",C090334ZMK,,"Hazardous Materials* Phase I and Phase II Testing Protocol;Window Wall Attenuation & Alternate Ventilation","3,027,610,025",998095.562,199343.177
998350.344109078,199349.625372125,4792,E-232,3,"2,762","3","09DCP056K",C090334ZMK,,"Hazardous Materials* Phase I and Phase II Testing Protocol;Window Wall Attenuation & Alternate Ventilation","3,027,620,003",998350.344,199349.625
998388.594823967,199354.494485923,4793,E-232,3,"2,762","5","09DCP056K",C090334ZMK,,"Hazardous Materials* Phase I and Phase II Testing Protocol;Window Wall Attenuation & Alternate Ventilation","3,027,620,005",998388.595,199354.494
998412.795852485,199357.57506238,4794,E-232,3,"2,762","6","09DCP056K",C090334ZMK,,"Hazardous Materials* Phase I and Phase II Testing Protocol;Window Wall Attenuation & Alternate Ventilation","3,027,620,006",998412.796,199357.575
998438.128820502,199360.799689771,4795,E-232,3,"2,762","7","09DCP056K",C090334ZMK,,"Hazardous Materials* Phase I and Phase II Testing Protocol;Window Wall Attenuation & Alternate Ventilation","3,027,620,007",998438.129,199360.800
998487.920922308,199367.138239349,4796,E-232,3,"2,762","9","09DCP056K",C090334ZMK,,"Hazardous Materials* Phase I and Phase II Testing Protocol;Window Wall Attenuation & Alternate Ventilation","3,027,620,009",998487.921,199367.138
998513.495628125,199370.393743848,4797,E-232,3,"2,762","10","09DCP056K",C090334ZMK,,"Hazardous Materials* Phase I and Phase II Testing Protocol;Window Wall Attenuation & Alternate Ventilation","3,027,620,010",998513.496,199370.394
998539.065701466,199373.648607949,4798,E-232,3,"2,762","11","09DCP056K",C090334ZMK,,"Hazardous Materials* Phase I and Phase II Testing Protocol;Window Wall Attenuation & Alternate Ventilation","3,027,620,011",998539.066,199373.649
998562.670812679,199376.653989303,4799,E-232,3,"2,762","12","09DCP056K",C090334ZMK,,"Hazardous Materials* Phase I and Phase II Testing Protocol;Window Wall Attenuation & Alternate Ventilation","3,027,620,012",998562.671,199376.654
998587.163291758,199379.771294697,4800,E-232,3,"2,762","13","09DCP056K",C090334ZMK,,"Hazardous Materials* Phase I and Phase II Testing Protocol;Window Wall Attenuation & Alternate Ventilation","3,027,620,013",998587.163,199379.771
998713.386069047,199382.985738417,5466,E-232,3,"2,762","18","09DCP056K",C090334ZMK,,"Hazardous Materials* Phase I and Phase II Testing Protocol;Window Wall Attenuation & Alternate Ventilation","3,027,620,018",998713.386,199382.986
998613.000583689,199383.060053378,4801,E-232,3,"2,762","14","09DCP056K",C090334ZMK,,"Hazardous Materials* Phase I and Phase II Testing Protocol;Window Wall Attenuation & Alternate Ventilation","3,027,620,014",998613.001,199383.060
998687.029924207,199392.483781811,4803,E-232,3,"2,762","17","09DCP056K",C090334ZMK,,"Hazardous Materials* Phase I and Phase II Testing Protocol;Window Wall Attenuation & Alternate Ventilation","3,027,620,017",998687.030,199392.484
998895.60705847,199417.389025372,4804,E-232,3,"2,763","13","09DCP056K",C090334ZMK,,"Hazardous Materials* Phase I and Phase II Testing Protocol;Window Wall Attenuation & Alternate Ventilation","3,027,630,013",998895.607,199417.389
998970.234388789,199426.861370759,5468,E-232,3,"2,763","16","09DCP056K",C090334ZMK,,"Hazardous Materials* Phase I and Phase II Testing Protocol;Window Wall Attenuation & Alternate Ventilation","3,027,630,016",998970.234,199426.861
998995.233965111,199430.034455583,5469,E-232,3,"2,763","17","09DCP056K",C090334ZMK,,"Hazardous Materials* Phase I and Phase II Testing Protocol;Window Wall Attenuation & Alternate Ventilation","3,027,630,017",998995.234,199430.034
999021.374321517,199433.352628011,5470,E-232,3,"2,763","18","09DCP056K",C090334ZMK,,"Hazardous Materials* Phase I and Phase II Testing Protocol;Window Wall Attenuation & Alternate Ventilation","3,027,630,018",999021.374,199433.353
998082.248517412,199513.212601065,5444,E-232,3,"2,756","33","09DCP056K",C090334ZMK,,"Hazardous Materials* Phase I and Phase II Testing Protocol;Window Wall Attenuation & Alternate Ventilation","3,027,560,033",998082.249,199513.213
998191.056929917,199559.229990539,4750,E-232,3,"2,756","25","09DCP056K",C090334ZMK,,"Hazardous Materials* Phase I and Phase II Testing Protocol;Window Wall Attenuation & Alternate Ventilation","3,027,560,025",998191.057,199559.230
998666.260633146,199560.723688964,5445,E-232,3,"2,757","25","09DCP056K",C090334ZMK,,"Hazardous Materials* Phase I and Phase II Testing Protocol;Window Wall Attenuation & Alternate Ventilation","3,027,570,025",998666.261,199560.724
998691.721801953,199563.087466591,7099,E-232,3,"2,757","24","09DCP056K",C090334ZMK,,"Hazardous Materials* Phase I and Phase II Testing Protocol;Window Wall Attenuation & Alternate Ventilation","3,027,570,024",998691.722,199563.087
998873.772453691,199588.055755514,5455,E-232,3,"2,758","39","09DCP056K",C090334ZMK,,"Hazardous Materials* Phase I and Phase II Testing Protocol;Window Wall Attenuation & Alternate Ventilation","3,027,580,039",998873.772,199588.056
998786.956499426,199611.314304159,5454,E-232,3,"2,758","4","09DCP056K",C090334ZMK,,"Hazardous Materials* Phase I and Phase II Testing Protocol;Window Wall Attenuation & Alternate Ventilation","3,027,580,004",998786.956,199611.314
997970.585466308,199992.619667812,5442,E-138,3,"2,746","41","04DCP003K","C050111ZMK; C050111AZMK; N050110ZRK; N050110AZRK",,Underground Gasoline Storage Tanks* Testing Protocol.,"3,027,460,041",997970.585,199992.620
997995.605922344,199995.66882032,7096,E-138,3,"2,746","40","04DCP003K","C050111ZMK; C050111AZMK; N050110ZRK; N050110AZRK",,Underground Gasoline Storage Tanks* Testing Protocol.,"3,027,460,040",997995.606,199995.669
998017.556980397,200070.158381765,4743,E-138,3,"2,746","39","04DCP003K","C050111ZMK; C050111AZMK; N050110ZRK; N050110AZRK",,Underground Gasoline Storage Tanks* Testing Protocol.,"3,027,460,039",998017.557,200070.158
998830.740230966,199582.75250593,7100,E-232,3,"2,758","41","09DCP056K",C090334ZMK,,"Hazardous Materials* Phase I and Phase II Testing Protocol;Window Wall Attenuation & Alternate Ventilation","3,027,580,041",998830.740,199582.753
998119.187972283,199344.654355657,7105,E-232,3,"2,761","26","09DCP056K",C090334ZMK,,"Hazardous Materials* Phase I and Phase II Testing Protocol;Window Wall Attenuation & Alternate Ventilation","3,027,610,026",998119.188,199344.654
998209.37114473,199270.003266058,7106,E-232,3,"2,761","35","09DCP056K",C090334ZMK,,"Hazardous Materials* Phase I and Phase II Testing Protocol;Window Wall Attenuation & Alternate Ventilation","3,027,610,035",998209.371,199270.003
998681.864795343,200619.429205783,4738,E-138,3,"2,738","3","04DCP003K","C050111ZMK; C050111AZMK; N050110ZRK; N050110AZRK",,Underground Gasoline Storage Tanks* Testing Protocol.,"3,027,380,003",998681.865,200619.429
998684.977383806,200666.479743857,5424,E-138,3,"2,738","5","04DCP003K","C050111ZMK; C050111AZMK; N050110ZRK; N050110AZRK",,Underground Gasoline Storage Tanks* Testing Protocol.,"3,027,380,005",998684.977,200666.480
998975.19065784,200707.110757908,5428,E-138,3,"2,738","7,502","04DCP003K","C050111ZMK; C050111AZMK; N050110ZRK; N050110AZRK",,Underground Gasoline Storage Tanks* Testing Protocol.,"3,027,387,502",998975.191,200707.111
998762.365913381,200713.077629705,5425,E-138,3,"2,738","10","04DCP003K","C050111ZMK; C050111AZMK; N050110ZRK; N050110AZRK",,Underground Gasoline Storage Tanks* Testing Protocol.,"3,027,380,010",998762.366,200713.078
998856.550530024,200729.735449334,5426,E-138,3,"2,738","15","04DCP003K","C050111ZMK; C050111AZMK; N050110ZRK; N050110AZRK",,Underground Gasoline Storage Tanks* Testing Protocol.,"3,027,380,015",998856.551,200729.735
998970.360963279,200745.220885963,5427,E-138,3,"2,738","7,501","04DCP003K","C050111ZMK; C050111AZMK; N050110ZRK; N050110AZRK",,Underground Gasoline Storage Tanks* Testing Protocol.,"3,027,387,501",998970.361,200745.221
999192.851176067,200933.030940675,4736,E-138,3,"2,734","35","04DCP003K","C050111ZMK; C050111AZMK; N050110ZRK; N050110AZRK",,Underground Gasoline Storage Tanks* Testing Protocol.,"3,027,340,035",999192.851,200933.031
999183.65161691,200984.662007779,4737,E-138,3,"2,734","38","04DCP003K","C050111ZMK; C050111AZMK; N050110ZRK; N050110AZRK",,Underground Gasoline Storage Tanks* Testing Protocol.,"3,027,340,038",999183.652,200984.662
998708.519973661,200991.236320512,4734,E-138,3,"2,733","10","04DCP003K","C050111ZMK; C050111AZMK; N050110ZRK; N050110AZRK",,Underground Gasoline Storage Tanks* Testing Protocol.,"3,027,330,010",998708.520,200991.236
999121.559651008,201001.95863158,5423,E-138,3,"2,734","7,502","04DCP003K","C050111ZMK; C050111AZMK; N050110ZRK; N050110AZRK",,Underground Gasoline Storage Tanks* Testing Protocol.,"3,027,347,502",999121.560,201001.959
999166.693874168,201048.080574059,5422,E-138,3,"2,734","11","04DCP003K","C050111ZMK; C050111AZMK; N050110ZRK; N050110AZRK",,Underground Gasoline Storage Tanks* Testing Protocol.,"3,027,340,011",999166.694,201048.081
999204.304876551,201050.92126415,4735,E-138,3,"2,734","13","04DCP003K","C050111ZMK; C050111AZMK; N050110ZRK; N050110AZRK",,Underground Gasoline Storage Tanks* Testing Protocol.,"3,027,340,013",999204.305,201050.921
998199.076623408,201070.059076018,7059,E-138,3,"2,722","36","04DCP003K","C050111ZMK; C050111AZMK; N050110ZRK; N050110AZRK",,Underground Gasoline Storage Tanks* Testing Protocol.,"3,027,220,036",998199.077,201070.059
998463.15806046,201078.56430936,7058,E-138,3,"2,722","25","04DCP003K","C050111ZMK; C050111AZMK; N050110ZRK; N050110AZRK",,Underground Gasoline Storage Tanks* Testing Protocol.,"3,027,220,025",998463.158,201078.564
998620.616959521,201122.932743901,4728,E-138,3,"2,723","1","04DCP003K","C050111ZMK; C050111AZMK; N050110ZRK; N050110AZRK",,Underground Gasoline Storage Tanks* Testing Protocol.,"3,027,230,001",998620.617,201122.933
998330.813829972,201137.546935755,7056,E-138,3,"2,722","13","04DCP003K","C050111ZMK; C050111AZMK; N050110ZRK; N050110AZRK",,Underground Gasoline Storage Tanks* Testing Protocol.,"3,027,220,013",998330.814,201137.547
998251.325390087,201138.361379065,7055,E-138,3,"2,722","10","04DCP003K","C050111ZMK; C050111AZMK; N050110ZRK; N050110AZRK",,Underground Gasoline Storage Tanks* Testing Protocol.,"3,027,220,010",998251.325,201138.361
998745.70034443,201138.623726269,4730,E-138,3,"2,723","38","04DCP003K","C050111ZMK; C050111AZMK; N050110ZRK; N050110AZRK",,Underground Gasoline Storage Tanks* Testing Protocol.,"3,027,230,038",998745.700,201138.624
998854.359854091,201152.254650935,4729,E-138,3,"2,723","36","04DCP003K","C050111ZMK; C050111AZMK; N050110ZRK; N050110AZRK",,"No operable window and/or air intakes limitations;Underground Gasoline Storage Tanks* Testing Protocol.","3,027,230,036",998854.360,201152.255
998199.128799666,201172.233806329,7054,E-138,3,"2,722","8","04DCP003K","C050111ZMK; C050111AZMK; N050110ZRK; N050110AZRK",,Underground Gasoline Storage Tanks* Testing Protocol.,"3,027,220,008",998199.129,201172.234
998450.018260188,201179.174928518,5419,E-138,3,"2,722","7,501","04DCP003K","C050111ZMK; C050111AZMK; N050110ZRK; N050110AZRK",,Underground Gasoline Storage Tanks* Testing Protocol.,"3,027,227,501",998450.018,201179.175
998572.317462377,201179.360978322,5420,E-138,3,"2,723","5","04DCP003K","C050111ZMK; C050111AZMK; N050110ZRK; N050110AZRK",,Underground Gasoline Storage Tanks* Testing Protocol.,"3,027,230,005",998572.317,201179.361
998361.192946455,201192.804901648,7057,E-138,3,"2,722","16","04DCP003K","C050111ZMK; C050111AZMK; N050110ZRK; N050110AZRK",,Underground Gasoline Storage Tanks* Testing Protocol.,"3,027,220,016",998361.193,201192.805
998911.505248162,201223.83226244,7062,E-138,3,"2,723","30","04DCP003K","C050111ZMK; C050111AZMK; N050110ZRK; N050110AZRK",,"No operable window and/or air intakes limitations;Underground Gasoline Storage Tanks* Testing Protocol.","3,027,230,030",998911.505,201223.832
998632.169342493,201228.308026096,7060,E-138,3,"2,723","7","04DCP003K","C050111ZMK; C050111AZMK; N050110ZRK; N050110AZRK",,Underground Gasoline Storage Tanks* Testing Protocol.,"3,027,230,007",998632.169,201228.308
998344.211817,201241.142061827,4727,E-138,3,"2,722","15","04DCP003K","C050111ZMK; C050111AZMK; N050110ZRK; N050110AZRK",,Underground Gasoline Storage Tanks* Testing Protocol.,"3,027,220,015",998344.212,201241.142
998908.352590535,201248.407639295,7061,E-138,3,"2,723","29","04DCP003K","C050111ZMK; C050111AZMK; N050110ZRK; N050110AZRK",,"No operable window and/or air intakes limitations;Underground Gasoline Storage Tanks* Testing Protocol.","3,027,230,029",998908.353,201248.408
999122.206435969,201322.768599977,4731,E-138,3,"2,724","33","04DCP003K","C050111ZMK; C050111AZMK; N050110ZRK; N050110AZRK",,Underground Gasoline Storage Tanks* Testing Protocol.,"3,027,240,033",999122.206,201322.769
1000786.40091528,201459.993546925,5512,R-99,3,"2,849","1","05BSA066K",378-04BZ,,,"3,028,490,001",1000786.401,201459.994
998905.62280514,201139.46220684,7063,E-138,3,"2,723","33","04DCP003K","C050111ZMK; C050111AZMK; N050110ZRK; N050110AZRK",,"No operable window and/or air intakes limitations;Underground Gasoline Storage Tanks* Testing Protocol.","3,027,230,033",998905.623,201139.462
998829.593327171,201149.148074997,7064,E-138,3,"2,723","37","04DCP003K","C050111ZMK; C050111AZMK; N050110ZRK; N050110AZRK",,Underground Gasoline Storage Tanks* Testing Protocol.,"3,027,230,037",998829.593,201149.148
999041.29784085,201280.272113384,7065,E-138,3,"2,724","1","04DCP003K","C050111ZMK; C050111AZMK; N050110ZRK; N050110AZRK",,Underground Gasoline Storage Tanks* Testing Protocol.,"3,027,240,001",999041.298,201280.272
999041.387734216,201414.877618841,7067,E-138,3,"2,724","10","04DCP003K","C050111ZMK; C050111AZMK; N050110ZRK; N050110AZRK",,Underground Gasoline Storage Tanks* Testing Protocol.,"3,027,240,010",999041.388,201414.878
999069.733321754,201442.012983201,7068,E-138,3,"2,724","12","04DCP003K","C050111ZMK; C050111AZMK; N050110ZRK; N050110AZRK",,Underground Gasoline Storage Tanks* Testing Protocol.,"3,027,240,012",999069.733,201442.013
999164.385891637,201385.042862519,7070,E-138,3,"2,724","30","04DCP003K","C050111ZMK; C050111AZMK; N050110ZRK; N050110AZRK",,Underground Gasoline Storage Tanks* Testing Protocol.,"3,027,240,030",999164.386,201385.043
999133.084277552,201359.954750516,7071,E-138,3,"2,724","31","04DCP003K","C050111ZMK; C050111AZMK; N050110ZRK; N050110AZRK",,Underground Gasoline Storage Tanks* Testing Protocol.,"3,027,240,031",999133.084,201359.955
999088.101679806,201322.421951731,7072,E-138,3,"2,724","34","04DCP003K","C050111ZMK; C050111AZMK; N050110ZRK; N050110AZRK",,Underground Gasoline Storage Tanks* Testing Protocol.,"3,027,240,034",999088.102,201322.422
998241.262051697,200915.577530111,7079,E-138,3,"2,732","5","04DCP003K","C050111ZMK; C050111AZMK; N050110ZRK; N050110AZRK",,Underground Gasoline Storage Tanks* Testing Protocol.,"3,027,320,005",998241.262,200915.578
998639.662970536,200952.081906589,7080,E-138,3,"2,733","6","04DCP003K","C050111ZMK; C050111AZMK; N050110ZRK; N050110AZRK",,Underground Gasoline Storage Tanks* Testing Protocol.,"3,027,330,006",998639.663,200952.082
998634.893933424,200988.581709948,7081,E-138,3,"2,733","7","04DCP003K","C050111ZMK; C050111AZMK; N050110ZRK; N050110AZRK",,Underground Gasoline Storage Tanks* Testing Protocol.,"3,027,330,007",998634.894,200988.582
999106.78980574,200923.102900373,7082,E-138,3,"2,734","2","04DCP003K","C050111ZMK; C050111AZMK; N050110ZRK; N050110AZRK",,Hazardous Materials* Phase I and Phase II Testing Protocol,"3,027,340,002",999106.790,200923.103
998275.847966922,200659.92156809,7086,E-138,3,"2,737","10","04DCP003K","C050111ZMK; C050111AZMK; N050110ZRK; N050110AZRK",,Underground Gasoline Storage Tanks* Testing Protocol.,"3,027,370,010",998275.848,200659.922
998310.822448974,200675.785034196,7087,E-138,3,"2,737","11","04DCP003K","C050111ZMK; C050111AZMK; N050110ZRK; N050110AZRK",,Underground Gasoline Storage Tanks* Testing Protocol.,"3,027,370,011",998310.822,200675.785
998821.332493998,200725.131794029,7088,E-138,3,"2,738","13","04DCP003K","C050111ZMK; C050111AZMK; N050110ZRK; N050110AZRK",,Underground Gasoline Storage Tanks* Testing Protocol.,"3,027,380,013",998821.332,200725.132
998896.461324076,201602.865710325,5412,E-138,3,"2,719","7,501","04DCP003K","C050111ZMK; C050111AZMK; N050110ZRK; N050110AZRK",,Underground Gasoline Storage Tanks* Testing Protocol.,"3,027,197,501",998896.461,201602.866
999040.867851855,201622.604147821,7045,E-138,3,"2,719","31","04DCP003K","C050111ZMK; C050111AZMK; N050110ZRK; N050110AZRK",,Underground Gasoline Storage Tanks* Testing Protocol.,"3,027,190,031",999040.868,201622.604
998930.918611793,201664.347506918,5413,E-138,3,"2,719","7,502","04DCP003K","C050111ZMK; C050111AZMK; N050110ZRK; N050110AZRK",,Underground Gasoline Storage Tanks* Testing Protocol.,"3,027,197,502",998930.919,201664.348
999294.203229774,201824.30735978,7052,E-138,3,"2,720","46","04DCP003K","C050111ZMK; C050111AZMK; N050110ZRK; N050110AZRK",,Underground Gasoline Storage Tanks* Testing Protocol.,"3,027,200,046",999294.203,201824.307
999312.514506943,201838.825464369,7051,E-138,3,"2,720","45","04DCP003K","C050111ZMK; C050111AZMK; N050110ZRK; N050110AZRK",,Underground Gasoline Storage Tanks* Testing Protocol.,"3,027,200,045",999312.515,201838.825
999329.764071008,201852.502072124,7050,E-138,3,"2,720","44","04DCP003K","C050111ZMK; C050111AZMK; N050110ZRK; N050110AZRK",,Underground Gasoline Storage Tanks* Testing Protocol.,"3,027,200,044",999329.764,201852.502
999345.399013591,201864.898207959,7053,E-138,3,"2,720","7,501","04DCP003K","C050111ZMK; C050111AZMK; N050110ZRK; N050110AZRK",,Underground Gasoline Storage Tanks* Testing Protocol.,"3,027,207,501",999345.399,201864.898
999164.074774982,201867.355355055,7047,E-138,3,"2,720","9","04DCP003K","C050111ZMK; C050111AZMK; N050110ZRK; N050110AZRK",,Underground Gasoline Storage Tanks* Testing Protocol.,"3,027,200,009",999164.075,201867.355
999209.543585571,201889.26292183,5414,E-138,3,"2,720","12","04DCP003K","C050111ZMK; C050111AZMK; N050110ZRK; N050110AZRK",,Underground Gasoline Storage Tanks* Testing Protocol.,"3,027,200,012",999209.544,201889.263
999378.071561693,201890.802974957,7049,E-138,3,"2,720","41","04DCP003K","C050111ZMK; C050111AZMK; N050110ZRK; N050110AZRK",,Underground Gasoline Storage Tanks* Testing Protocol.,"3,027,200,041",999378.072,201890.803
999153.32421496,201892.37115632,7048,E-138,3,"2,720","10","04DCP003K","C050111ZMK; C050111AZMK; N050110ZRK; N050110AZRK",,Underground Gasoline Storage Tanks* Testing Protocol.,"3,027,200,010",999153.324,201892.371
999379.187878535,201942.275868291,4726,E-138,3,"2,720","19","04DCP003K","C050111ZMK; C050111AZMK; N050110ZRK; N050110AZRK",,Underground Gasoline Storage Tanks* Testing Protocol.,"3,027,200,019",999379.188,201942.276
998622.015276244,202006.900939311,5411,E-138,3,"2,713","7,502","04DCP003K","C050111ZMK; C050111AZMK; N050110ZRK; N050110AZRK",,Underground Gasoline Storage Tanks* Testing Protocol.,"3,027,137,502",998622.015,202006.901
998548.302146579,202008.384188514,5410,E-138,3,"2,713","7,501","04DCP003K","C050111ZMK; C050111AZMK; N050110ZRK; N050110AZRK",,Underground Gasoline Storage Tanks* Testing Protocol.,"3,027,137,501",998548.302,202008.384
998527.9448362,202148.344375761,5408,E-138,3,"2,698","7,501","04DCP003K","C050111ZMK; C050111AZMK; N050110ZRK; N050110AZRK",,Underground Gasoline Storage Tanks* Testing Protocol.,"3,026,987,501",998527.945,202148.344
999013.808338905,202194.441712364,4723,E-138,3,"2,701","1","04DCP003K","C050111ZMK; C050111AZMK; N050110ZRK; N050110AZRK",,Underground Gasoline Storage Tanks* Testing Protocol.,"3,027,010,001",999013.808,202194.442
999157.783878897,202214.381011146,7041,E-138,3,"2,701","50","04DCP003K","C050111ZMK; C050111AZMK; N050110ZRK; N050110AZRK",,Underground Gasoline Storage Tanks* Testing Protocol.,"3,027,010,050",999157.784,202214.381
998306.291118384,202334.252256752,5407,E-138,3,"2,697","7,504","04DCP003K","C050111ZMK; C050111AZMK; N050110ZRK; N050110AZRK",,Underground Gasoline Storage Tanks* Testing Protocol.,"3,026,977,504",998306.291,202334.252
998238.7835327,202372.182445929,5406,E-138,3,"2,697","7,501","04DCP003K","C050111ZMK; C050111AZMK; N050110ZRK; N050110AZRK",,Underground Gasoline Storage Tanks* Testing Protocol.,"3,026,977,501",998238.784,202372.182
998459.019873345,202397.465465109,4720,E-138,3,"2,698","11","04DCP003K","C050111ZMK; C050111AZMK; N050110ZRK; N050110AZRK",,Underground Gasoline Storage Tanks* Testing Protocol.,"3,026,980,011",998459.020,202397.465
998418.884716622,202416.149948959,4721,E-138,3,"2,698","15","04DCP003K","C050111ZMK; C050111AZMK; N050110ZRK; N050110AZRK",,Underground Gasoline Storage Tanks* Testing Protocol.,"3,026,980,015",998418.885,202416.150
998684.950245919,202456.55998932,4722,E-138,3,"2,699","9","04DCP003K","C050111ZMK; C050111AZMK; N050110ZRK; N050110AZRK",,Underground Gasoline Storage Tanks* Testing Protocol.,"3,026,990,009",998684.950,202456.560
998757.601241845,202510.229706674,5409,E-138,3,"2,699","7,501","04DCP003K","C050111ZMK; C050111AZMK; N050110ZRK; N050110AZRK",,Underground Gasoline Storage Tanks* Testing Protocol.,"3,026,997,501",998757.601,202510.230
999188.630337275,201539.406653416,7069,E-138,3,"2,724","18","04DCP003K","C050111ZMK; C050111AZMK; N050110ZRK; N050110AZRK",,Underground Gasoline Storage Tanks* Testing Protocol.,"3,027,240,018",999188.630,201539.407
999679.605221215,201851.441234151,7073,E-138,3,"2,727","1","04DCP003K","C050111ZMK; C050111AZMK; N050110ZRK; N050110AZRK",,Underground Gasoline Storage Tanks* Testing Protocol.,"3,027,270,001",999679.605,201851.441
999741.509836501,201847.862884047,7074,E-138,3,"2,727","47","04DCP003K","C050111ZMK; C050111AZMK; N050110ZRK; N050110AZRK",,Underground Gasoline Storage Tanks* Testing Protocol.,"3,027,270,047",999741.510,201847.863
999928.754019673,199548.055346975,4807,E-232,3,"2,765","15","09DCP056K",C090334ZMK,,"Hazardous Materials* Phase I and Phase II Testing Protocol;Window Wall Attenuation & Alternate Ventilation","3,027,650,015",999928.754,199548.055
999953.711503831,199551.149458154,4808,E-232,3,"2,765","16","09DCP056K",C090334ZMK,,"Hazardous Materials* Phase I and Phase II Testing Protocol;Window Wall Attenuation & Alternate Ventilation","3,027,650,016",999953.712,199551.149
999978.98912033,199554.282949571,4809,E-232,3,"2,765","17","09DCP056K",C090334ZMK,,"Hazardous Materials* Phase I and Phase II Testing Protocol;Window Wall Attenuation & Alternate Ventilation","3,027,650,017",999978.989,199554.283
1000003.86921511,199557.367245853,4810,E-232,3,"2,765","18","09DCP056K",C090334ZMK,,"Hazardous Materials* Phase I and Phase II Testing Protocol;Window Wall Attenuation & Alternate Ventilation","3,027,650,018",1000003.869,199557.367
1000028.31716305,199560.398048259,5471,E-232,3,"2,765","19","09DCP056K",C090334ZMK,,"Hazardous Materials* Phase I and Phase II Testing Protocol;Window Wall Attenuation & Alternate Ventilation","3,027,650,019",1000028.317,199560.398
999893.97756416,199715.240307644,4775,E-232,3,"2,760","37","09DCP056K",C090334ZMK,,"Hazardous Materials* Phase I and Phase II Testing Protocol;Window Wall Attenuation & Alternate Ventilation","3,027,600,037",999893.978,199715.240
999931.819084346,199719.999752257,4774,E-232,3,"2,760","36","09DCP056K",C090334ZMK,,"Hazardous Materials* Phase I and Phase II Testing Protocol;Window Wall Attenuation & Alternate Ventilation","3,027,600,036",999931.819,199720.000
999741.269067345,199723.883373804,4772,E-232,3,"2,760","4","09DCP056K",C090334ZMK,,"Hazardous Materials* Phase I and Phase II Testing Protocol;Window Wall Attenuation & Alternate Ventilation","3,027,600,004",999741.269,199723.883
999751.154642649,199751.749131306,4773,E-232,3,"2,760","6","09DCP056K",C090334ZMK,,"Hazardous Materials* Phase I and Phase II Testing Protocol;Window Wall Attenuation & Alternate Ventilation","3,027,600,006",999751.155,199751.749
1000699.86058741,200184.396891654,4819,E-232,3,"2,893","30","09DCP056K",C090334ZMK,,"Hazardous Materials* Phase I and Phase II Testing Protocol;Window Wall Attenuation & Alternate Ventilation","3,028,930,030",1000699.861,200184.397
1000945.20506665,200213.381774417,5515,E-629,3,"2,885","10",20HPD007K,"N210482ZRK; 210481ZSK; 210480ZMK",,Hazardous Materials* Phase I and Phase II Testing Protocol,"3,028,850,010",1000945.205,200213.382
999031.021548588,200252.636912451,4744,E-368,3,"2,748","21",14BSA140K,59-14BZ,,Hazardous Materials* Phase I and Phase II Testing Protocol,"3,027,480,021",999031.022,200252.637
998259.361411371,200292.275612083,4741,E-138,3,"2,742","2","04DCP003K","C050111ZMK; C050111AZMK; N050110ZRK; N050110AZRK",,Underground Gasoline Storage Tanks* Testing Protocol.,"3,027,420,002",998259.361,200292.276
1001118.32803402,200298.843978025,4817,E-629,3,"2,885","1",20HPD007K,"N210482ZRK; 210481ZSK; 210480ZMK",,Hazardous Materials* Phase I and Phase II Testing Protocol,"3,028,850,001",1001118.328,200298.844
998333.234300831,200300.038386689,4742,E-138,3,"2,742","35","04DCP003K","C050111ZMK; C050111AZMK; N050110ZRK; N050110AZRK",,Underground Gasoline Storage Tanks* Testing Protocol.,"3,027,420,035",998333.234,200300.038
998352.290162152,200382.834077479,7094,E-138,3,"2,742","9","04DCP003K","C050111ZMK; C050111AZMK; N050110ZRK; N050110AZRK",,Underground Gasoline Storage Tanks* Testing Protocol.,"3,027,420,009",998352.290,200382.834
998444.779478303,200415.942925512,7095,E-138,3,"2,742","15","04DCP003K","C050111ZMK; C050111AZMK; N050110ZRK; N050110AZRK",,Underground Gasoline Storage Tanks* Testing Protocol.,"3,027,420,015",998444.779,200415.943
1001117.62671319,200485.415715374,4818,E-629,3,"2,885","25",20HPD007K,"N210482ZRK; 210481ZSK; 210480ZMK",,Hazardous Materials* Phase I and Phase II Testing Protocol,"3,028,850,025",1001117.627,200485.416
1001331.88780691,200373.173849359,7145,E-629,3,"2,885","35",20HPD007K,"N210482ZRK; 210481ZSK; 210480ZMK",,Hazardous Materials* Phase I and Phase II Testing Protocol,"3,028,850,035",1001331.888,200373.174
1000351.29200131,199896.990266198,7146,E-782,3,"2,893","1",24DCP063K,"C240406ZMK; N240407ZRK",,"Exhaust stack location limitations;Hazardous Materials* Phase I and Phase II Testing Protocol;Window Wall Attenuation & Alternate Ventilation","3,028,930,001",1000351.292,199896.990
1000600.91709927,200174.744916153,7147,E-232,3,"2,893","25","09DCP056K",C090334ZMK,,"Hazardous Materials* Phase I and Phase II Testing Protocol;Window Wall Attenuation & Alternate Ventilation","3,028,930,025",1000600.917,200174.745
1000410.26673328,199919.871331594,7148,E-782,3,"2,893","59",24DCP063K,"C240406ZMK; N240407ZRK",,"Exhaust stack location limitations;Hazardous Materials* Phase I and Phase II Testing Protocol;Window Wall Attenuation & Alternate Ventilation","3,028,930,059",1000410.267,199919.871
1000485.7192576,199581.547118997,7150,E-618,3,"2,916","14",20DCP110K,"N200315ZRK; C200314ZMK",,"Exhaust stack location limitations;Hazardous Materials* Phase I and Phase II Testing Protocol;Window Wall Attenuation & Alternate Ventilation","3,029,160,014",1000485.719,199581.547
998926.639847392,194687.756677456,4519,E-238,3,"2,269","49","09HPD019K",C090413ZMK,,"Air Quality - #2 Fuel Oil or Natural Gas for heating, ventilating and air conditioning systems;Exhaust stack location limitations","3,022,690,049",998926.640,194687.757
998945.041127554,194703.461559331,4518,E-238,3,"2,269","48","09HPD019K",C090413ZMK,,"Air Quality - #2 Fuel Oil or Natural Gas for heating, ventilating and air conditioning systems;Exhaust stack location limitations","3,022,690,048",998945.041,194703.462
998963.442103028,194719.166928537,4517,E-238,3,"2,269","47","09HPD019K",C090413ZMK,,"Air Quality - #2 Fuel Oil or Natural Gas for heating, ventilating and air conditioning systems;Exhaust stack location limitations","3,022,690,047",998963.442,194719.167
998813.062308477,194723.532127364,5145,E-238,3,"2,269","3","09HPD019K",C090413ZMK,,"Air Quality - Natural Gas Heat & Hot Water;Exhaust stack location limitations;Hazardous Materials* Phase I and Phase II Testing Protocol","3,022,690,003",998813.062,194723.532
998992.147234846,194743.666195515,5150,E-238,3,"2,269","45","09HPD019K",C090413ZMK,,"Air Quality - #2 Fuel Oil or Natural Gas for heating, ventilating and air conditioning systems;Exhaust stack location limitations","3,022,690,045",998992.147,194743.666
998851.631341793,194756.335201171,4510,E-238,3,"2,269","5","09HPD019K",C090413ZMK,,"Air Quality - Natural Gas Heat & Hot Water;Exhaust stack location limitations;Hazardous Materials* Phase I and Phase II Testing Protocol","3,022,690,005",998851.631,194756.335
999030.193351983,194776.137857691,4516,E-238,3,"2,269","43","09HPD019K",C090413ZMK,,"Air Quality - #2 Fuel Oil or Natural Gas for heating, ventilating and air conditioning systems;Exhaust stack location limitations;Hazardous Materials* Phase I and Phase II Testing Protocol","3,022,690,043",999030.193,194776.138
998884.211832416,194784.142817242,4511,E-238,3,"2,269","14","09HPD019K",C090413ZMK,,"Air Quality - Natural Gas Heat & Hot Water;Exhaust stack location limitations","3,022,690,014",998884.212,194784.143
998912.142983733,194807.936620084,4512,E-238,3,"2,269","16","09HPD019K",C090413ZMK,,"Air Quality - Natural Gas Heat & Hot Water;Exhaust stack location limitations","3,022,690,016",998912.143,194807.937
998936.151836346,194828.389673569,4513,E-238,3,"2,269","17","09HPD019K",C090413ZMK,,"Air Quality - Natural Gas Heat & Hot Water;Exhaust stack location limitations","3,022,690,017",998936.152,194828.390
998954.97806983,194844.42700284,5146,E-238,3,"2,269","18","09HPD019K",C090413ZMK,,"Air Quality - Natural Gas Heat & Hot Water;Exhaust stack location limitations","3,022,690,018",998954.978,194844.427
998993.408571477,194877.164665439,6758,E-238,3,"2,269","19","09HPD019K",C090413ZMK,,"Air Quality - Natural Gas Heat & Hot Water;Exhaust stack location limitations;Hazardous Materials* Phase I and Phase II Testing Protocol","3,022,690,019",998993.409,194877.165
998785.067202776,194922.739170879,5144,E-238,3,"2,266","49","09HPD019K",C090413ZMK,,"Air Quality - Natural Gas Heat & Hot Water;Exhaust stack location limitations;Hazardous Materials* Phase I and Phase II Testing Protocol","3,022,660,049",998785.067,194922.739
998812.35485824,194945.959306865,5143,E-238,3,"2,266","48","09HPD019K",C090413ZMK,,"Air Quality - Natural Gas Heat & Hot Water;Exhaust stack location limitations;Hazardous Materials* Phase I and Phase II Testing Protocol","3,022,660,048",998812.355,194945.959
998761.379619766,195035.020328529,4506,E-238,3,"2,266","17","09HPD019K",C090413ZMK,,"Air Quality - Natural Gas Heat & Hot Water;Exhaust stack location limitations;Hazardous Materials* Phase I and Phase II Testing Protocol;Window Wall Attenuation & Alternate Ventilation","3,022,660,017",998761.380,195035.020
998920.499486409,195037.985337309,5142,E-238,3,"2,266","39","09HPD019K",C090413ZMK,,"Air Quality - Natural Gas Heat & Hot Water;Exhaust stack location limitations;Hazardous Materials* Phase I and Phase II Testing Protocol","3,022,660,039",998920.499,195037.985
998780.426163182,195051.214020508,4507,E-238,3,"2,266","18","09HPD019K",C090413ZMK,,"Air Quality - Natural Gas Heat & Hot Water;Exhaust stack location limitations","3,022,660,018",998780.426,195051.214
998939.789443913,195054.39921818,5141,E-238,3,"2,266","38","09HPD019K",C090413ZMK,,"Air Quality - Natural Gas Heat & Hot Water;Hazardous Materials* Phase I and Phase II Testing Protocol","3,022,660,038",998939.789,195054.399
998799.472523977,195067.407896053,6755,E-238,3,"2,266","19","09HPD019K",C090413ZMK,,"Air Quality - Natural Gas Heat & Hot Water;Exhaust stack location limitations;Hazardous Materials* Phase I and Phase II Testing Protocol;Window Wall Attenuation & Alternate Ventilation","3,022,660,019",998799.473,195067.408
998959.61807609,195071.27283192,6756,E-238,3,"2,266","37","09HPD019K",C090413ZMK,,"Air Quality - Natural Gas Heat & Hot Water;Hazardous Materials* Phase I and Phase II Testing Protocol","3,022,660,037",998959.618,195071.273
998978.65776168,195087.474479356,4509,E-238,3,"2,266","36","09HPD019K",C090413ZMK,,"Air Quality - Natural Gas Heat & Hot Water;Exhaust stack location limitations","3,022,660,036",998978.658,195087.474
999002.717623945,195157.235605152,4508,E-238,3,"2,266","31","09HPD019K",C090413ZMK,,"Air Quality - Natural Gas Heat & Hot Water;Exhaust stack location limitations;Hazardous Materials* Phase I and Phase II Testing Protocol;Window Wall Attenuation & Alternate Ventilation","3,022,660,031",999002.718,195157.236
998647.511193746,195159.193710858,5125,E-238,3,"2,250","45","09HPD019K",C090413ZMK,,"Air Quality - Natural Gas Heat & Hot Water;Exhaust stack location limitations;Hazardous Materials* Phase I and Phase II Testing Protocol","3,022,500,045",998647.511,195159.194
998986.255465281,195176.58300775,5140,E-238,3,"2,266","30","09HPD019K",C090413ZMK,,"Air Quality - #2 Fuel Oil or Natural Gas for heating, ventilating and air conditioning systems;Exhaust stack location limitations;Hazardous Materials* Phase I and Phase II Testing Protocol;Window Wall Attenuation & Alternate Ventilation","3,022,660,030",998986.255,195176.583
998682.979184143,195189.400360639,5124,E-238,3,"2,250","44","09HPD019K",C090413ZMK,,"Air Quality - Natural Gas Heat & Hot Water;Exhaust stack location limitations;Hazardous Materials* Phase I and Phase II Testing Protocol","3,022,500,044",998682.979,195189.400
998969.824487592,195195.882282207,6757,E-238,3,"2,266","7,507","09HPD019K",C090413ZMK,,"Air Quality - #2 Fuel Oil or Natural Gas for heating, ventilating and air conditioning systems;Exhaust stack location limitations;Hazardous Materials* Phase I and Phase II Testing Protocol;Window Wall Attenuation & Alternate Ventilation","3,022,667,507",998969.824,195195.882
998705.818546808,195208.851865694,5123,E-238,3,"2,250","43","09HPD019K",C090413ZMK,,"Air Quality - Natural Gas Heat & Hot Water;Exhaust stack location limitations;Hazardous Materials* Phase I and Phase II Testing Protocol","3,022,500,043",998705.819,195208.852
998718.00012376,195219.224697072,6724,E-238,3,"2,250","42","09HPD019K",C090413ZMK,,"Air Quality - Natural Gas Heat & Hot Water;Exhaust stack location limitations;Hazardous Materials* Phase I and Phase II Testing Protocol","3,022,500,042",998718.000,195219.225
998728.437934845,195228.115460389,5122,E-238,3,"2,250","40","09HPD019K",C090413ZMK,,"Air Quality - Natural Gas Heat & Hot Water;Exhaust stack location limitations;Hazardous Materials* Phase I and Phase II Testing Protocol","3,022,500,040",998728.438,195228.115
998756.920257483,195252.372379078,5121,E-238,3,"2,250","38","09HPD019K",C090413ZMK,,"Air Quality - Natural Gas Heat & Hot Water;Exhaust stack location limitations;Hazardous Materials* Phase I and Phase II Testing Protocol","3,022,500,038",998756.920,195252.372
998794.863108655,195284.686641809,5120,E-238,3,"2,250","36","09HPD019K",C090413ZMK,,"Air Quality - Natural Gas Heat & Hot Water;Exhaust stack location limitations;Hazardous Materials* Phase I and Phase II Testing Protocol;Window Wall Attenuation & Alternate Ventilation","3,022,500,036",998794.863,195284.687
998868.365227574,195314.742455508,5119,E-238,3,"2,250","33","09HPD019K",C090413ZMK,,"Air Quality - Natural Gas Heat & Hot Water;Exhaust stack location limitations;Hazardous Materials* Phase I and Phase II Testing Protocol;Window Wall Attenuation & Alternate Ventilation","3,022,500,033",998868.365,195314.742
998843.114202508,195344.303452577,5118,E-238,3,"2,250","32","09HPD019K",C090413ZMK,,"Air Quality - Natural Gas Heat & Hot Water;Exhaust stack location limitations;Hazardous Materials* Phase I and Phase II Testing Protocol;Window Wall Attenuation & Alternate Ventilation","3,022,500,032",998843.114,195344.303
998822.986741883,195367.880847838,5131,E-238,3,"2,250","129","09HPD019K",C090413ZMK,,"Air Quality - Natural Gas Heat & Hot Water;Exhaust stack location limitations;Hazardous Materials* Phase I and Phase II Testing Protocol;Window Wall Attenuation & Alternate Ventilation","3,022,500,129",998822.987,195367.881
999051.056793114,194926.273781114,5147,E-238,3,"2,269","23","09HPD019K",C090413ZMK,,"Air Quality - Natural Gas Heat & Hot Water;Exhaust stack location limitations","3,022,690,023",999051.057,194926.274
999059.091453295,194800.802022182,4515,E-238,3,"2,269","42","09HPD019K",C090413ZMK,,"Air Quality - #2 Fuel Oil or Natural Gas for heating, ventilating and air conditioning systems;Exhaust stack location limitations;Hazardous Materials* Phase I and Phase II Testing Protocol","3,022,690,042",999059.091,194800.802
999064.541982186,194871.705628986,6760,E-238,3,"2,269","40","09HPD019K",C090413ZMK,,"Air Quality - #2 Fuel Oil or Natural Gas for heating, ventilating and air conditioning systems;Air Quality - Natural Gas Heat & Hot Water;Exhaust stack location limitations;Hazardous Materials* Phase I and Phase II Testing Protocol","3,022,690,040",999064.542,194871.706
999070.194381003,194942.576866494,5148,E-238,3,"2,269","24","09HPD019K",C090413ZMK,,"Air Quality - Natural Gas Heat & Hot Water;Exhaust stack location limitations;Hazardous Materials* Phase I and Phase II Testing Protocol","3,022,690,024",999070.194,194942.577
999078.648812529,194817.493638357,4514,E-238,3,"2,269","41","09HPD019K",C090413ZMK,,"Air Quality - #2 Fuel Oil or Natural Gas for heating, ventilating and air conditioning systems;Exhaust stack location limitations","3,022,690,041",999078.649,194817.494
999082.105923172,194601.767883997,4521,E-238,3,"2,272","11","09HPD019K",C090413ZMK,,"Air Quality - #2 Fuel Oil or Natural Gas for heating, ventilating and air conditioning systems;Exhaust stack location limitations","3,022,720,011",999082.106,194601.768
999116.468432466,194849.772665547,6759,E-238,3,"2,269","39","09HPD019K",C090413ZMK,,"Air Quality - #2 Fuel Oil or Natural Gas for heating, ventilating and air conditioning systems;Exhaust stack location limitations;Hazardous Materials* Phase I and Phase II Testing Protocol","3,022,690,039",999116.468,194849.773
999156.538060262,194944.202472668,5149,E-238,3,"2,269","25","09HPD019K",C090413ZMK,,"Air Quality - #2 Fuel Oil or Natural Gas for heating, ventilating and air conditioning systems;Exhaust stack location limitations;Hazardous Materials* Phase I and Phase II Testing Protocol","3,022,690,025",999156.538,194944.202
999418.202521734,194528.455045164,5158,E-238,3,"2,274","24","09HPD019K",C090413ZMK,,"Air Quality - #4 Fuel Oil for space heating and hot water systems;Hazardous Materials* Phase I and Phase II Testing Protocol;Window Wall Attenuation & Alternate Ventilation","3,022,740,024",999418.203,194528.455
999941.879843497,195210.093663251,4834,E-184,3,"3,113","31","07HPD023K",C070432ZMK,,Window Wall Attenuation & Alternate Ventilation,"3,031,130,031",999941.880,195210.094
999966.289506436,195213.119652595,5517,E-184,3,"3,113","30","07HPD023K",C070432ZMK,,Window Wall Attenuation & Alternate Ventilation,"3,031,130,030",999966.290,195213.120
1000121.89343071,195297.153183146,4833,E-184,3,"3,113","20","07HPD023K",C070432ZMK,,Window Wall Attenuation & Alternate Ventilation,"3,031,130,020",1000121.893,195297.153
1000125.16474798,195271.385486851,5516,E-184,3,"3,113","21","07HPD023K",C070432ZMK,,Window Wall Attenuation & Alternate Ventilation,"3,031,130,021",1000125.165,195271.385
1001206.28639121,194746.909047939,5518,E-315,3,"3,137","49","09DCP002K","N110179ZRK; C080322ZMK",,"Exhaust stack location limitations;Hazardous Materials* Phase I and Phase II Testing Protocol;Window Wall Attenuation & Alternate Ventilation","3,031,370,049",1001206.286,194746.909
1001238.97171623,196669.545412101,7165,R-78,3,"3,073","97","05BSA068K",381-04BZ,,,"3,030,730,097",1001238.972,196669.545
1001468.9048458,194834.925371742,7177,E-315,3,"3,138","20","09DCP002K","N110179ZRK; C080322ZMK",,"Hazardous Materials* Phase I and Phase II Testing Protocol;Window Wall Attenuation & Alternate Ventilation","3,031,380,020",1001468.905,194834.925
1001646.60237252,194736.444596157,7176,E-315,3,"3,138","11","09DCP002K","N110179ZRK; C080322ZMK",,"Exhaust stack location limitations;Hazardous Materials* Phase I and Phase II Testing Protocol;Window Wall Attenuation & Alternate Ventilation","3,031,380,011",1001646.602,194736.445
1001651.73925687,194895.043343424,7178,E-315,3,"3,138","32","09DCP002K","N110179ZRK; C080322ZMK",,"Hazardous Materials* Phase I and Phase II Testing Protocol;Window Wall Attenuation & Alternate Ventilation","3,031,380,032",1001651.739,194895.043
1001876.78346846,196035.817296494,7166,E-861,3,"3,100","22",25DCP083K,N250271ZAK,,Hazardous Materials* Phase I and Phase II Testing Protocol,"3,031,000,022",1001876.783,196035.817
1001919.45566691,195559.759799101,7167,E-748,3,"3,117","18",22BSA026K,2022-39BZ,,Hazardous Materials* Phase I and Phase II Testing Protocol,"3,031,170,018",1001919.456,195559.760
1002049.04184136,195592.70126671,7168,E-748,3,"3,117","24",22BSA026K,2022-39BZ,,Hazardous Materials* Phase I and Phase II Testing Protocol,"3,031,170,024",1002049.042,195592.701
1002128.06700937,195009.786247185,7179,E-315,3,"3,139","21","09DCP002K","N110179ZRK; C080322ZMK",,"Air Quality - HVAC natural gas with low Nox only;Exhaust stack location limitations;Hazardous Materials* Phase I and Phase II Testing Protocol;Window Wall Attenuation & Alternate Ventilation","3,031,390,021",1002128.067,195009.786
1001980.98007733,194928.386522208,7180,E-315,3,"3,139","30","09DCP002K","N110179ZRK; C080322ZMK",,"Air Quality - HVAC natural gas with low Nox only;Exhaust stack location limitations;Hazardous Materials* Phase I and Phase II Testing Protocol;Window Wall Attenuation & Alternate Ventilation","3,031,390,030",1001980.980,194928.387
1002066.0907598,194754.29073152,7181,E-315,3,"3,141","1","09DCP002K","N110179ZRK; C080322ZMK",,"Air Quality - HVAC fuel limited to natural gas;Hazardous Materials* Phase I and Phase II Testing Protocol;Window Wall Attenuation & Alternate Ventilation","3,031,410,001",1002066.091,194754.291
999413.627200244,198593.610143998,5494,E-232,3,"2,782","41","09DCP056K",C090334ZMK,,Window Wall Attenuation & Alternate Ventilation,"3,027,820,041",999413.627,198593.610
999438.67301535,198596.667557558,5493,E-232,3,"2,782","40","09DCP056K",C090334ZMK,,Window Wall Attenuation & Alternate Ventilation,"3,027,820,040",999438.673,198596.668
999560.033777762,198624.474902989,7126,E-232,3,"2,782","35","09DCP056K",C090334ZMK,,Window Wall Attenuation & Alternate Ventilation,"3,027,820,035",999560.034,198624.475
999585.115575813,198436.178851175,5503,E-232,3,"2,788","15","09DCP056K",C090334ZMK,,"Hazardous Materials* Phase I and Phase II Testing Protocol;Window Wall Attenuation & Alternate Ventilation","3,027,880,015",999585.116,198436.179
999585.710286957,198627.608944556,5492,E-232,3,"2,782","34","09DCP056K",C090334ZMK,,Window Wall Attenuation & Alternate Ventilation,"3,027,820,034",999585.710,198627.609
999595.262760399,199466.862963694,4805,E-232,3,"2,764","25","09DCP056K",C090334ZMK,,"Hazardous Materials* Phase I and Phase II Testing Protocol;Window Wall Attenuation & Alternate Ventilation","3,027,640,025",999595.263,199466.863
999635.804050609,198633.723131208,5491,E-232,3,"2,782","32","09DCP056K",C090334ZMK,,Window Wall Attenuation & Alternate Ventilation,"3,027,820,032",999635.804,198633.723
999661.951770332,198925.769487731,7115,E-232,3,"2,776","24","09DCP056K",C090334ZMK,,"Hazardous Materials* Phase I and Phase II Testing Protocol;Window Wall Attenuation & Alternate Ventilation","3,027,760,024",999661.952,198925.769
999674.779083428,198626.125089125,7125,E-232,3,"2,782","30","09DCP056K",C090334ZMK,,Window Wall Attenuation & Alternate Ventilation,"3,027,820,030",999674.779,198626.125
999708.87608702,198451.785713777,5504,E-232,3,"2,788","20","09DCP056K",C090334ZMK,,"Hazardous Materials* Phase I and Phase II Testing Protocol;Window Wall Attenuation & Alternate Ventilation","3,027,880,020",999708.876,198451.786
999766.234488499,199497.956851289,4806,E-232,3,"2,765","3","09DCP056K",C090334ZMK,,"Hazardous Materials* Phase I and Phase II Testing Protocol;Window Wall Attenuation & Alternate Ventilation","3,027,650,003",999766.234,199497.957
999796.873343761,199280.877557784,5473,E-232,3,"2,771","7","09DCP056K",C090334ZMK,,"Hazardous Materials* Phase I and Phase II Testing Protocol;Window Wall Attenuation & Alternate Ventilation","3,027,710,007",999796.873,199280.878
999803.315666189,199231.543376151,5472,E-232,3,"2,771","5","09DCP056K",C090334ZMK,,"Hazardous Materials* Phase I and Phase II Testing Protocol;Window Wall Attenuation & Alternate Ventilation","3,027,710,005",999803.316,199231.543
999836.406710998,198972.066893546,5477,E-232,3,"2,777","5","09DCP056K",C090334ZMK,,"Hazardous Materials* Phase I and Phase II Testing Protocol;Window Wall Attenuation & Alternate Ventilation","3,027,770,005",999836.407,198972.067
999843.051585159,198654.14048431,5497,E-232,3,"2,783","43","09DCP056K",C090334ZMK,,"Hazardous Materials* Phase I and Phase II Testing Protocol;Window Wall Attenuation & Alternate Ventilation","3,027,830,043",999843.052,198654.140
999939.827269744,198659.16192091,5496,E-232,3,"2,783","39","09DCP056K",C090334ZMK,,"Hazardous Materials* Phase I and Phase II Testing Protocol;Window Wall Attenuation & Alternate Ventilation","3,027,830,039",999939.827,198659.162
999962.355696611,198483.850423982,7139,E-232,3,"2,789","7,501","09DCP056K",C090334ZMK,,"Hazardous Materials* Phase I and Phase II Testing Protocol;Window Wall Attenuation & Alternate Ventilation","3,027,897,501",999962.356,198483.850
999997.054641294,198678.554841762,5495,E-232,3,"2,783","36","09DCP056K",C090334ZMK,,"Hazardous Materials* Phase I and Phase II Testing Protocol;Window Wall Attenuation & Alternate Ventilation","3,027,830,036",999997.055,198678.555
1000209.51778621,198514.527240804,5505,E-232,3,"2,789","21","09DCP056K",C090334ZMK,,"Hazardous Materials* Phase I and Phase II Testing Protocol;Window Wall Attenuation & Alternate Ventilation","3,027,890,021",1000209.518,198514.527
1000236.17435297,198517.747238011,5506,E-232,3,"2,789","22","09DCP056K",C090334ZMK,,"Hazardous Materials* Phase I and Phase II Testing Protocol;Window Wall Attenuation & Alternate Ventilation","3,027,890,022",1000236.174,198517.747
1000294.51690361,199344.175270189,5474,E-232,3,"2,772","11","09DCP056K",C090334ZMK,,"Hazardous Materials* Phase I and Phase II Testing Protocol;Window Wall Attenuation & Alternate Ventilation","3,027,720,011",1000294.517,199344.175
1000329.19144011,198746.930463623,5498,E-232,3,"2,784","1","09DCP056K",C090334ZMK,,"Hazardous Materials* Phase I and Phase II Testing Protocol;Window Wall Attenuation & Alternate Ventilation","3,027,840,001",1000329.191,198746.930
1000339.91413233,199374.653632225,5475,E-232,3,"2,772","13","09DCP056K",C090334ZMK,,"Hazardous Materials* Phase I and Phase II Testing Protocol;Window Wall Attenuation & Alternate Ventilation","3,027,720,013",1000339.914,199374.654
1000368.41861047,198532.990183166,7142,E-232,3,"2,790","7,504","09DCP056K",C090334ZMK,,"Air Quality - #2 Fuel Oil or Natural Gas Heat and Hot Water;Exhaust stack location limitations;Hazardous Materials* Phase I and Phase II Testing Protocol;Window Wall Attenuation & Alternate Ventilation","3,027,907,504",1000368.419,198532.990
1000387.84758635,199239.669470903,5476,E-232,3,"2,772","20","09DCP056K",C090334ZMK,,"Hazardous Materials* Phase I and Phase II Testing Protocol;Window Wall Attenuation & Alternate Ventilation","3,027,720,020",1000387.848,199239.669
1000396.76286457,198716.430784488,7129,E-232,3,"2,784","32","09DCP056K",C090334ZMK,,Window Wall Attenuation & Alternate Ventilation,"3,027,840,032",1000396.763,198716.431
1000416.68803371,199236.61953007,7110,E-232,3,"2,772","18","09DCP056K",C090334ZMK,,"Hazardous Materials* Phase I and Phase II Testing Protocol;Window Wall Attenuation & Alternate Ventilation","3,027,720,018",1000416.688,199236.620
1000421.19554134,198719.503619651,7128,E-232,3,"2,784","31","09DCP056K",C090334ZMK,,"Hazardous Materials* Phase I and Phase II Testing Protocol;Window Wall Attenuation & Alternate Ventilation","3,027,840,031",1000421.196,198719.504
1000444.25816388,198542.686865665,7140,E-232,3,"2,790","12","09DCP056K",C090334ZMK,,"Hazardous Materials* Phase I and Phase II Testing Protocol;Window Wall Attenuation & Alternate Ventilation","3,027,900,012",1000444.258,198542.687
1000446.70876876,198722.712367942,7127,E-232,3,"2,784","30","09DCP056K",C090334ZMK,,"Hazardous Materials* Phase I and Phase II Testing Protocol;Window Wall Attenuation & Alternate Ventilation","3,027,840,030",1000446.709,198722.712
1000468.98570518,198545.849038461,5507,E-232,3,"2,790","13","09DCP056K",C090334ZMK,,"Hazardous Materials* Phase I and Phase II Testing Protocol;Window Wall Attenuation & Alternate Ventilation","3,027,900,013",1000468.986,198545.849
1000518.20380503,198552.141929032,5508,E-232,3,"2,790","15","09DCP056K",C090334ZMK,,"Hazardous Materials* Phase I and Phase II Testing Protocol;Window Wall Attenuation & Alternate Ventilation","3,027,900,015",1000518.204,198552.142
1000542.9350342,198555.303797139,7141,E-232,3,"2,790","16","09DCP056K",C090334ZMK,,"Hazardous Materials* Phase I and Phase II Testing Protocol;Window Wall Attenuation & Alternate Ventilation","3,027,900,016",1000542.935,198555.304
1000568.64656504,198558.591488785,5509,E-232,3,"2,790","17","09DCP056K",C090334ZMK,,"Hazardous Materials* Phase I and Phase II Testing Protocol;Window Wall Attenuation & Alternate Ventilation","3,027,900,017",1000568.647,198558.591
1000642.24930284,199057.081903693,7151,E-232,3,"2,919","4","09DCP056K",C090334ZMK,,"Hazardous Materials* Phase I and Phase II Testing Protocol;Window Wall Attenuation & Alternate Ventilation","3,029,190,004",1000642.249,199057.082
1000767.01267219,198747.415060025,7152,E-729,3,"2,922","1",23DCP133K,"N230256ZRK; C230255ZMK",,"Hazardous Materials* Phase I and Phase II Testing Protocol;Window Wall Attenuation & Alternate Ventilation","3,029,220,001",1000767.013,198747.415
1000798.8890307,198866.179311358,7153,E-729,3,"2,922","3",23DCP133K,"N230256ZRK; C230255ZMK",,"Hazardous Materials* Phase I and Phase II Testing Protocol;Window Wall Attenuation & Alternate Ventilation","3,029,220,003",1000798.889,198866.179
1000929.58046083,198832.265760022,7163,E-232,3,"2,922","47","09DCP056K",C090334ZMK,,"Hazardous Materials* Phase I and Phase II Testing Protocol;Window Wall Attenuation & Alternate Ventilation","3,029,220,047",1000929.580,198832.266
1000981.4910675,198849.288232097,7162,E-232,3,"2,922","46","09DCP056K",C090334ZMK,,"Hazardous Materials* Phase I and Phase II Testing Protocol;Window Wall Attenuation & Alternate Ventilation","3,029,220,046",1000981.491,198849.288
1001004.54542667,198856.848742746,7161,E-232,3,"2,922","45","09DCP056K",C090334ZMK,,"Hazardous Materials* Phase I and Phase II Testing Protocol;Window Wall Attenuation & Alternate Ventilation","3,029,220,045",1001004.545,198856.849
1001028.95419991,198864.85274132,7160,E-232,3,"2,922","44","09DCP056K",C090334ZMK,,"Hazardous Materials* Phase I and Phase II Testing Protocol;Window Wall Attenuation & Alternate Ventilation","3,029,220,044",1001028.954,198864.853
1001053.21733926,198872.80157091,7159,E-232,3,"2,922","43","09DCP056K",C090334ZMK,,"Hazardous Materials* Phase I and Phase II Testing Protocol;Window Wall Attenuation & Alternate Ventilation","3,029,220,043",1001053.217,198872.802
1001077.40092534,198880.746711989,7158,E-232,3,"2,922","42","09DCP056K",C090334ZMK,,"Hazardous Materials* Phase I and Phase II Testing Protocol;Window Wall Attenuation & Alternate Ventilation","3,029,220,042",1001077.401,198880.747
1001100.9604008,198888.465262861,7157,E-232,3,"2,922","41","09DCP056K",C090334ZMK,,"Hazardous Materials* Phase I and Phase II Testing Protocol;Window Wall Attenuation & Alternate Ventilation","3,029,220,041",1001100.960,198888.465
1001121.96564375,198895.353469821,7156,E-232,3,"2,922","40","09DCP056K",C090334ZMK,,"Hazardous Materials* Phase I and Phase II Testing Protocol;Window Wall Attenuation & Alternate Ventilation","3,029,220,040",1001121.966,198895.353
1001157.58838307,198907.034883449,7155,E-232,3,"2,922","38","09DCP056K",C090334ZMK,,"Hazardous Materials* Phase I and Phase II Testing Protocol;Window Wall Attenuation & Alternate Ventilation","3,029,220,038",1001157.588,198907.035
1001220.44378574,198927.646773799,7154,E-232,3,"2,922","34","09DCP056K",C090334ZMK,,"Hazardous Materials* Phase I and Phase II Testing Protocol;Window Wall Attenuation & Alternate Ventilation","3,029,220,034",1001220.444,198927.647
1007213.70083813,198660.260602477,8060,E-336,4,"3,377","1",14DCP088Q,C140111ZMQ,,Hazardous Materials* Phase I and Phase II Testing Protocol,"4,033,770,001",1007213.701,198660.261
1006962.38590042,198289.42443621,8064,E-336,4,"3,395","12",14DCP088Q,C140111ZMQ,,"Air Quality - HVAC fuel limited to natural gas;Exhaust stack location limitations;Hazardous Materials* Phase I and Phase II Testing Protocol","4,033,950,012",1006962.386,198289.424
1007135.02753123,198440.123752869,8065,E-336,4,"3,395","16",14DCP088Q,C140111ZMQ,,"Air Quality - HVAC fuel limited to natural gas;Exhaust stack location limitations","4,033,950,016",1007135.028,198440.124
1006978.23827787,198309.940380095,8126,E-336,4,"3,395","13",14DCP088Q,C140111ZMQ,,"Air Quality - HVAC fuel limited to natural gas;Exhaust stack location limitations;Hazardous Materials* Phase I and Phase II Testing Protocol","4,033,950,013",1006978.238,198309.940
1006993.4827303,198329.670027261,8127,E-336,4,"3,395","14",14DCP088Q,C140111ZMQ,,"Air Quality - HVAC fuel limited to natural gas;Exhaust stack location limitations;Hazardous Materials* Phase I and Phase II Testing Protocol","4,033,950,014",1006993.483,198329.670
1007008.85355271,198349.562987302,8128,E-336,4,"3,395","15",14DCP088Q,C140111ZMQ,,"Air Quality - HVAC fuel limited to natural gas;Exhaust stack location limitations;Hazardous Materials* Phase I and Phase II Testing Protocol","4,033,950,015",1007008.854,198349.563
1002879.92976909,196706.49996301,4830,E-841,3,"3,084","1",25DCP029K,C250064ZMK,,"Exhaust stack location limitations;Hazardous Materials* Phase I and Phase II Testing Protocol","3,030,840,001",1002879.930,196706.500
1003259.20586517,195132.625319097,5519,E-101,3,"3,154","13","01HPD001K",C010123ZMK,,Underground Gasoline Storage Tanks* Testing Protocol.,"3,031,540,013",1003259.206,195132.625
1003364.97941327,195273.167437133,5520,E-101,3,"3,154","18","01HPD001K",C010123ZMK,,Underground Gasoline Storage Tanks* Testing Protocol.,"3,031,540,018",1003364.979,195273.167
1003480.31482979,195343.28199119,5521,E-101,3,"3,154","26","01HPD001K",C010123ZMK,,Hazardous Materials* Phase I and Phase II Testing Protocol,"3,031,540,026",1003480.315,195343.282
1003568.69435147,195609.882730152,5523,E-13,3,"3,155","108",87-046K,C870160ZMK,,Window Wall Attenuation & Alternate Ventilation,"3,031,550,108",1003568.694,195609.883
1003618.20938069,195640.956896241,5524,E-13,3,"3,155","109",87-046K,C870160ZMK,,Window Wall Attenuation & Alternate Ventilation,"3,031,550,109",1003618.209,195640.957
1003638.56626054,195576.899391211,5522,E-13,3,"3,155","5",87-046K,C870160ZMK,,Window Wall Attenuation & Alternate Ventilation,"3,031,550,005",1003638.566,195576.899
1003644.35064409,195648.057713177,5525,E-13,3,"3,155","110",87-046K,C870160ZMK,,Window Wall Attenuation & Alternate Ventilation,"3,031,550,110",1003644.351,195648.058
1003655.17926456,195662.51057738,5526,E-13,3,"3,155","111",87-046K,C870160ZMK,,Window Wall Attenuation & Alternate Ventilation,"3,031,550,111",1003655.179,195662.511
1003677.14810265,195691.964918354,4836,E-13,3,"3,155","113",87-046K,C870160ZMK,,Window Wall Attenuation & Alternate Ventilation,"3,031,550,113",1003677.148,195691.965
1005083.15987093,196601.005763233,5528,E-674,3,"3,167","18",21DCP199K,C210314ZMK,,"Air Quality - Require NYC DEP Certificate of Operation;Exhaust stack location limitations;Window Wall Attenuation & Alternate Ventilation","3,031,670,018",1005083.160,196601.006
1005152.33471452,196687.188331944,5529,E-674,3,"3,167","24",21DCP199K,C210314ZMK,,"Air Quality - Require NYC DEP Certificate of Operation;Exhaust stack location limitations;Window Wall Attenuation & Alternate Ventilation","3,031,670,024",1005152.335,196687.188
1005259.47173485,196851.886718719,5530,E-674,3,"3,167","29",21DCP199K,C210314ZMK,,"Exhaust stack location limitations;Window Wall Attenuation & Alternate Ventilation","3,031,670,029",1005259.472,196851.887
1005326.48167862,196821.952421046,5531,E-674,3,"3,167","40",21DCP199K,C210314ZMK,,"Air Quality - HVAC natural gas with low Nox only;Exhaust stack location limitations;Window Wall Attenuation & Alternate Ventilation","3,031,670,040",1005326.482,196821.952
1005803.56707629,195931.891616623,5533,E-583,3,"3,210","15",18DCP177K,"C200344ZMK; N200343ZRK; C200326ZSK",,"Exhaust stack location limitations;Hazardous Materials* Phase I and Phase II Testing Protocol","3,032,100,015",1005803.567,195931.892
1005855.67883756,196001.42872367,4845,E-583,3,"3,210","16",18DCP177K,"C200344ZMK; N200343ZRK; C200326ZSK",,"Exhaust stack location limitations;Hazardous Materials* Phase I and Phase II Testing Protocol","3,032,100,016",1005855.679,196001.429
1005973.70817342,195991.321191394,4846,E-583,3,"3,210","48",18DCP177K,"C200344ZMK; N200343ZRK; C200326ZSK",,"Air Quality - Require NYC DEP Certificate of Operation;Exhaust stack location limitations;Hazardous Materials* Phase I and Phase II Testing Protocol","3,032,100,048",1005973.708,195991.321
1006218.17863243,196053.761637247,4848,R-63,3,"3,221","31","05DCP040K","050192ZMK",,,"3,032,210,031",1006218.179,196053.762
1006386.44565648,195743.092100128,4851,E-465,3,"3,237","23",18DCP061K,"N180149ZRK; C180148ZMK",,"Air Quality - HVAC fuel limited to natural gas;Exhaust stack location limitations;Hazardous Materials* Phase I and Phase II Testing Protocol;Window Wall Attenuation & Alternate Ventilation","3,032,370,023",1006386.446,195743.092
1003911.32216597,195920.044770689,7184,E-13,3,"3,155","26",87-046K,C870160ZMK,,Window Wall Attenuation & Alternate Ventilation,"3,031,550,026",1003911.322,195920.045
1003665.98859067,195677.003523105,7185,E-13,3,"3,155","112",87-046K,C870160ZMK,,Window Wall Attenuation & Alternate Ventilation,"3,031,550,112",1003665.989,195677.004
1003633.12712967,194742.193214857,7186,E-101,3,"3,164","6","01HPD001K",C010123ZMK,,Underground Gasoline Storage Tanks* Testing Protocol.,"3,031,640,006",1003633.127,194742.193
1005922.04422631,195921.468525503,7187,E-583,3,"3,210","51",18DCP177K,"C200344ZMK; N200343ZRK; C200326ZSK",,"Air Quality - Require NYC DEP Certificate of Operation;Exhaust stack location limitations;Hazardous Materials* Phase I and Phase II Testing Protocol","3,032,100,051",1005922.044,195921.469
1006482.98059015,195802.066255987,7188,E-465,3,"3,237","41",18DCP061K,"N180149ZRK; C180148ZMK",,"Air Quality - HVAC fuel limited to natural gas;Exhaust stack location limitations;Hazardous Materials* Phase I and Phase II Testing Protocol;Window Wall Attenuation & Alternate Ventilation","3,032,370,041",1006482.981,195802.066
996120.924755492,204802.979855448,4684,E-232,3,"2,566","4","09DCP056K",C090334ZMK,,"Hazardous Materials* Phase I and Phase II Testing Protocol;Window Wall Attenuation & Alternate Ventilation","3,025,660,004",996120.925,204802.980
995678.997691227,204965.622538083,4681,E-138,3,"2,562","39","04DCP003K","C050111ZMK; C050111AZMK; N050110ZRK; N050110AZRK",,Underground Gasoline Storage Tanks* Testing Protocol.,"3,025,620,039",995678.998,204965.623
996097.873995195,204984.726637437,4682,E-232,3,"2,563","1","09DCP056K",C090334ZMK,,Hazardous Materials* Phase I and Phase II Testing Protocol,"3,025,630,001",996097.874,204984.727
995623.428617406,205231.453296374,4673,E-138,3,"2,557","1","04DCP003K","C050111ZMK; C050111AZMK; N050110ZRK; N050110AZRK",,Underground Gasoline Storage Tanks* Testing Protocol.,"3,025,570,001",995623.429,205231.453
997307.901629657,205258.988067715,5380,E-232,3,"2,575","5","09DCP056K",C090334ZMK,,"Hazardous Materials* Phase I and Phase II Testing Protocol;Window Wall Attenuation & Alternate Ventilation","3,025,750,005",997307.902,205258.988
995317.950083943,205265.433002976,4670,E-138,3,"2,556","45","04DCP003K","C050111ZMK; C050111AZMK; N050110ZRK; N050110AZRK",,"Underground Gasoline Storage Tanks* Testing Protocol.;Window Wall Attenuation & Alternate Ventilation","3,025,560,045",995317.950,205265.433
995846.323497221,205281.851187643,5374,E-138,3,"2,557","24","04DCP003K","C050111ZMK; C050111AZMK; N050110ZRK; N050110AZRK",,Underground Gasoline Storage Tanks* Testing Protocol.,"3,025,570,024",995846.323,205281.851
995590.10698049,205328.954279171,4674,E-138,3,"2,557","3","04DCP003K","C050111ZMK; C050111AZMK; N050110ZRK; N050110AZRK",,Underground Gasoline Storage Tanks* Testing Protocol.,"3,025,570,003",995590.107,205328.954
995702.381083689,205337.066836664,4675,E-138,3,"2,557","7","04DCP003K","C050111ZMK; C050111AZMK; N050110ZRK; N050110AZRK",,"No operable window and/or air intakes limitations;Underground Gasoline Storage Tanks* Testing Protocol.","3,025,570,007",995702.381,205337.067
995230.078934876,205492.761474695,4664,E-138,3,"2,543","1","04DCP003K","C050111ZMK; C050111AZMK; N050110ZRK; N050110AZRK",,"Underground Gasoline Storage Tanks* Testing Protocol.;Window Wall Attenuation & Alternate Ventilation","3,025,430,001",995230.079,205492.761
995667.895213296,205501.07835198,4665,E-138,3,"2,549","36","04DCP003K","C050111ZMK; C050111AZMK; N050110ZRK; N050110AZRK",,Underground Gasoline Storage Tanks* Testing Protocol.,"3,025,490,036",995667.895,205501.078
996777.645201934,205618.621320967,4669,E-232,3,"2,550","47","09DCP056K",C090334ZMK,,"Hazardous Materials* Phase I and Phase II Testing Protocol;Window Wall Attenuation & Alternate Ventilation","3,025,500,047",996777.645,205618.621
996808.623091199,205622.45000882,4668,E-232,3,"2,550","46","09DCP056K",C090334ZMK,,"Hazardous Materials* Phase I and Phase II Testing Protocol;Window Wall Attenuation & Alternate Ventilation","3,025,500,046",996808.623,205622.450
996833.645713735,205625.542653242,4667,E-232,3,"2,550","45","09DCP056K",C090334ZMK,,"Hazardous Materials* Phase I and Phase II Testing Protocol;Window Wall Attenuation & Alternate Ventilation","3,025,500,045",996833.646,205625.543
996968.905795961,205671.31824208,5367,E-232,3,"2,551","3","09DCP056K",C090334ZMK,,"Hazardous Materials* Phase I and Phase II Testing Protocol;Window Wall Attenuation & Alternate Ventilation","3,025,510,003",996968.906,205671.318
996965.801173701,205695.973783164,5368,E-232,3,"2,551","4","09DCP056K",C090334ZMK,,"Hazardous Materials* Phase I and Phase II Testing Protocol;Window Wall Attenuation & Alternate Ventilation","3,025,510,004",996965.801,205695.974
996962.662413207,205720.904559848,5369,E-232,3,"2,551","5","09DCP056K",C090334ZMK,,"Hazardous Materials* Phase I and Phase II Testing Protocol;Window Wall Attenuation & Alternate Ventilation","3,025,510,005",996962.662,205720.905
996959.507650783,205745.959237615,5370,E-232,3,"2,551","6","09DCP056K",C090334ZMK,,"Hazardous Materials* Phase I and Phase II Testing Protocol;Window Wall Attenuation & Alternate Ventilation","3,025,510,006",996959.508,205745.959
995664.197168131,205757.864464685,4661,E-138,3,"2,539","29","04DCP003K","C050111ZMK; C050111AZMK; N050110ZRK; N050110AZRK",,"Underground Gasoline Storage Tanks* Testing Protocol.;Window Wall Attenuation & Alternate Ventilation","3,025,390,029",995664.197,205757.864
996956.378156327,205770.812960643,5371,E-232,3,"2,551","7","09DCP056K",C090334ZMK,,"Hazardous Materials* Phase I and Phase II Testing Protocol;Window Wall Attenuation & Alternate Ventilation","3,025,510,007",996956.378,205770.813
996953.140851123,205797.196205649,5372,E-232,3,"2,551","8","09DCP056K",C090334ZMK,,"Hazardous Materials* Phase I and Phase II Testing Protocol;Window Wall Attenuation & Alternate Ventilation","3,025,510,008",996953.141,205797.196
995561.99539896,205848.076047831,4660,E-138,3,"2,539","1","04DCP003K","C050111ZMK; C050111AZMK; N050110ZRK; N050110AZRK",,"Underground Gasoline Storage Tanks* Testing Protocol.;Window Wall Attenuation & Alternate Ventilation","3,025,390,001",995561.995,205848.076
996759.681878174,205937.707109005,4662,E-232,3,"2,540","41","09DCP056K",C090334ZMK,,"Hazardous Materials* Phase I and Phase II Testing Protocol;Window Wall Attenuation & Alternate Ventilation","3,025,400,041",996759.682,205937.707
996935.77034629,205954.984558434,5366,E-232,3,"2,541","4","09DCP056K",C090334ZMK,,"Hazardous Materials* Phase I and Phase II Testing Protocol;Window Wall Attenuation & Alternate Ventilation","3,025,410,004",996935.770,205954.985
995321.82407253,206028.966143224,5363,E-138,3,"2,530","7,501","04DCP003K","C050111ZMK; C050111AZMK; N050110ZRK; N050110AZRK",,"Underground Gasoline Storage Tanks* Testing Protocol.;Window Wall Attenuation & Alternate Ventilation","3,025,307,501",995321.824,206028.966
995976.509395486,206058.088908494,5365,E-138,3,"2,532","1","04DCP003K","C050111ZMK; C050111AZMK; N050110ZRK; N050110AZRK",,"Underground Gasoline Storage Tanks* Testing Protocol.;Window Wall Attenuation & Alternate Ventilation","3,025,320,001",995976.509,206058.089
995521.010337416,205976.800360145,6952,E-138,3,"2,531","1","04DCP003K","C050111ZMK; C050111AZMK; N050110ZRK; N050110AZRK",,Underground Gasoline Storage Tanks* Testing Protocol.,"3,025,310,001",995521.010,205976.800
995643.658423772,206016.806225976,6957,E-138,3,"2,531","35","04DCP003K","C050111ZMK; C050111AZMK; N050110ZRK; N050110AZRK",,"Underground Gasoline Storage Tanks* Testing Protocol.;Window Wall Attenuation & Alternate Ventilation","3,025,310,035",995643.658,206016.806
995647.903856388,205858.853772707,6961,E-138,3,"2,539","8","04DCP003K","C050111ZMK; C050111AZMK; N050110ZRK; N050110AZRK",,"Underground Gasoline Storage Tanks* Testing Protocol.;Window Wall Attenuation & Alternate Ventilation","3,025,390,008",995647.904,205858.854
995769.299090652,205610.076683918,6962,E-138,3,"2,549","14","04DCP003K","C050111ZMK; C050111AZMK; N050110ZRK; N050110AZRK",,Underground Gasoline Storage Tanks* Testing Protocol.,"3,025,490,014",995769.299,205610.077
995882.126998163,205497.179593641,6963,E-138,3,"2,549","25","04DCP003K","C050111ZMK; C050111AZMK; N050110ZRK; N050110AZRK",,Underground Gasoline Storage Tanks* Testing Protocol.,"3,025,490,025",995882.127,205497.180
995781.749742118,205509.17356802,6964,E-138,3,"2,549","28","04DCP003K","C050111ZMK; C050111AZMK; N050110ZRK; N050110AZRK",,Underground Gasoline Storage Tanks* Testing Protocol.,"3,025,490,028",995781.750,205509.174
995465.958624241,205275.542827865,6965,E-138,3,"2,556","58","04DCP003K","C050111ZMK; C050111AZMK; N050110ZRK; N050110AZRK",,"No operable window and/or air intakes limitations;Underground Gasoline Storage Tanks* Testing Protocol.;Window Wall Attenuation & Alternate Ventilation","3,025,560,058",995465.959,205275.543
997247.46932332,205534.149013908,6966,E-232,3,"2,559","18","09DCP056K",C090334ZMK,,Window Wall Attenuation & Alternate Ventilation,"3,025,590,018",997247.469,205534.149
997260.194559355,205535.745826711,6967,E-232,3,"2,559","19","09DCP056K",C090334ZMK,,Window Wall Attenuation & Alternate Ventilation,"3,025,590,019",997260.195,205535.746
997353.742187789,205547.47923765,6968,E-232,3,"2,559","23","09DCP056K",C090334ZMK,,Window Wall Attenuation & Alternate Ventilation,"3,025,590,023",997353.742,205547.479
995704.609522441,205065.70699047,6969,E-138,3,"2,562","10","04DCP003K","C050111ZMK; C050111AZMK; N050110ZRK; N050110AZRK",,Underground Gasoline Storage Tanks* Testing Protocol.,"3,025,620,010",995704.610,205065.707
995813.885923278,204985.948332022,6970,E-138,3,"2,562","29","04DCP003K","C050111ZMK; C050111AZMK; N050110ZRK; N050110AZRK",,Underground Gasoline Storage Tanks* Testing Protocol.,"3,025,620,029",995813.886,204985.948
995716.963543647,204970.161790505,6971,E-138,3,"2,562","37","04DCP003K","C050111ZMK; C050111AZMK; N050110ZRK; N050110AZRK",,Underground Gasoline Storage Tanks* Testing Protocol.,"3,025,620,037",995716.964,204970.162
995633.004584716,205023.837377079,6972,E-138,3,"2,562","7,501","04DCP003K","C050111ZMK; C050111AZMK; N050110ZRK; N050110AZRK",,Underground Gasoline Storage Tanks* Testing Protocol.,"3,025,627,501",995633.005,205023.837
995724.505851059,204721.37445861,6973,E-138,3,"2,565","1","04DCP003K","C050111ZMK; C050111AZMK; N050110ZRK; N050110AZRK",,"Air Quality - HVAC fuel limited to natural gas;Underground Gasoline Storage Tanks* Testing Protocol.","3,025,650,001",995724.506,204721.374
997624.347431144,205301.387519169,6976,E-287,3,"2,576","7",10DCP024K,C100218ZMK,,"Air Quality - HVAC fuel limited to natural gas;Exhaust stack location limitations;Hazardous Materials* Phase I and Phase II Testing Protocol;Window Wall Attenuation & Alternate Ventilation","3,025,760,007",997624.347,205301.388
996711.146911707,206170.294676491,4655,E-232,3,"2,532","45","09DCP056K",C090334ZMK,,"Hazardous Materials* Phase I and Phase II Testing Protocol;Window Wall Attenuation & Alternate Ventilation","3,025,320,045",996711.147,206170.295
996721.201309599,206240.926624344,4654,E-232,3,"2,532","42","09DCP056K",C090334ZMK,,"Hazardous Materials* Phase I and Phase II Testing Protocol;Window Wall Attenuation & Alternate Ventilation","3,025,320,042",996721.201,206240.927
995657.068971045,206288.203893419,5358,E-138,3,"2,521","32","04DCP003K","C050111ZMK; C050111AZMK; N050110ZRK; N050110AZRK",,Underground Gasoline Storage Tanks* Testing Protocol.,"3,025,210,032",995657.069,206288.204
996881.070567945,206397.137947606,4653,E-232,3,"2,523","7,505","09DCP056K",C090334ZMK,,"Hazardous Materials* Phase I and Phase II Testing Protocol;Window Wall Attenuation & Alternate Ventilation","3,025,237,505",996881.071,206397.138
996004.403638123,206428.341651547,5359,E-138,3,"2,522","10","04DCP003K","C050111ZMK; C050111AZMK; N050110ZRK; N050110AZRK",,Underground Gasoline Storage Tanks* Testing Protocol.,"3,025,220,010",996004.404,206428.342
996312.542088618,206450.913005909,4652,E-138,3,"2,522","16","04DCP003K","C050111ZMK; C050111AZMK; N050110ZRK; N050110AZRK",,Underground Gasoline Storage Tanks* Testing Protocol.,"3,025,220,016",996312.542,206450.913
996872.149863994,206471.096220506,5360,E-232,3,"2,523","4","09DCP056K",C090334ZMK,,"Hazardous Materials* Phase I and Phase II Testing Protocol;Window Wall Attenuation & Alternate Ventilation","3,025,230,004",996872.150,206471.096
995603.444676611,206537.156506598,6942,E-138,3,"2,511","31","04DCP003K","C050111ZMK; C050111AZMK; N050110ZRK; N050110AZRK",,"Underground Gasoline Storage Tanks* Testing Protocol.;Window Wall Attenuation & Alternate Ventilation","3,025,110,031",995603.445,206537.157
996863.191181276,206545.365511885,5361,E-232,3,"2,523","7","09DCP056K",C090334ZMK,,"Hazardous Materials* Phase I and Phase II Testing Protocol;Window Wall Attenuation & Alternate Ventilation","3,025,230,007",996863.191,206545.366
996334.583238968,206626.289699673,5356,E-138,3,"2,512","60","04DCP003K","C050111ZMK; C050111AZMK; N050110ZRK; N050110AZRK",,"Underground Gasoline Storage Tanks* Testing Protocol.;Window Wall Attenuation & Alternate Ventilation","3,025,120,060",996334.583,206626.290
995528.259813199,206630.210283588,6940,E-138,3,"2,511","11","04DCP003K","C050111ZMK; C050111AZMK; N050110ZRK; N050110AZRK",,"Underground Gasoline Storage Tanks* Testing Protocol.;Window Wall Attenuation & Alternate Ventilation","3,025,110,011",995528.260,206630.210
995564.926390569,206634.783273927,6941,E-138,3,"2,511","12","04DCP003K","C050111ZMK; C050111AZMK; N050110ZRK; N050110AZRK",,Underground Gasoline Storage Tanks* Testing Protocol.,"3,025,110,012",995564.926,206634.783
995602.083209928,206639.417530143,4649,E-138,3,"2,511","14","04DCP003K","C050111ZMK; C050111AZMK; N050110ZRK; N050110AZRK",,"Underground Gasoline Storage Tanks* Testing Protocol.;Window Wall Attenuation & Alternate Ventilation","3,025,110,014",995602.083,206639.418
995509.096679104,206843.288621254,5352,E-138,3,"2,503","1","04DCP003K","C050111ZMK; C050111AZMK; N050110ZRK; N050110AZRK",,Underground Gasoline Storage Tanks* Testing Protocol.,"3,025,030,001",995509.097,206843.289
996612.15329645,206899.313562553,5354,E-232,3,"2,504","45","09DCP056K",C090334ZMK,,"Hazardous Materials* Phase I and Phase II Testing Protocol;Window Wall Attenuation & Alternate Ventilation","3,025,040,045",996612.153,206899.314
996663.553748837,206906.65264591,6938,E-232,3,"2,504","44","09DCP056K",C090334ZMK,,"Hazardous Materials* Phase I and Phase II Testing Protocol;Window Wall Attenuation & Alternate Ventilation","3,025,040,044",996663.554,206906.653
996812.829349072,206938.796723877,6939,E-232,3,"2,505","2","09DCP056K",C090334ZMK,,Hazardous Materials* Phase I and Phase II Testing Protocol,"3,025,050,002",996812.829,206938.797
996634.829588693,206942.063542063,5353,E-232,3,"2,504","43","09DCP056K",C090334ZMK,,"Hazardous Materials* Phase I and Phase II Testing Protocol;Window Wall Attenuation & Alternate Ventilation","3,025,040,043",996634.830,206942.064
995293.136022383,207020.154471798,4622,E-138,3,"2,472","10","04DCP003K","C050111ZMK; C050111AZMK; N050110ZRK; N050110AZRK",,"Underground Gasoline Storage Tanks* Testing Protocol.;Window Wall Attenuation & Alternate Ventilation","3,024,720,010",995293.136,207020.154
995430.391757907,207030.889451249,5348,E-138,3,"2,494","7,501","04DCP003K","C050111ZMK; C050111AZMK; N050110ZRK; N050110AZRK",,"Underground Gasoline Storage Tanks* Testing Protocol.;Window Wall Attenuation & Alternate Ventilation","3,024,947,501",995430.392,207030.889
995430.391757907,207030.889451249,5349,E-317,3,"2,494","7,501",14DCP004K,"N140028ZRK; N140023ZAK; N140022ZAK; N140021ZAK; N140020ZAK",,"Air Quality - HVAC fuel limited to natural gas;Exhaust stack location limitations;Hazardous Materials* Phase I and Phase II Testing Protocol;Window Wall Attenuation & Alternate Ventilation","3,024,947,501",995430.392,207030.889
996810.240433957,207031.828272721,5355,E-232,3,"2,505","5","09DCP056K",C090334ZMK,,"Air Quality - #2 Fuel Oil or Natural Gas Heat and Hot Water;Exhaust stack location limitations;Hazardous Materials* Phase I and Phase II Testing Protocol;Window Wall Attenuation & Alternate Ventilation","3,025,050,005",996810.240,207031.828
995279.138588741,207124.854098475,6912,E-138,3,"2,472","20","04DCP003K","C050111ZMK; C050111AZMK; N050110ZRK; N050110AZRK",,"Underground Gasoline Storage Tanks* Testing Protocol.;Window Wall Attenuation & Alternate Ventilation","3,024,720,020",995279.139,207124.854
995279.138588741,207124.854098475,6913,E-317,3,"2,472","20",14DCP004K,"N140028ZRK; N140023ZAK; N140022ZAK; N140021ZAK; N140020ZAK",,"Air Quality - HVAC natural gas with low Nox only;Exhaust stack location limitations;Hazardous Materials* Phase I and Phase II Testing Protocol;Window Wall Attenuation & Alternate Ventilation","3,024,720,020",995279.139,207124.854
995414.702039379,207134.31991336,6931,E-317,3,"2,494","6",14DCP004K,"N140028ZRK; N140023ZAK; N140022ZAK; N140021ZAK; N140020ZAK",,"Air Quality - HVAC fuel limited to natural gas;Exhaust stack location limitations;Hazardous Materials* Phase I and Phase II Testing Protocol;Window Wall Attenuation & Alternate Ventilation","3,024,940,006",995414.702,207134.320
995414.702039379,207134.31991336,6930,E-138,3,"2,494","6","04DCP003K","C050111ZMK; C050111AZMK; N050110ZRK; N050110AZRK",,"Underground Gasoline Storage Tanks* Testing Protocol.;Window Wall Attenuation & Alternate Ventilation","3,024,940,006",995414.702,207134.320
995459.058441162,206571.566982527,6943,E-138,3,"2,511","7,501","04DCP003K","C050111ZMK; C050111AZMK; N050110ZRK; N050110AZRK",,"Underground Gasoline Storage Tanks* Testing Protocol.;Window Wall Attenuation & Alternate Ventilation","3,025,117,501",995459.058,206571.567
996835.111966137,206706.486696207,6944,E-232,3,"2,513","2","09DCP056K",C090334ZMK,,"Hazardous Materials* Phase I and Phase II Testing Protocol;Window Wall Attenuation & Alternate Ventilation","3,025,130,002",996835.112,206706.487
996831.726737767,206793.013361268,6945,E-232,3,"2,513","6","09DCP056K",C090334ZMK,,"Hazardous Materials* Phase I and Phase II Testing Protocol;Window Wall Attenuation & Alternate Ventilation","3,025,130,006",996831.727,206793.013
995509.923057459,206365.831324549,6946,E-138,3,"2,521","11","04DCP003K","C050111ZMK; C050111AZMK; N050110ZRK; N050110AZRK",,"Underground Gasoline Storage Tanks* Testing Protocol.;Window Wall Attenuation & Alternate Ventilation","3,025,210,011",995509.923,206365.831
995535.545681778,206369.010776977,6947,E-138,3,"2,521","12","04DCP003K","C050111ZMK; C050111AZMK; N050110ZRK; N050110AZRK",,"Underground Gasoline Storage Tanks* Testing Protocol.;Window Wall Attenuation & Alternate Ventilation","3,025,210,012",995535.546,206369.011
995709.592219633,206390.606888068,6948,E-138,3,"2,521","19","04DCP003K","C050111ZMK; C050111AZMK; N050110ZRK; N050110AZRK",,Underground Gasoline Storage Tanks* Testing Protocol.,"3,025,210,019",995709.592,206390.607
995476.337538165,206301.303315024,6949,E-138,3,"2,521","7,504","04DCP003K","C050111ZMK; C050111AZMK; N050110ZRK; N050110AZRK",,"Underground Gasoline Storage Tanks* Testing Protocol.;Window Wall Attenuation & Alternate Ventilation","3,025,217,504",995476.338,206301.303
996559.228606048,206498.492218519,6950,E-138,3,"2,522","31","04DCP003K","C050111ZMK; C050111AZMK; N050110ZRK; N050110AZRK",,Underground Gasoline Storage Tanks* Testing Protocol.,"3,025,220,031",996559.229,206498.492
996878.07003473,206422.01544513,6951,E-232,3,"2,523","2","09DCP056K",C090334ZMK,,"Hazardous Materials* Phase I and Phase II Testing Protocol;Window Wall Attenuation & Alternate Ventilation","3,025,230,002",996878.070,206422.015
995516.664836094,206117.170268949,6953,E-138,3,"2,531","9","04DCP003K","C050111ZMK; C050111AZMK; N050110ZRK; N050110AZRK",,"Underground Gasoline Storage Tanks* Testing Protocol.;Window Wall Attenuation & Alternate Ventilation","3,025,310,009",995516.665,206117.170
995541.197673613,206120.215089341,6954,E-138,3,"2,531","10","04DCP003K","C050111ZMK; C050111AZMK; N050110ZRK; N050110AZRK",,"Underground Gasoline Storage Tanks* Testing Protocol.;Window Wall Attenuation & Alternate Ventilation","3,025,310,010",995541.198,206120.215
995605.552381869,206114.479902333,6955,E-138,3,"2,531","12","04DCP003K","C050111ZMK; C050111AZMK; N050110ZRK; N050110AZRK",,"Underground Gasoline Storage Tanks* Testing Protocol.;Window Wall Attenuation & Alternate Ventilation","3,025,310,012",995605.552,206114.480
995801.113464164,206156.903324229,6956,E-138,3,"2,531","20","04DCP003K","C050111ZMK; C050111AZMK; N050110ZRK; N050110AZRK",,Underground Gasoline Storage Tanks* Testing Protocol.,"3,025,310,020",995801.113,206156.903
995566.731570165,206123.384574436,6958,E-138,3,"2,531","110","04DCP003K","C050111ZMK; C050111AZMK; N050110ZRK; N050110AZRK",,"Underground Gasoline Storage Tanks* Testing Protocol.;Window Wall Attenuation & Alternate Ventilation","3,025,310,110",995566.732,206123.385
996724.404505931,206215.641577467,6959,E-232,3,"2,532","43","09DCP056K",C090334ZMK,,"Hazardous Materials* Phase I and Phase II Testing Protocol;Window Wall Attenuation & Alternate Ventilation","3,025,320,043",996724.405,206215.642
996906.40878054,206187.883784281,6960,E-232,3,"2,533","3","09DCP056K",C090334ZMK,,"Hazardous Materials* Phase I and Phase II Testing Protocol;Window Wall Attenuation & Alternate Ventilation","3,025,330,003",996906.409,206187.884
995288.716989796,207206.161921048,6915,E-317,3,"2,472","25",14DCP004K,"N140028ZRK; N140023ZAK; N140022ZAK; N140021ZAK; N140020ZAK",,"Air Quality - HVAC natural gas with low Nox only;Exhaust stack location limitations;Hazardous Materials* Phase I and Phase II Testing Protocol;Window Wall Attenuation & Alternate Ventilation","3,024,720,025",995288.717,207206.162
995288.716989796,207206.161921048,6914,E-138,3,"2,472","25","04DCP003K","C050111ZMK; C050111AZMK; N050110ZRK; N050110AZRK",,"Underground Gasoline Storage Tanks* Testing Protocol.;Window Wall Attenuation & Alternate Ventilation","3,024,720,025",995288.717,207206.162
995455.040736252,207579.664098891,6917,E-317,3,"2,472","50",14DCP004K,"N140028ZRK; N140023ZAK; N140022ZAK; N140021ZAK; N140020ZAK",,"Air Quality - HVAC fuel limited to natural gas;Exhaust stack location limitations;Hazardous Materials* Phase I and Phase II Testing Protocol;Window Wall Attenuation & Alternate Ventilation","3,024,720,050",995455.041,207579.664
995455.040736252,207579.664098891,6916,E-138,3,"2,472","50","04DCP003K","C050111ZMK; C050111AZMK; N050110ZRK; N050110AZRK",,"Underground Gasoline Storage Tanks* Testing Protocol.;Window Wall Attenuation & Alternate Ventilation","3,024,720,050",995455.041,207579.664
995490.658007391,207449.314820197,5337,E-138,3,"2,472","7,502","04DCP003K","C050111ZMK; C050111AZMK; N050110ZRK; N050110AZRK",,"Underground Gasoline Storage Tanks* Testing Protocol.;Window Wall Attenuation & Alternate Ventilation","3,024,727,502",995490.658,207449.315
995490.658007391,207449.314820197,5338,E-317,3,"2,472","7,502",14DCP004K,"N140028ZRK; N140023ZAK; N140022ZAK; N140021ZAK; N140020ZAK",,"Air Quality - HVAC fuel limited to natural gas;Exhaust stack location limitations;Hazardous Materials* Phase I and Phase II Testing Protocol;Window Wall Attenuation & Alternate Ventilation","3,024,727,502",995490.658,207449.315
995613.241842304,207166.609459576,4643,E-138,3,"2,494","20","04DCP003K","C050111ZMK; C050111AZMK; N050110ZRK; N050110AZRK",,"Underground Gasoline Storage Tanks* Testing Protocol.;Window Wall Attenuation & Alternate Ventilation","3,024,940,020",995613.242,207166.609
995613.241842304,207166.609459576,4644,E-317,3,"2,494","20",14DCP004K,"N140028ZRK; N140023ZAK; N140022ZAK; N140021ZAK; N140020ZAK",,"Air Quality - HVAC fuel limited to natural gas;Exhaust stack location limitations;Hazardous Materials* Phase I and Phase II Testing Protocol;Window Wall Attenuation & Alternate Ventilation","3,024,940,020",995613.242,207166.609
995884.122503183,207410.573237131,5345,E-138,3,"2,487","17","04DCP003K","C050111ZMK; C050111AZMK; N050110ZRK; N050110AZRK",,Underground Gasoline Storage Tanks* Testing Protocol.,"3,024,870,017",995884.123,207410.573
996005.980689009,207630.494672667,5342,E-138,3,"2,482","1","04DCP003K","C050111ZMK; C050111AZMK; N050110ZRK; N050110AZRK",,Underground Gasoline Storage Tanks* Testing Protocol.,"3,024,820,001",996005.981,207630.495
996139.776843005,207428.390000165,5346,E-138,3,"2,487","18","04DCP003K","C050111ZMK; C050111AZMK; N050110ZRK; N050110AZRK",,Underground Gasoline Storage Tanks* Testing Protocol.,"3,024,870,018",996139.777,207428.390
996214.491221922,207657.898513615,4635,E-138,3,"2,482","53","04DCP003K","C050111ZMK; C050111AZMK; N050110ZRK; N050110AZRK",,Underground Gasoline Storage Tanks* Testing Protocol.,"3,024,820,053",996214.491,207657.899
996538.531298724,207690.094162529,6920,E-138,3,"2,482","39","04DCP003K","C050111ZMK; C050111AZMK; N050110ZRK; N050110AZRK",,Underground Gasoline Storage Tanks* Testing Protocol.,"3,024,820,039",996538.531,207690.094
996560.236443827,207533.037214643,4642,E-232,3,"2,487","42","09DCP056K",C090334ZMK,,"Hazardous Materials* Phase I and Phase II Testing Protocol;Window Wall Attenuation & Alternate Ventilation","3,024,870,042",996560.236,207533.037
996563.463780994,207507.584161378,6925,E-232,3,"2,487","43","09DCP056K",C090334ZMK,,"Hazardous Materials* Phase I and Phase II Testing Protocol;Window Wall Attenuation & Alternate Ventilation","3,024,870,043",996563.464,207507.584
996604.685932117,207174.934239835,6932,E-232,3,"2,495","48","09DCP056K",C090334ZMK,,"Hazardous Materials* Phase I and Phase II Testing Protocol;Window Wall Attenuation & Alternate Ventilation","3,024,950,048",996604.686,207174.934
996733.074440691,207579.429835614,6929,E-232,3,"2,488","7","09DCP056K",C090334ZMK,,"Hazardous Materials* Phase I and Phase II Testing Protocol;Window Wall Attenuation & Alternate Ventilation","3,024,880,007",996733.074,207579.430
996736.227679484,207554.293622572,6928,E-232,3,"2,488","6","09DCP056K",C090334ZMK,,"Hazardous Materials* Phase I and Phase II Testing Protocol;Window Wall Attenuation & Alternate Ventilation","3,024,880,006",996736.228,207554.294
996742.429670484,207504.86101576,6927,E-232,3,"2,488","4","09DCP056K",C090334ZMK,,"Hazardous Materials* Phase I and Phase II Testing Protocol;Window Wall Attenuation & Alternate Ventilation","3,024,880,004",996742.430,207504.861
996745.545845116,207480.024178711,6926,E-232,3,"2,488","3","09DCP056K",C090334ZMK,,"Hazardous Materials* Phase I and Phase II Testing Protocol;Window Wall Attenuation & Alternate Ventilation","3,024,880,003",996745.546,207480.024
996765.474181104,207168.367799003,6933,E-232,3,"2,496","1","09DCP056K",C090334ZMK,,"Hazardous Materials* Phase I and Phase II Testing Protocol;Window Wall Attenuation & Alternate Ventilation","3,024,960,001",996765.474,207168.368
996770.26621871,207295.529892896,6935,E-232,3,"2,496","6","09DCP056K",C090334ZMK,,"Hazardous Materials* Phase I and Phase II Testing Protocol;Window Wall Attenuation & Alternate Ventilation","3,024,960,006",996770.266,207295.530
996778.194215387,207221.643368355,6934,E-232,3,"2,496","3","09DCP056K",C090334ZMK,,"Hazardous Materials* Phase I and Phase II Testing Protocol;Window Wall Attenuation & Alternate Ventilation","3,024,960,003",996778.194,207221.643
996779.387470391,207732.29971429,6924,E-138,3,"2,483","62","04DCP003K","C050111ZMK; C050111AZMK; N050110ZRK; N050110AZRK",,Underground Gasoline Storage Tanks* Testing Protocol.,"3,024,830,062",996779.387,207732.300
996803.263736584,207735.257938334,5344,E-138,3,"2,483","7,502","04DCP003K","C050111ZMK; C050111AZMK; N050110ZRK; N050110AZRK",,Underground Gasoline Storage Tanks* Testing Protocol.,"3,024,837,502",996803.264,207735.258
996826.898295938,207738.18571255,6923,E-138,3,"2,483","60","04DCP003K","C050111ZMK; C050111AZMK; N050110ZRK; N050110AZRK",,Underground Gasoline Storage Tanks* Testing Protocol.,"3,024,830,060",996826.898,207738.186
996851.793390581,207741.270003669,6922,E-138,3,"2,483","59","04DCP003K","C050111ZMK; C050111AZMK; N050110ZRK; N050110AZRK",,Underground Gasoline Storage Tanks* Testing Protocol.,"3,024,830,059",996851.793,207741.270
996433.358019466,207741.812683158,5343,E-138,3,"2,482","26","04DCP003K","C050111ZMK; C050111AZMK; N050110ZRK; N050110AZRK",,Underground Gasoline Storage Tanks* Testing Protocol.,"3,024,820,026",996433.358,207741.813
996289.770975881,207753.299497137,4634,E-138,3,"2,482","21","04DCP003K","C050111ZMK; C050111AZMK; N050110ZRK; N050110AZRK",,Underground Gasoline Storage Tanks* Testing Protocol.,"3,024,820,021",996289.771,207753.299
995839.949701556,207753.800734958,5339,E-138,3,"2,472","7,504","04DCP003K","C050111ZMK; C050111AZMK; N050110ZRK; N050110AZRK",,"Underground Gasoline Storage Tanks* Testing Protocol.;Window Wall Attenuation & Alternate Ventilation","3,024,727,504",995839.950,207753.801
995839.949701556,207753.800734958,5340,E-317,3,"2,472","7,504",14DCP004K,"N140028ZRK; N140023ZAK; N140022ZAK; N140021ZAK; N140020ZAK",,"Air Quality - HVAC fuel limited to natural gas;Exhaust stack location limitations;Hazardous Materials* Phase I and Phase II Testing Protocol;Window Wall Attenuation & Alternate Ventilation","3,024,727,504",995839.950,207753.801
995410.523319493,207753.871565194,4631,E-317,3,"2,472","80",14DCP004K,"N140028ZRK; N140023ZAK; N140022ZAK; N140021ZAK; N140020ZAK",,"Air Quality - HVAC fuel limited to natural gas;Exhaust stack location limitations;Hazardous Materials* Phase I and Phase II Testing Protocol;Window Wall Attenuation & Alternate Ventilation","3,024,720,080",995410.523,207753.872
995410.523319493,207753.871565194,4630,E-138,3,"2,472","80","04DCP003K","C050111ZMK; C050111AZMK; N050110ZRK; N050110AZRK",,"Underground Gasoline Storage Tanks* Testing Protocol.;Window Wall Attenuation & Alternate Ventilation","3,024,720,080",995410.523,207753.872
997089.022021199,207770.659942229,4641,E-138,3,"2,483","48","04DCP003K","C050111ZMK; C050111AZMK; N050110ZRK; N050110AZRK",,Underground Gasoline Storage Tanks* Testing Protocol.,"3,024,830,048",997089.022,207770.660
997151.169796899,207778.359347254,4640,E-138,3,"2,483","45","04DCP003K","C050111ZMK; C050111AZMK; N050110ZRK; N050110AZRK",,Underground Gasoline Storage Tanks* Testing Protocol.,"3,024,830,045",997151.170,207778.359
996839.138645086,207842.666590227,6921,E-138,3,"2,483","14","04DCP003K","C050111ZMK; C050111AZMK; N050110ZRK; N050110AZRK",,Underground Gasoline Storage Tanks* Testing Protocol.,"3,024,830,014",996839.139,207842.667
996876.223654061,207847.310049984,4636,E-138,3,"2,483","15","04DCP003K","C050111ZMK; C050111AZMK; N050110ZRK; N050110AZRK",,Underground Gasoline Storage Tanks* Testing Protocol.,"3,024,830,015",996876.224,207847.310
996926.234246022,207853.571505673,4637,E-138,3,"2,483","17","04DCP003K","C050111ZMK; C050111AZMK; N050110ZRK; N050110AZRK",,Underground Gasoline Storage Tanks* Testing Protocol.,"3,024,830,017",996926.234,207853.572
996963.820043232,207858.277267459,4638,E-138,3,"2,483","19","04DCP003K","C050111ZMK; C050111AZMK; N050110ZRK; N050110AZRK",,Underground Gasoline Storage Tanks* Testing Protocol.,"3,024,830,019",996963.820,207858.277
995400.773948972,207866.597008377,4628,E-138,3,"2,472","55","04DCP003K","C050111ZMK; C050111AZMK; N050110ZRK; N050110AZRK",,"Underground Gasoline Storage Tanks* Testing Protocol.;Window Wall Attenuation & Alternate Ventilation","3,024,720,055",995400.774,207866.597
995400.773948972,207866.597008377,4629,E-317,3,"2,472","55",14DCP004K,"N140028ZRK; N140023ZAK; N140022ZAK; N140021ZAK; N140020ZAK",,"Air Quality - HVAC fuel limited to natural gas;Exhaust stack location limitations;Hazardous Materials* Phase I and Phase II Testing Protocol;Window Wall Attenuation & Alternate Ventilation","3,024,720,055",995400.774,207866.597
997152.098638482,207881.853869832,4639,E-138,3,"2,483","25","04DCP003K","C050111ZMK; C050111AZMK; N050110ZRK; N050110AZRK",,"Underground Gasoline Storage Tanks* Testing Protocol.;Window Wall Attenuation & Alternate Ventilation","3,024,830,025",997152.099,207881.854
995533.841880052,207890.040966698,6918,E-138,3,"2,472","90","04DCP003K","C050111ZMK; C050111AZMK; N050110ZRK; N050110AZRK",,"Underground Gasoline Storage Tanks* Testing Protocol.;Window Wall Attenuation & Alternate Ventilation","3,024,720,090",995533.842,207890.041
995533.841880052,207890.040966698,6919,E-317,3,"2,472","90",14DCP004K,"N140028ZRK; N140023ZAK; N140022ZAK; N140021ZAK; N140020ZAK",,"Air Quality - HVAC fuel limited to natural gas;Exhaust stack location limitations;Hazardous Materials* Phase I and Phase II Testing Protocol;Window Wall Attenuation & Alternate Ventilation","3,024,720,090",995533.842,207890.041
995663.185100911,208014.206119826,4632,E-138,3,"2,472","475","04DCP003K","C050111ZMK; C050111AZMK; N050110ZRK; N050110AZRK",,"Underground Gasoline Storage Tanks* Testing Protocol.;Window Wall Attenuation & Alternate Ventilation","3,024,720,475",995663.185,208014.206
995663.185100911,208014.206119826,4633,E-317,3,"2,472","475",14DCP004K,"N140028ZRK; N140023ZAK; N140022ZAK; N140021ZAK; N140020ZAK",,"Air Quality - HVAC fuel limited to natural gas;Exhaust stack location limitations;Hazardous Materials* Phase I and Phase II Testing Protocol;Window Wall Attenuation & Alternate Ventilation","3,024,720,475",995663.185,208014.206
996145.299247336,208148.769962349,5341,E-138,3,"2,472","7,505","04DCP003K","C050111ZMK; C050111AZMK; N050110ZRK; N050110AZRK",,"Underground Gasoline Storage Tanks* Testing Protocol.;Window Wall Attenuation & Alternate Ventilation","3,024,727,505",996145.299,208148.770
995617.134834917,208629.951681329,7332,E-213,4,"11","3","08DME006Q",C080362ZMQ,,"Air Quality - HVAC fuel limited to natural gas;Exhaust stack location limitations;Hazardous Materials* Phase I and Phase II Testing Protocol;Window Wall Attenuation & Alternate Ventilation","4,000,110,003",995617.135,208629.952
995768.18705931,208952.639118482,7331,E-213,4,"11","1","08DME006Q",C080362ZMQ,,"Air Quality - HVAC fuel limited to natural gas;Exhaust stack location limitations;Hazardous Materials* Phase I and Phase II Testing Protocol;Window Wall Attenuation & Alternate Ventilation","4,000,110,001",995768.187,208952.639
995751.183168971,209834.17381451,7333,E-129,4,"15","44","04DCP011Q","C040273ZMQ; N040272ZRQ",,Underground Gasoline Storage Tanks* Testing Protocol.,"4,000,150,044",995751.183,209834.174
995916.66111964,210063.388269824,7334,E-129,4,"16","8","04DCP011Q","C040273ZMQ; N040272ZRQ",,"Air Quality - HVAC fuel limited to natural gas;Underground Gasoline Storage Tanks* Testing Protocol.","4,000,160,008",995916.661,210063.388
996606.070528364,210841.912546873,7337,E-129,4,"29","22","04DCP011Q","C040273ZMQ; N040272ZRQ",,Underground Gasoline Storage Tanks* Testing Protocol.,"4,000,290,022",996606.071,210841.913
996612.251006512,210866.142874606,7338,E-129,4,"29","23","04DCP011Q","C040273ZMQ; N040272ZRQ",,Underground Gasoline Storage Tanks* Testing Protocol.,"4,000,290,023",996612.251,210866.143
996579.535793629,210736.0467532,7339,E-129,4,"30","29","04DCP011Q","C040273ZMQ; N040272ZRQ",,Underground Gasoline Storage Tanks* Testing Protocol.,"4,000,300,029",996579.536,210736.047
996818.142874091,210531.183141105,7340,E-129,4,"30","7,503","04DCP011Q","C040273ZMQ; N040272ZRQ",,"Air Quality - HVAC fuel limited to natural gas;Hazardous Materials* Phase I and Phase II Testing Protocol","4,000,307,503",996818.143,210531.183
997258.647869671,209882.490200026,7341,E-129,4,"42","28","04DCP011Q","C040273ZMQ; N040272ZRQ",,Underground Gasoline Storage Tanks* Testing Protocol.,"4,000,420,028",997258.648,209882.490
997833.66700947,210906.049085909,7342,E-129,4,"47","25","04DCP011Q","C040273ZMQ; N040272ZRQ",,"Air Quality - Operable Window Limitations;Underground Gasoline Storage Tanks* Testing Protocol.","4,000,470,025",997833.667,210906.049
997861.414743056,210947.185665897,7343,E-129,4,"47","28","04DCP011Q","C040273ZMQ; N040272ZRQ",,"Air Quality - Operable Window Limitations;Underground Gasoline Storage Tanks* Testing Protocol.","4,000,470,028",997861.415,210947.186
997801.898745107,210818.543928424,7344,E-129,4,"47","7,501","04DCP011Q","C040273ZMQ; N040272ZRQ",,Underground Gasoline Storage Tanks* Testing Protocol.,"4,000,477,501",997801.899,210818.544
998469.588956599,210753.88926781,7345,E-129,4,"56","51","04DCP011Q","C040273ZMQ; N040272ZRQ",,Underground Gasoline Storage Tanks* Testing Protocol.,"4,000,560,051",998469.589,210753.889
998469.588956599,210753.88926781,7346,E-65,4,"56","51",95DCP045Q,C950403ZMQ,,Window Wall Attenuation & Alternate Ventilation,"4,000,560,051",998469.589,210753.889
998436.487375951,210661.359706672,7347,E-129,4,"56","7,502","04DCP011Q","C040273ZMQ; N040272ZRQ",,Underground Gasoline Storage Tanks* Testing Protocol.,"4,000,567,502",998436.487,210661.360
1000555.47314064,209423.088488539,7351,E-520,4,"115","1",18DCP189Q,N180518ZRQ,,"Hazardous Materials* Phase I and Phase II Testing Protocol;Window Wall Attenuation & Alternate Ventilation","4,001,150,001",1000555.473,209423.088
996703.236300912,209756.646203079,7619,E-129,4,"33","9","04DCP011Q","C040273ZMQ; N040272ZRQ",,Underground Gasoline Storage Tanks* Testing Protocol.,"4,000,330,009",996703.236,209756.646
996812.64217759,209452.209844471,7620,E-129,4,"34","1","04DCP011Q","C040273ZMQ; N040272ZRQ",,Underground Gasoline Storage Tanks* Testing Protocol.,"4,000,340,001",996812.642,209452.210
996812.64217759,209452.209844471,7621,E-65,4,"34","1",95DCP045Q,C950403ZMQ,,Window Wall Attenuation & Alternate Ventilation,"4,000,340,001",996812.642,209452.210
997501.719112694,202888.217294308,4708,E-138,3,"2,644","43","04DCP003K","C050111ZMK; C050111AZMK; N050110ZRK; N050110AZRK",,"No operable window and/or air intakes limitations;Underground Gasoline Storage Tanks* Testing Protocol.","3,026,440,043",997501.719,202888.217
997931.870943552,204516.240391111,6977,E-232,3,"2,599","28","09DCP056K",C090334ZMK,,"Hazardous Materials* Phase I and Phase II Testing Protocol;Window Wall Attenuation & Alternate Ventilation","3,025,990,028",997931.871,204516.240
997996.117819589,204367.053912902,5397,E-232,3,"2,622","5","09DCP056K",C090334ZMK,,"Hazardous Materials* Phase I and Phase II Testing Protocol;Window Wall Attenuation & Alternate Ventilation","3,026,220,005",997996.118,204367.054
998037.050108525,204398.348094321,5398,E-232,3,"2,622","7","09DCP056K",C090334ZMK,,"Hazardous Materials* Phase I and Phase II Testing Protocol;Window Wall Attenuation & Alternate Ventilation","3,026,220,007",998037.050,204398.348
998055.202838797,204327.491678769,6979,E-232,3,"2,622","10","09DCP056K",C090334ZMK,,"Hazardous Materials* Phase I and Phase II Testing Protocol;Window Wall Attenuation & Alternate Ventilation","3,026,220,010",998055.203,204327.492
998056.433246731,204356.051423844,5399,E-232,3,"2,622","9","09DCP056K",C090334ZMK,,"Hazardous Materials* Phase I and Phase II Testing Protocol;Window Wall Attenuation & Alternate Ventilation","3,026,220,009",998056.433,204356.051
998060.912585247,204408.521359118,6978,E-232,3,"2,622","8","09DCP056K",C090334ZMK,,"Hazardous Materials* Phase I and Phase II Testing Protocol;Window Wall Attenuation & Alternate Ventilation","3,026,220,008",998060.913,204408.521
998065.284236297,204304.263991202,5400,E-232,3,"2,622","11","09DCP056K",C090334ZMK,,"Hazardous Materials* Phase I and Phase II Testing Protocol;Window Wall Attenuation & Alternate Ventilation","3,026,220,011",998065.284,204304.264
998144.786374993,204121.096176312,5401,E-232,3,"2,622","20","09DCP056K",C090334ZMK,,"Hazardous Materials* Phase I and Phase II Testing Protocol;Window Wall Attenuation & Alternate Ventilation","3,026,220,020",998144.786,204121.096
998154.96396817,204097.647172772,5402,E-232,3,"2,622","21","09DCP056K",C090334ZMK,,"Hazardous Materials* Phase I and Phase II Testing Protocol;Window Wall Attenuation & Alternate Ventilation","3,026,220,021",998154.964,204097.647
998165.03396672,204074.446490542,5403,E-232,3,"2,622","22","09DCP056K",C090334ZMK,,"Hazardous Materials* Phase I and Phase II Testing Protocol;Window Wall Attenuation & Alternate Ventilation","3,026,220,022",998165.034,204074.446
998174.610093666,204052.383751708,5404,E-232,3,"2,622","23","09DCP056K",C090334ZMK,,"Hazardous Materials* Phase I and Phase II Testing Protocol;Window Wall Attenuation & Alternate Ventilation","3,026,220,023",998174.610,204052.384
998184.407232525,204029.811141874,5405,E-232,3,"2,622","24","09DCP056K",C090334ZMK,,"Hazardous Materials* Phase I and Phase II Testing Protocol;Window Wall Attenuation & Alternate Ventilation","3,026,220,024",998184.407,204029.811
998319.1572554,203721.755460559,6980,E-232,3,"2,649","11","09DCP056K",C090334ZMK,,"Hazardous Materials* Phase I and Phase II Testing Protocol;Window Wall Attenuation & Alternate Ventilation","3,026,490,011",998319.157,203721.755
998328.986886302,203699.221835303,6981,E-232,3,"2,649","12","09DCP056K",C090334ZMK,,"Hazardous Materials* Phase I and Phase II Testing Protocol;Window Wall Attenuation & Alternate Ventilation","3,026,490,012",998328.987,203699.222
998339.103823677,203676.030571375,6982,E-232,3,"2,649","13","09DCP056K",C090334ZMK,,"Hazardous Materials* Phase I and Phase II Testing Protocol;Window Wall Attenuation & Alternate Ventilation","3,026,490,013",998339.104,203676.031
998349.092621783,203653.132556382,6983,E-232,3,"2,649","14","09DCP056K",C090334ZMK,,"Hazardous Materials* Phase I and Phase II Testing Protocol;Window Wall Attenuation & Alternate Ventilation","3,026,490,014",998349.093,203653.133
998359.055573252,203630.293368371,6984,E-232,3,"2,649","15","09DCP056K",C090334ZMK,,"Hazardous Materials* Phase I and Phase II Testing Protocol;Window Wall Attenuation & Alternate Ventilation","3,026,490,015",998359.056,203630.293
998369.038671681,203607.408703907,6985,E-232,3,"2,649","16","09DCP056K",C090334ZMK,,"Hazardous Materials* Phase I and Phase II Testing Protocol;Window Wall Attenuation & Alternate Ventilation","3,026,490,016",998369.039,203607.409
998389.278733823,203561.011271626,6986,E-232,3,"2,649","18","09DCP056K",C090334ZMK,,"Hazardous Materials* Phase I and Phase II Testing Protocol;Window Wall Attenuation & Alternate Ventilation","3,026,490,018",998389.279,203561.011
998399.240130761,203538.176319894,6987,E-232,3,"2,649","19","09DCP056K",C090334ZMK,,"Hazardous Materials* Phase I and Phase II Testing Protocol;Window Wall Attenuation & Alternate Ventilation","3,026,490,019",998399.240,203538.176
998409.32503302,203515.05799503,6988,E-232,3,"2,649","20","09DCP056K",C090334ZMK,,"Hazardous Materials* Phase I and Phase II Testing Protocol;Window Wall Attenuation & Alternate Ventilation","3,026,490,020",998409.325,203515.058
998429.073388364,203469.787747328,6989,E-232,3,"2,649","22","09DCP056K",C090334ZMK,,"Hazardous Materials* Phase I and Phase II Testing Protocol;Window Wall Attenuation & Alternate Ventilation","3,026,490,022",998429.073,203469.788
998439.411855887,203446.088319588,6990,E-232,3,"2,649","23","09DCP056K",C090334ZMK,,"Hazardous Materials* Phase I and Phase II Testing Protocol;Window Wall Attenuation & Alternate Ventilation","3,026,490,023",998439.412,203446.088
998452.757624806,203415.49463075,6991,E-232,3,"2,649","24","09DCP056K",C090334ZMK,,"Hazardous Materials* Phase I and Phase II Testing Protocol;Window Wall Attenuation & Alternate Ventilation","3,026,490,024",998452.758,203415.495
998529.706009583,203333.976616378,6992,E-232,3,"2,649","29","09DCP056K",C090334ZMK,,"Hazardous Materials* Phase I and Phase II Testing Protocol;Window Wall Attenuation & Alternate Ventilation","3,026,490,029",998529.706,203333.977
998504.935226348,203323.432924656,6993,E-232,3,"2,649","30","09DCP056K",C090334ZMK,,"Hazardous Materials* Phase I and Phase II Testing Protocol;Window Wall Attenuation & Alternate Ventilation","3,026,490,030",998504.935,203323.433
998481.371790425,203313.30498424,6994,E-232,3,"2,649","31","09DCP056K",C090334ZMK,,"Hazardous Materials* Phase I and Phase II Testing Protocol;Window Wall Attenuation & Alternate Ventilation","3,026,490,031",998481.372,203313.305
998458.70193951,203303.560484547,6995,E-232,3,"2,649","32","09DCP056K",C090334ZMK,,"Hazardous Materials* Phase I and Phase II Testing Protocol;Window Wall Attenuation & Alternate Ventilation","3,026,490,032",998458.702,203303.560
998522.948226274,203159.162465952,6997,E-232,3,"2,682","5","09DCP056K",C090334ZMK,,"Hazardous Materials* Phase I and Phase II Testing Protocol;Window Wall Attenuation & Alternate Ventilation","3,026,820,005",998522.948,203159.162
998583.298204044,203116.273484687,6998,E-232,3,"2,682","10","09DCP056K",C090334ZMK,,"Hazardous Materials* Phase I and Phase II Testing Protocol;Window Wall Attenuation & Alternate Ventilation","3,026,820,010",998583.298,203116.273
998603.348098819,203070.884121382,6999,E-232,3,"2,682","13","09DCP056K",C090334ZMK,,"Hazardous Materials* Phase I and Phase II Testing Protocol;Window Wall Attenuation & Alternate Ventilation","3,026,820,013",998603.348,203070.884
998613.314219188,203048.323308325,7000,E-232,3,"2,682","14","09DCP056K",C090334ZMK,,"Hazardous Materials* Phase I and Phase II Testing Protocol;Window Wall Attenuation & Alternate Ventilation","3,026,820,014",998613.314,203048.323
998724.656475921,202761.849890075,7001,E-232,3,"2,682","29","09DCP056K",C090334ZMK,,"Hazardous Materials* Phase I and Phase II Testing Protocol;Window Wall Attenuation & Alternate Ventilation","3,026,820,029",998724.656,202761.850
998740.898468904,202709.378405634,7002,E-232,3,"2,682","31","09DCP056K",C090334ZMK,,"Hazardous Materials* Phase I and Phase II Testing Protocol;Window Wall Attenuation & Alternate Ventilation","3,026,820,031",998740.898,202709.378
998593.557483619,203093.04884596,7005,E-232,3,"2,682","112","09DCP056K",C090334ZMK,,"Hazardous Materials* Phase I and Phase II Testing Protocol;Window Wall Attenuation & Alternate Ventilation","3,026,820,112",998593.557,203093.049
999018.599190127,202741.084624194,7031,E-232,3,"2,683","28","09DCP056K",C090334ZMK,,"Hazardous Materials* Phase I and Phase II Testing Protocol;Window Wall Attenuation & Alternate Ventilation","3,026,830,028",999018.599,202741.085
998482.470321993,202208.201049738,7038,E-138,3,"2,698","5","04DCP003K","C050111ZMK; C050111AZMK; N050110ZRK; N050110AZRK",,Underground Gasoline Storage Tanks* Testing Protocol.,"3,026,980,005",998482.470,202208.201
998473.043039336,202283.288057307,7039,E-138,3,"2,698","7","04DCP003K","C050111ZMK; C050111AZMK; N050110ZRK; N050110AZRK",,Underground Gasoline Storage Tanks* Testing Protocol.,"3,026,980,007",998473.043,202283.288
998577.70478718,202409.984153855,7040,E-138,3,"2,698","25","04DCP003K","C050111ZMK; C050111AZMK; N050110ZRK; N050110AZRK",,Underground Gasoline Storage Tanks* Testing Protocol.,"3,026,980,025",998577.705,202409.984
998639.780746248,201902.156981038,7043,E-138,3,"2,713","1","04DCP003K","C050111ZMK; C050111AZMK; N050110ZRK; N050110AZRK",,Underground Gasoline Storage Tanks* Testing Protocol.,"3,027,130,001",998639.781,201902.157
998827.660225893,201798.485544731,7044,E-138,3,"2,714","33","04DCP003K","C050111ZMK; C050111AZMK; N050110ZRK; N050110AZRK",,"No operable window and/or air intakes limitations;Underground Gasoline Storage Tanks* Testing Protocol.","3,027,140,033",998827.660,201798.486
999007.936101182,201596.330265893,7046,E-138,3,"2,719","32","04DCP003K","C050111ZMK; C050111AZMK; N050110ZRK; N050110AZRK",,Underground Gasoline Storage Tanks* Testing Protocol.,"3,027,190,032",999007.936,201596.330
999011.543454155,201377.723104124,7066,E-138,3,"2,724","7","04DCP003K","C050111ZMK; C050111AZMK; N050110ZRK; N050110AZRK",,Underground Gasoline Storage Tanks* Testing Protocol.,"3,027,240,007",999011.543,201377.723
1004859.04199847,210182.403602903,7380,E-272,4,"195","29",11DCP080Q,C110207ZMQ,,"Hazardous Materials* Phase I and Phase II Testing Protocol;Window Wall Attenuation & Alternate Ventilation","4,001,950,029",1004859.042,210182.404
1004924.41387371,210470.08729528,7377,E-272,4,"191","44",11DCP080Q,C110207ZMQ,,"Hazardous Materials* Phase I and Phase II Testing Protocol;Window Wall Attenuation & Alternate Ventilation","4,001,910,044",1004924.414,210470.087
1005058.6964196,210449.548142957,7375,E-272,4,"190","5",11DCP080Q,C110207ZMQ,,"Hazardous Materials* Phase I and Phase II Testing Protocol;Window Wall Attenuation & Alternate Ventilation","4,001,900,005",1005058.696,210449.548
1005180.25432868,210433.520728035,7376,E-272,4,"190","44",11DCP080Q,C110207ZMQ,,"Hazardous Materials* Phase I and Phase II Testing Protocol;Window Wall Attenuation & Alternate Ventilation","4,001,900,044",1005180.254,210433.521
1005293.43385723,210116.958992714,7378,E-272,4,"193","25",11DCP080Q,C110207ZMQ,,"Air Quality - #2 Fuel Oil or #4 Fuel Oil or Natural Gas for HVAC systems;Exhaust stack location limitations;Hazardous Materials* Phase I and Phase II Testing Protocol;Window Wall Attenuation & Alternate Ventilation","4,001,930,025",1005293.434,210116.959
1005337.72560773,210411.979882416,7372,E-272,4,"189","5",11DCP080Q,C110207ZMQ,,"Air Quality - #2 Fuel Oil or #4 Fuel Oil or Natural Gas for HVAC systems;Exhaust stack location limitations;Hazardous Materials* Phase I and Phase II Testing Protocol;Window Wall Attenuation & Alternate Ventilation","4,001,890,005",1005337.726,210411.980
1005393.58139566,210101.471318714,7379,E-272,4,"193","30",11DCP080Q,C110207ZMQ,,"Air Quality - #2 Fuel Oil or #4 Fuel Oil or Natural Gas for HVAC systems;Exhaust stack location limitations;Window Wall Attenuation & Alternate Ventilation","4,001,930,030",1005393.581,210101.471
1005438.12945379,210396.937948989,7374,E-272,4,"189","45",11DCP080Q,C110207ZMQ,,"Air Quality - #2 Fuel Oil or #4 Fuel Oil or Natural Gas for HVAC systems;Exhaust stack location limitations;Hazardous Materials* Phase I and Phase II Testing Protocol;Window Wall Attenuation & Alternate Ventilation","4,001,890,045",1005438.129,210396.938
1005595.72735068,210373.105060547,7371,E-272,4,"188","5",11DCP080Q,C110207ZMQ,,"Air Quality - #2 Fuel Oil or #4 Fuel Oil or Natural Gas for HVAC systems;Exhaust stack location limitations","4,001,880,005",1005595.727,210373.105
1005695.11666429,210358.67416108,7624,E-272,4,"188","43",11DCP080Q,C110207ZMQ,,"Air Quality - #2 Fuel Oil or #4 Fuel Oil or Natural Gas for HVAC systems;Exhaust stack location limitations;Hazardous Materials* Phase I and Phase II Testing Protocol","4,001,880,043",1005695.117,210358.674
1005853.21214581,210031.617313522,7368,E-272,4,"169","22",11DCP080Q,C110207ZMQ,,Hazardous Materials* Phase I and Phase II Testing Protocol,"4,001,690,022",1005853.212,210031.617
1005954.80191346,210364.574618685,7364,E-272,4,"163","37",11DCP080Q,C110207ZMQ,,"Air Quality - #2 Fuel Oil or #4 Fuel Oil or Natural Gas for HVAC systems;Exhaust stack location limitations","4,001,630,037",1005954.802,210364.575
1005967.14020378,209341.244272449,7623,E-272,4,"172","1",11DCP080Q,C110207ZMQ,,Window Wall Attenuation & Alternate Ventilation,"4,001,720,001",1005967.140,209341.244
1006069.95311339,209998.404782186,7366,E-272,4,"168","26",11DCP080Q,C110207ZMQ,,"Air Quality - #2 Fuel Oil or #4 Fuel Oil or Natural Gas for HVAC systems;Exhaust stack location limitations;Hazardous Materials* Phase I and Phase II Testing Protocol","4,001,680,026",1006069.953,209998.405
1006166.36473194,209983.579405593,7367,E-272,4,"168","31",11DCP080Q,C110207ZMQ,,"Air Quality - #2 Fuel Oil or #4 Fuel Oil or Natural Gas for HVAC systems;Exhaust stack location limitations","4,001,680,031",1006166.365,209983.579
1006649.56754295,210212.733720387,7362,E-272,4,"160","5",11DCP080Q,C110207ZMQ,,"Air Quality - #2 Fuel Oil or #4 Fuel Oil or Natural Gas for HVAC systems;Exhaust stack location limitations","4,001,600,005",1006649.568,210212.734
1006865.45694886,209853.544506458,7358,E-272,4,"152","5",11DCP080Q,C110207ZMQ,,"Air Quality - #2 Fuel Oil or #4 Fuel Oil or Natural Gas for HVAC systems;Exhaust stack location limitations;Window Wall Attenuation & Alternate Ventilation","4,001,520,005",1006865.457,209853.545
1006866.80512211,210180.480306912,7355,E-272,4,"141","10",11DCP080Q,C110207ZMQ,,"Air Quality - #2 Fuel Oil or #4 Fuel Oil or Natural Gas for HVAC systems;Exhaust stack location limitations","4,001,410,010",1006866.805,210180.480
1007228.27710024,210125.746663906,7354,E-272,4,"140","47",11DCP080Q,C110207ZMQ,,"Air Quality - #2 Fuel Oil or #4 Fuel Oil or Natural Gas for HVAC systems;Exhaust stack location limitations","4,001,400,047",1007228.277,210125.747
1007799.69307854,210366.068101042,7353,E-272,4,"138","25",11DCP080Q,C110207ZMQ,,Window Wall Attenuation & Alternate Ventilation,"4,001,380,025",1007799.693,210366.068
1007914.72147964,210053.173663386,7882,E-163,4,"1,319","1","06DCP065Q",C060294ZMQ,,"Air Quality - HVAC fuel limited to natural gas;Underground Gasoline Storage Tanks* Testing Protocol.;Window Wall Attenuation & Alternate Ventilation","4,013,190,001",1007914.721,210053.174
1008010.0806516,210014.344593597,7883,E-163,4,"1,319","21","06DCP065Q",C060294ZMQ,,"Air Quality - HVAC fuel limited to natural gas;Underground Gasoline Storage Tanks* Testing Protocol.;Window Wall Attenuation & Alternate Ventilation","4,013,190,021",1008010.081,210014.345
1008269.46525088,210217.553710651,7884,E-163,4,"1,320","12","06DCP065Q",C060294ZMQ,,"Air Quality - HVAC fuel limited to natural gas;Underground Gasoline Storage Tanks* Testing Protocol.;Window Wall Attenuation & Alternate Ventilation","4,013,200,012",1008269.465,210217.554
1008329.60865276,209957.804303285,7886,E-163,4,"1,320","51","06DCP065Q",C060294ZMQ,,"Underground Gasoline Storage Tanks* Testing Protocol.;Window Wall Attenuation & Alternate Ventilation","4,013,200,051",1008329.609,209957.804
1008376.34542388,209952.111270227,7887,E-163,4,"1,320","7,501","06DCP065Q",C060294ZMQ,,"Underground Gasoline Storage Tanks* Testing Protocol.;Window Wall Attenuation & Alternate Ventilation","4,013,207,501",1008376.345,209952.111
1008405.86213517,210200.664830692,7885,E-163,4,"1,320","33","06DCP065Q",C060294ZMQ,,"Air Quality - HVAC fuel limited to natural gas;Underground Gasoline Storage Tanks* Testing Protocol.;Window Wall Attenuation & Alternate Ventilation","4,013,200,033",1008405.862,210200.665
1008503.75584485,209940.265585149,7888,E-163,4,"1,321","1","06DCP065Q",C060294ZMQ,,"Air Quality - HVAC fuel limited to natural gas;Underground Gasoline Storage Tanks* Testing Protocol.;Window Wall Attenuation & Alternate Ventilation","4,013,210,001",1008503.756,209940.266
1008991.39553847,209825.785496682,7706,E-163,4,"1,323","52","06DCP065Q",C060294ZMQ,,"Air Quality - HVAC fuel limited to natural gas;Underground Gasoline Storage Tanks* Testing Protocol.;Window Wall Attenuation & Alternate Ventilation","4,013,230,052",1008991.396,209825.785
1009092.79698319,209821.016612314,7705,E-163,4,"1,323","44","06DCP065Q",C060294ZMQ,,"Air Quality - HVAC fuel limited to natural gas;Underground Gasoline Storage Tanks* Testing Protocol.;Window Wall Attenuation & Alternate Ventilation","4,013,230,044",1009092.797,209821.017
1009100.7547883,209872.15498433,7704,E-163,4,"1,323","42","06DCP065Q",C060294ZMQ,,"Air Quality - HVAC fuel limited to natural gas;Underground Gasoline Storage Tanks* Testing Protocol.;Window Wall Attenuation & Alternate Ventilation","4,013,230,042",1009100.755,209872.155
1009470.83533922,209783.878554995,7712,E-163,4,"1,329","4","06DCP065Q",C060294ZMQ,,"Air Quality - HVAC fuel limited to natural gas;Underground Gasoline Storage Tanks* Testing Protocol.;Window Wall Attenuation & Alternate Ventilation","4,013,290,004",1009470.835,209783.879
1009570.95315722,209768.764539234,7711,E-163,4,"1,329","1","06DCP065Q",C060294ZMQ,,"Air Quality - HVAC fuel limited to natural gas;Underground Gasoline Storage Tanks* Testing Protocol.;Window Wall Attenuation & Alternate Ventilation","4,013,290,001",1009570.953,209768.765
1009741.39132157,209744.690578028,7713,E-163,4,"1,330","1","06DCP065Q",C060294ZMQ,,"Air Quality - HVAC fuel limited to natural gas;Underground Gasoline Storage Tanks* Testing Protocol.;Window Wall Attenuation & Alternate Ventilation","4,013,300,001",1009741.391,209744.691
1009741.39132157,209744.690578028,7714,E-70,4,"1,330","1",89-229Q,C890689ZMQ,,"Underground Gasoline Storage Tanks* Testing Protocol.;Window Wall Attenuation & Alternate Ventilation","4,013,300,001",1009741.391,209744.691
1010838.54968414,209566.80138572,7715,E-163,4,"1,338","1","06DCP065Q",C060294ZMQ,,"Underground Gasoline Storage Tanks* Testing Protocol.;Window Wall Attenuation & Alternate Ventilation","4,013,380,001",1010838.550,209566.801
1008520.02349492,210046.152638682,7889,E-497,4,"1,321","10",18DCP020Q,"N180155ZRQ; C180154ZMQ",,"Air Quality - HVAC fuel limited to natural gas;Window Wall Attenuation & Alternate Ventilation","4,013,210,010",1008520.023,210046.153
1008538.29025783,210165.051925908,7890,E-497,4,"1,321","16",18DCP020Q,"N180155ZRQ; C180154ZMQ",,"Air Quality - HVAC fuel limited to natural gas;Window Wall Attenuation & Alternate Ventilation","4,013,210,016",1008538.290,210165.052
1008554.25576074,210268.971883985,7891,E-497,4,"1,321","19",18DCP020Q,"N180155ZRQ; C180154ZMQ",,"Hazardous Materials* Phase I and Phase II Testing Protocol;Window Wall Attenuation & Alternate Ventilation","4,013,210,019",1008554.256,210268.972
1008609.3145624,209960.822076727,7892,E-163,4,"1,321","41","06DCP065Q",C060294ZMQ,,"Air Quality - HVAC fuel limited to natural gas;Underground Gasoline Storage Tanks* Testing Protocol.;Window Wall Attenuation & Alternate Ventilation","4,013,210,041",1008609.315,209960.822
1008603.55045796,209921.103200622,7893,E-163,4,"1,321","42","06DCP065Q",C060294ZMQ,,"Air Quality - HVAC fuel limited to natural gas;Underground Gasoline Storage Tanks* Testing Protocol.;Window Wall Attenuation & Alternate Ventilation","4,013,210,042",1008603.550,209921.103
1008597.88961482,209885.583202713,7894,E-163,4,"1,321","43","06DCP065Q",C060294ZMQ,,"Air Quality - HVAC fuel limited to natural gas;Underground Gasoline Storage Tanks* Testing Protocol.;Window Wall Attenuation & Alternate Ventilation","4,013,210,043",1008597.890,209885.583
1007403.76648581,209796.293967557,7905,E-272,4,"2,281","25",11DCP080Q,C110207ZMQ,,"Hazardous Materials* Phase I and Phase II Testing Protocol;Window Wall Attenuation & Alternate Ventilation","4,022,810,025",1007403.766,209796.294
1011332.03453594,210920.855381096,7881,E-603,4,"1,294","55",19DCP218Q,"C200070ZMQ; N200069ZRQ",,"Exhaust stack location limitations;Hazardous Materials* Phase I and Phase II Testing Protocol;Window Wall Attenuation & Alternate Ventilation","4,012,940,055",1011332.035,210920.855
